STATE,YEAR_ST_CASE,ST_CASE,VE_TOTAL,VE_FORMS,PVH_INVL,PEDS,PERSONS,COUNTY,CITY,DAY,MONTH,YEAR,DAY_WEEK,HOUR,MINUTE,ROUTE,TWAY_ID,TWAY_ID2,LATITUDE,LONGITUD,HARM_EV,MAN_COLL,RELJCT2,TYP_INT,WRK_ZONE,REL_ROAD,LGT_COND,WEATHER,FATALS,DRUNK_DR
48,2016480001,480001,3,3,0,0,8,85,5390,1,1,2016,6,1,13,3,SR-289 PRESTON RD,HEDGCOXE RD,33.08231944,-96.8006,12,6,2,2,0,1,3,1,1,1
48,2016480002,480002,1,1,0,0,2,159,0,1,1,2016,6,6,45,1,I-30,,33.16255833,-95.1619,24,0,19,1,0,3,2,10,2,0
48,2016480003,480003,1,1,0,0,1,201,3280,1,1,2016,6,5,50,1,I-69/US-59 SOUTHWEST FWY,,29.71379444,-95.5029,33,0,5,1,0,10,3,10,1,1
48,2016480004,480004,2,2,0,0,3,205,0,1,1,2016,6,4,8,2,US-385,,35.80552778,-102.351,12,2,1,1,0,1,2,1,1,1
48,2016480005,480005,1,1,0,0,1,361,7200,1,1,2016,6,2,0,8,FM 105 MAIN ST,,30.11707778,-94.0083,59,0,1,1,0,4,3,10,1,0
48,2016480006,480006,1,1,0,1,1,373,4020,1,1,2016,6,21,46,2,US-59,,30.68573889,-94.9494,8,0,18,1,0,1,3,1,1,0
48,2016480007,480007,1,1,0,0,1,487,7180,1,1,2016,6,6,11,2,US-70/287,,34.16070278,-99.2905,31,0,1,1,0,10,3,1,1,0
48,2016480008,480008,1,1,0,0,3,29,6090,2,1,2016,7,18,51,1,I-37,,29.43452222,-98.4781,24,0,1,1,0,4,3,2,1,1
48,2016480009,480009,1,1,0,0,4,91,0,2,1,2016,7,10,16,1,I-35,,29.79818056,-98.0182,25,0,1,1,0,3,1,2,1,0
48,2016480010,480010,1,1,0,0,1,113,1190,2,1,2016,7,15,28,1,I-35,,32.96082222,-96.9152,1,0,1,1,1,1,1,10,1,0
48,2016480011,480011,1,1,0,1,1,113,3420,2,1,2016,7,23,35,3,SR-12,,32.81568333,-96.9218,8,0,1,1,0,1,3,1,1,0
48,2016480012,480012,2,2,0,0,2,135,0,2,1,2016,7,14,0,8,SL 338,FM 554,31.93435,-102.361,12,6,2,2,0,1,1,10,1,0
48,2016480013,480013,1,1,0,1,1,201,3280,2,1,2016,7,21,0,7,I-10,CALLES ST,29.77383333,-95.3176,8,0,3,3,0,1,3,2,1,0
48,2016480014,480014,1,1,0,1,1,29,6090,3,1,2016,1,18,58,6,ZARZAMORA ST,CERALVO ST,29.40682222,-98.5297,8,0,2,2,0,1,3,1,1,0
48,2016480015,480015,1,1,0,0,1,167,6860,3,1,2016,1,18,51,6,VAUTHIER RD,,29.38479444,-94.9929,42,0,1,1,0,4,2,1,1,0
48,2016480016,480016,1,1,0,0,1,183,0,3,1,2016,1,15,4,8,FM 1252,,32.44506111,-94.9463,32,0,1,1,0,4,1,1,1,0
48,2016480017,480017,2,1,1,0,1,201,3280,3,1,2016,1,18,26,6,LIMESTONE,,29.82698889,-95.4934,40,0,1,1,0,4,3,1,1,1
48,2016480018,480018,1,1,0,0,4,201,3280,3,1,2016,1,2,20,6,MILAM ST,,29.738275,-95.3825,21,0,19,1,0,8,3,2,1,0
48,2016480019,480019,1,1,0,0,3,201,6970,3,1,2016,1,12,58,6,BROWN RD,,30.10233056,-95.6445,42,0,1,1,0,4,1,1,1,0
48,2016480020,480020,2,2,0,0,2,299,0,3,1,2016,1,3,0,3,SR-29,,30.7493,-98.5282,12,2,1,1,0,1,2,10,1,0
48,2016480021,480021,1,1,0,0,1,379,0,3,1,2016,1,19,38,8,FM 514,,32.95124444,-95.7008,32,0,1,1,0,4,2,1,1,1
48,2016480022,480022,2,1,1,0,2,491,6780,3,1,2016,1,9,46,2,US-79 FOURTH ST,,30.57883056,-97.362,32,0,1,1,0,4,1,1,1,0
48,2016480023,480023,2,2,0,0,3,21,0,4,1,2016,2,13,10,3,SR-304,,30.01841111,-97.3036,12,8,1,1,0,1,1,1,1,1
48,2016480024,480024,2,2,0,0,2,29,6090,4,1,2016,2,12,37,6,NEW SULPHUR SPRINGS RD,,29.37189722,-98.3934,12,8,1,1,0,1,1,1,1,0
48,2016480025,480025,1,1,0,1,1,113,1730,4,1,2016,2,5,57,1,I-20 LBJ FWY,,32.65680556,-96.742,8,0,1,1,0,1,2,1,1,0
48,2016480026,480026,2,2,0,0,3,201,3280,4,1,2016,2,1,19,6,POST OAK RD,ALLUM RD,29.6408,-95.4637,12,1,2,2,0,1,3,1,1,1
48,2016480027,480027,1,1,0,0,1,325,0,4,1,2016,2,6,10,8,FM 1343,,29.24754444,-98.9478,38,0,1,1,0,5,2,1,1,0
48,2016480028,480028,1,1,0,1,1,441,30,4,1,2016,2,2,11,1,I-20,,32.48058333,-99.7772,8,0,1,1,0,1,3,1,1,0
48,2016480029,480029,2,2,0,0,2,453,0,4,1,2016,2,15,57,6,HOWARD LN,,30.44449167,-97.7102,12,6,8,1,0,1,1,1,2,0
48,2016480030,480030,1,1,0,1,2,453,0,4,1,2016,2,23,54,4,CR-SANDIFER ST,,30.23746667,-97.5892,8,0,1,1,0,1,2,1,1,0
48,2016480031,480031,1,1,0,1,1,65,0,5,1,2016,3,22,30,7,I-40,,35.22044722,-101.561,8,0,1,1,0,1,2,5,1,0
48,2016480032,480032,2,2,0,0,3,215,4197,5,1,2016,3,22,24,3,SR-336 10TH ST,SPRAGUE AVE,26.30120556,-98.2134,12,6,2,2,0,1,3,1,1,0
48,2016480033,480033,1,1,0,1,1,245,5430,5,1,2016,3,22,17,2,US-69/287,,29.93811667,-93.9828,8,0,1,1,0,1,3,1,1,0
48,2016480034,480034,3,3,0,0,8,365,0,5,1,2016,3,17,7,2,US-79,,32.36957222,-94.0603,12,1,8,1,0,1,1,1,1,0
48,2016480035,480035,1,1,0,1,2,113,1730,6,1,2016,4,20,54,8,SL-12 LEDBETTER DR,,32.688825,-96.7836,8,0,1,1,0,1,3,2,1,0
48,2016480036,480036,1,1,0,1,1,113,1730,6,1,2016,4,18,34,6,MARTIN LUTHER KING JR BLVD,,32.76918056,-96.7683,8,0,1,1,0,1,3,2,1,0
48,2016480037,480037,2,2,0,0,2,121,1190,6,1,2016,4,18,5,8,FM2281 OLD DENTON RD,INDIAN RUN DR,33.03015833,-96.9183,12,6,2,3,0,1,5,2,1,0
48,2016480038,480038,1,1,0,0,1,223,0,6,1,2016,4,7,30,4,CR-3564,,33.2408,-95.4903,38,0,1,1,0,4,2,1,1,1
48,2016480040,480040,1,1,0,0,1,385,0,6,1,2016,4,9,30,2,US-83,,29.65690833,-99.7548,32,0,1,1,0,4,1,2,1,0
48,2016480041,480041,2,1,1,0,1,495,0,6,1,2016,4,20,1,4,CR-TODD AVE ALLEY,,31.83901111,-103.088,14,0,1,1,0,5,2,10,1,0
48,2016480042,480042,1,1,0,1,1,29,6090,7,1,2016,5,22,33,6,COMMERCE ST,,29.42488611,-98.4929,8,0,1,1,0,1,3,1,1,0
48,2016480043,480043,2,2,0,0,2,29,6090,7,1,2016,5,21,19,6,DALHGREEN AVE,,29.40372222,-98.567,12,11,8,1,0,1,3,1,1,1
48,2016480044,480044,1,1,0,0,2,37,0,7,1,2016,5,19,35,2,US-82,,33.50401111,-94.5801,1,0,1,1,1,4,3,5,1,0
48,2016480045,480045,2,2,0,0,2,89,0,7,1,2016,5,6,55,2,US-90A,CR-RAMSEY RD,29.58703056,-96.4072,12,6,2,3,0,1,4,2,1,0
48,2016480046,480046,1,1,0,1,1,201,3280,7,1,2016,5,13,0,6,BELLAIRE BLVD,,29.70498056,-95.5318,8,0,8,1,0,4,1,10,1,0
48,2016480047,480047,3,3,0,0,4,209,3760,7,1,2016,5,19,50,7,I-35,,30.00428889,-97.8663,12,6,1,1,0,1,3,1,1,0
48,2016480048,480048,2,2,0,0,2,371,0,7,1,2016,5,22,10,8,FM 1776,FM 1450,31.27975,-103.06,12,6,2,3,0,1,2,1,1,1
48,2016480049,480049,1,1,0,0,2,373,0,7,1,2016,5,0,2,8,FM 2457,,30.73911111,-95.0225,53,0,1,1,0,4,2,2,1,0
48,2016480050,480050,1,1,0,0,3,439,2450,7,1,2016,5,20,44,1,I-35W/SOUTH FWY,,32.58895,-97.3196,1,0,1,1,0,10,2,1,1,0
48,2016480051,480051,1,1,0,0,1,439,260,7,1,2016,5,2,50,6,COLLINS ST,MAYFIELD RD,32.69203611,-97.0979,46,0,3,2,0,4,3,2,1,0
48,2016480052,480052,2,2,0,0,2,25,0,8,1,2016,6,20,48,3,SR-202,,28.3905,-97.4133,12,6,1,1,0,1,2,5,1,1
48,2016480053,480053,2,2,0,0,2,27,6810,8,1,2016,6,15,37,8,FM 93,FM 1741/31ST ST,31.03728889,-97.3925,12,6,2,3,0,1,1,1,1,0
48,2016480054,480054,1,1,0,0,1,85,1730,8,1,2016,6,22,35,6,DALLAS NORTH TOLLWAY,,32.99063333,-96.8293,25,0,1,1,0,4,3,1,1,1
48,2016480055,480055,2,2,0,0,2,145,0,8,1,2016,6,17,7,3,SR-7,,31.3196,-96.7972,12,2,1,1,0,4,1,1,1,0
48,2016480056,480056,2,2,0,0,3,157,0,8,1,2016,6,18,18,3,SR-36,SP 10/GERKEN RD,29.47403889,-95.814,12,6,2,2,0,1,3,2,1,2
48,2016480057,480057,1,1,0,1,1,201,3280,8,1,2016,6,0,30,6,WESTHEIMER RD,TAFT ST,29.74454722,-95.386,8,0,3,2,0,1,3,10,1,0
48,2016480058,480058,2,2,0,0,2,29,6090,9,1,2016,7,3,55,1,I-35,,29.44012222,-98.4417,12,2,1,1,0,1,3,1,1,1
48,2016480059,480059,2,2,0,0,4,29,6090,9,1,2016,7,16,52,7,I-410/LOOP 410,FM 1348/HOUSTON ST,29.42318056,-98.3884,12,8,2,2,0,1,1,1,1,0
48,2016480060,480060,2,2,0,0,4,85,0,9,1,2016,7,19,39,8,FM 3364,,33.1324,-96.487,12,6,1,1,0,1,2,1,2,1
48,2016480061,480061,1,1,0,1,1,141,2190,9,1,2016,7,17,59,6,MONTANA AVE,,31.77696389,-106.471,8,0,1,1,0,1,2,1,1,0
48,2016480062,480062,1,1,0,0,1,201,0,9,1,2016,7,13,7,7,I-10,,29.77121111,-95.1683,19,0,1,1,0,5,1,1,1,0
48,2016480063,480063,2,2,0,0,2,201,480,9,1,2016,7,19,20,3,SR-146E BUSINESS,ALEXANDER DR,29.72549167,-94.96,12,6,2,2,0,1,2,1,1,0
48,2016480064,480064,2,2,0,0,4,215,7330,9,1,2016,7,7,31,6,WESTGATE DR,MILE 10 RD,26.19871111,-98.0075,12,6,2,2,0,1,1,1,1,1
48,2016480065,480065,1,1,0,0,2,491,0,9,1,2016,7,2,20,8,FM 971,,30.68458056,-97.5034,53,0,1,1,0,4,2,1,1,1
48,2016480066,480066,1,1,0,0,1,113,1730,10,1,2016,1,0,1,1,I-30 RAMP,1ST AVE,32.78210833,-96.7701,33,0,5,1,0,4,3,10,1,1
48,2016480067,480067,1,1,0,0,1,201,480,10,1,2016,1,18,47,7,SS-330/DECKER DR,,29.75570833,-94.994,33,0,1,1,0,4,2,1,1,0
48,2016480068,480068,1,1,0,0,3,439,2450,10,1,2016,1,17,24,1,I-820/LOOP 820,,32.72045,-97.2251,24,0,1,1,0,3,1,1,1,0
48,2016480069,480069,1,1,0,0,2,29,6090,11,1,2016,2,12,20,6,UPLAND DR,,29.41925,-98.4141,42,0,1,1,0,4,1,1,1,0
48,2016480070,480070,1,1,0,1,1,113,1539,11,1,2016,2,17,5,6,FREEPORT PKWY,BETHAL RD,32.95478056,-97.011,9,0,3,2,0,1,1,1,1,0
48,2016480071,480071,1,1,0,1,3,113,2590,11,1,2016,2,18,36,6,SATURN RD,,32.88659167,-96.6482,8,0,1,1,0,1,3,1,1,0
48,2016480073,480073,1,1,0,1,1,201,3280,11,1,2016,2,12,25,1,I-45 NORTH FWY,,29.92551944,-95.412,8,0,1,1,0,1,1,1,1,0
48,2016480074,480074,2,2,0,0,3,5,0,12,1,2016,3,7,59,2,US-69,,31.30448889,-94.6706,12,2,1,1,0,1,1,1,2,0
48,2016480075,480075,1,1,0,1,1,27,3690,12,1,2016,3,14,9,2,US-190F BUSINESS VETERANS MEM,,31.10715833,-97.7111,9,0,8,1,0,1,1,10,1,0
48,2016480076,480076,3,3,0,0,3,29,0,12,1,2016,3,5,54,2,US-281,TRINITY PARK,29.69888611,-98.4513,12,6,2,3,0,1,2,1,1,0
48,2016480077,480077,1,1,0,1,1,113,2800,12,1,2016,3,23,31,7,SR-161,,32.71426389,-97.024,8,0,18,1,0,1,2,1,1,0
48,2016480078,480078,1,1,0,1,2,201,0,12,1,2016,3,20,16,4,CR-GARTH RD,,29.83993056,-94.9881,8,0,1,1,0,1,2,1,1,0
48,2016480079,480079,1,1,0,1,2,245,490,12,1,2016,3,20,26,1,I-10,,30.05869444,-94.1362,8,0,1,1,0,1,3,1,1,0
48,2016480080,480080,1,1,0,0,2,355,5420,13,1,2016,4,17,58,3,SR-361,,27.77894167,-97.1052,1,0,1,1,0,4,1,1,1,1
48,2016480081,480081,1,1,0,1,1,407,0,13,1,2016,4,17,54,3,SR-156,,30.60395833,-95.1503,8,0,1,1,0,1,5,1,1,0
48,2016480082,480082,3,3,0,0,3,1,0,14,1,2016,5,15,0,3,SR-19,,31.91690556,-95.7369,12,1,1,1,1,1,1,1,1,1
48,2016480083,480083,1,1,0,0,2,367,0,14,1,2016,5,0,45,8,FM920,,32.80149444,-97.8364,1,0,1,1,0,4,2,1,1,1
48,2016480084,480084,1,1,0,1,1,453,330,14,1,2016,5,14,46,6,RIVERSIDE DR,CROSSING PLACE,30.23164444,-97.7173,8,0,3,3,0,1,1,1,1,0
48,2016480085,480085,2,2,0,0,4,225,0,15,1,2016,6,8,0,8,FM1280,,31.14618611,-95.5134,12,1,8,1,0,1,1,1,1,0
48,2016480086,480086,2,2,0,1,2,201,3280,15,1,2016,6,6,30,1,I-610RAMP,,29.67906944,-95.4426,8,0,20,1,0,1,1,1,1,0
48,2016480087,480087,1,1,0,0,1,347,0,15,1,2016,6,11,55,2,US-59,,31.52098056,-94.6963,30,0,1,1,0,4,1,1,1,0
48,2016480088,480088,1,1,0,1,1,201,6556,16,1,2016,7,0,45,1,I-10 KATY FWY,,29.78466389,-95.5106,8,0,1,1,0,1,3,1,1,0
48,2016480089,480089,2,2,0,0,3,141,2190,17,1,2016,1,22,24,3,SR-20 MESA DR,,31.83315,-106.537,12,6,8,1,0,1,3,1,1,0
48,2016480090,480090,1,1,0,0,1,183,0,17,1,2016,1,23,50,1,I-20,,32.43242778,-94.7641,1,0,1,1,0,4,2,1,1,1
48,2016480091,480091,1,1,0,0,1,201,0,17,1,2016,1,20,3,3,SR-249 MOUNT HOUSTON RD,,29.89784444,-95.4377,73,0,1,1,0,1,2,1,1,1
48,2016480092,480092,2,2,0,0,7,201,5230,17,1,2016,1,18,18,6,FAIRMONT PKWY,,29.65078611,-95.1818,12,6,7,1,0,1,3,1,1,0
48,2016480093,480093,1,1,0,0,1,201,0,18,1,2016,2,15,5,8,SL-8 BELTWAY NORTH,,29.87950556,-95.5487,25,0,1,1,0,3,1,1,1,0
48,2016480094,480094,1,1,0,1,1,29,0,21,1,2016,5,3,46,1,I-10,,29.72818333,-98.6755,8,0,1,1,0,1,2,5,1,0
48,2016480095,480095,1,1,0,1,1,29,6090,1,1,2016,6,4,10,1,I-10,,29.43317222,-98.5016,8,0,18,1,0,1,3,2,1,0
48,2016480096,480096,2,2,0,0,3,453,0,1,1,2016,6,18,27,3,SR-71,,30.34665,-98.0509,12,2,1,1,0,1,2,1,2,0
48,2016480097,480097,1,1,0,0,1,201,3280,2,1,2016,7,11,58,6,CR-9981 LAKE HOUSTON W PKWY,,29.895525,-95.1763,33,0,1,1,0,3,1,1,1,0
48,2016480098,480098,2,2,0,0,3,291,0,2,1,2016,7,11,42,2,US-59,,30.28556111,-95.1262,12,1,8,1,0,1,1,1,1,0
48,2016480099,480099,1,1,0,0,1,361,0,3,1,2016,1,3,30,4,CR-HARVEY ST,,30.03088333,-93.8114,32,0,1,1,0,4,2,1,1,1
48,2016480100,480100,2,1,1,0,4,201,0,4,1,2016,2,19,0,4,CR-WINDMILL VILLAGE DR,,29.71709722,-95.6421,14,0,1,1,0,7,3,1,1,0
48,2016480101,480101,1,1,0,0,1,29,6090,5,1,2016,3,2,56,1,I-10,,29.6045,-98.6015,20,0,19,1,0,8,3,1,1,0
48,2016480102,480102,1,1,0,1,1,491,330,6,1,2016,4,23,13,6,LAKECREEK PKWY,,30.47539444,-97.794,8,0,1,1,0,1,2,2,1,0
48,2016480103,480103,2,2,0,0,2,139,4570,8,1,2016,6,13,20,2,US-287,,32.4464,-96.9258,12,2,1,1,0,1,1,1,2,0
48,2016480104,480104,2,2,0,0,4,389,0,8,1,2016,6,7,10,2,US-285,,31.18409444,-103.304,12,8,1,1,0,1,2,1,2,0
48,2016480105,480105,1,1,0,0,6,197,0,9,1,2016,7,12,36,2,US-287,CR-NIPPERT RD,34.36295,-99.9872,1,0,1,1,0,1,1,10,2,0
48,2016480106,480106,2,2,0,0,2,289,0,9,1,2016,7,14,48,2,US-79,,31.5743,-95.8816,12,2,1,1,0,1,1,10,1,0
48,2016480107,480107,3,3,0,0,3,339,0,9,1,2016,7,5,7,8,FM1485,CR-ROADWAY LN,30.1485,-95.1631,12,6,2,3,0,1,2,10,1,0
48,2016480108,480108,1,1,0,0,5,37,0,10,1,2016,1,3,45,2,US-259,CR-4255,33.4664,-94.6388,58,0,3,3,0,4,2,1,1,1
48,2016480109,480109,1,1,0,0,1,201,3280,10,1,2016,1,3,19,6,SHADOWDALE DR,,29.79230556,-95.5534,59,0,1,1,0,4,3,1,1,1
48,2016480110,480110,1,1,0,0,1,339,0,10,1,2016,1,2,28,8,FM1097,,30.4372,-95.5891,24,0,1,1,0,4,2,1,1,1
48,2016480111,480111,1,1,0,1,1,475,0,10,1,2016,1,2,56,1,I-20,,31.51627222,-103.178,8,0,1,1,0,1,2,1,1,0
48,2016480112,480112,2,2,0,0,8,29,1512,11,1,2016,2,7,5,8,FM1976,GIBBS SPRAWL RD,29.51493333,-98.3225,12,6,2,3,0,1,4,1,1,0
48,2016480113,480113,2,2,0,0,2,301,0,12,1,2016,3,6,1,3,SR-302,,31.75271111,-103.495,12,6,1,1,0,1,2,1,1,0
48,2016480114,480114,1,1,0,0,1,411,0,12,1,2016,3,21,53,8,FM501,,30.98189444,-98.7134,38,0,1,1,0,5,2,1,1,1
48,2016480115,480115,3,3,0,0,3,203,0,13,1,2016,4,8,50,1,I-20,,32.4583,-94.6783,12,8,1,1,0,1,1,1,1,0
48,2016480116,480116,1,1,0,0,3,113,2590,14,1,2016,5,2,18,6,BROADWAY BLVD,,32.86352222,-96.6038,17,0,1,1,0,4,3,1,3,1
48,2016480117,480117,2,2,0,0,4,373,0,14,1,2016,5,17,30,2,US-190,,30.70935,-94.8947,12,6,8,1,0,1,5,1,1,0
48,2016480118,480118,1,1,0,2,1,29,6090,15,1,2016,6,7,8,6,ENRIQUE M BARRERA PKWY,,29.41281111,-98.6055,9,0,1,1,0,1,2,5,1,0
48,2016480119,480119,2,1,1,0,5,201,3280,15,1,2016,6,19,58,1,I-45 NORTH FWY,,29.82591389,-95.3802,14,0,1,1,0,2,3,1,2,1
48,2016480120,480120,2,2,0,0,2,61,3030,16,1,2016,7,6,25,8,BU77X SUNSHINE STRIP HWY,SL499,26.22643056,-97.7197,12,1,3,2,0,1,3,10,1,0
48,2016480121,480121,2,2,0,0,7,85,5390,16,1,2016,7,18,48,3,SR-190/PRESIDENT GEORGE BUSH,,33.0038,-96.7052,1,0,1,1,0,1,3,1,3,0
48,2016480122,480122,3,3,0,0,5,201,5230,16,1,2016,7,10,48,6,GENOA RED BLUFF RD,RED BLUFF RD,29.63493611,-95.1083,12,6,2,2,0,1,1,1,1,0
48,2016480123,480123,1,1,0,0,3,313,0,16,1,2016,7,10,12,2,US-190,,30.91579722,-95.9763,42,0,1,1,0,4,1,10,1,0
48,2016480124,480124,1,1,0,0,5,99,0,16,1,2016,7,2,20,4,CR-274,,31.47065,-97.6582,35,0,1,1,0,4,2,1,1,1
48,2016480125,480125,1,1,0,1,1,121,1840,17,1,2016,1,19,31,8,SL-288/LOOP 288,FM 426/MCKINNEY ST,33.21288889,-97.0908,8,0,3,2,0,1,3,10,1,1
48,2016480126,480126,1,1,0,0,1,201,0,17,1,2016,1,3,8,4,CR-CLAY DR,CR-MASON RD,29.83166111,-95.7543,42,0,3,3,0,4,3,1,1,1
48,2016480127,480127,2,2,0,1,2,257,0,17,1,2016,1,16,3,2,US-80,,32.73758889,-96.3277,12,11,1,1,0,1,1,1,1,0
48,2016480128,480128,1,1,0,0,2,455,0,17,1,2016,1,12,0,4,CR-HUCKLEBERRY  DR,,30.93948056,-95.2729,1,0,8,1,0,1,1,1,1,0
48,2016480129,480129,2,2,0,0,3,329,4560,18,1,2016,2,7,9,7,I-20 RAMP,,31.96791944,-102.095,12,6,3,4,0,1,2,5,1,0
48,2016480130,480130,2,2,0,0,2,341,0,18,1,2016,2,17,50,8,FM 119,,35.96645,-101.832,12,2,1,1,0,1,1,1,1,0
48,2016480131,480131,1,1,0,0,1,75,0,19,1,2016,3,15,27,2,US-62,,34.34734722,-100.282,1,0,1,1,0,4,1,1,1,0
48,2016480132,480132,1,1,0,1,1,85,0,19,1,2016,3,19,30,2,US-380,,33.19856389,-96.5769,8,0,1,1,0,1,2,1,1,0
48,2016480133,480133,2,2,0,0,2,121,6881,19,1,2016,3,5,21,8,FM 423 MAIN ST,,33.11516944,-96.8921,12,2,1,1,1,1,2,1,1,1
48,2016480134,480134,2,2,0,0,2,247,0,19,1,2016,3,11,0,8,FM 1017,,26.920025,-98.5957,12,2,1,1,0,1,1,1,2,0
48,2016480135,480135,2,2,0,0,2,303,4140,19,1,2016,3,17,5,6,34TH ST,IRONTON AVE,33.56326389,-101.95,12,6,2,3,0,1,3,1,1,0
48,2016480136,480136,2,2,0,0,2,329,4560,19,1,2016,3,16,46,6,LAMESA RD,GARDEN LN,32.00827222,-102.068,12,6,2,2,0,1,1,1,1,0
48,2016480137,480137,2,2,0,0,2,113,1730,20,1,2016,4,10,15,1,I-35 STEMMONS FWY,,32.78274722,-96.8125,12,1,1,1,0,1,1,10,1,1
48,2016480138,480138,3,3,0,0,3,113,3420,21,1,2016,5,6,7,3,SR-114 JOHN CARPENTER FWY,,32.85971389,-96.9353,12,7,18,1,1,1,3,1,1,0
48,2016480139,480139,2,2,0,0,4,149,0,20,1,2016,4,13,30,3,SR-71,SL-220,29.92809167,-96.9642,12,6,2,3,0,1,1,1,2,0
48,2016480140,480140,1,1,0,0,1,25,0,21,1,2016,5,23,5,4,CR-WOFFORD LN,,28.43083889,-97.7368,38,0,1,1,0,5,2,10,1,1
48,2016480141,480141,6,1,5,0,1,113,5730,21,1,2016,5,18,6,7,US-75 CENTRAL EXPY,,32.95398611,-96.732,59,0,19,1,0,10,3,10,1,0
48,2016480142,480142,2,2,0,0,2,131,0,21,1,2016,5,15,40,2,US-59,,27.96660833,-98.5152,12,1,1,1,1,1,1,1,1,0
48,2016480143,480143,1,1,0,0,2,141,0,21,1,2016,5,19,44,4,CR-319 ASCENCION,,31.61906389,-106.147,1,0,1,1,0,4,2,1,1,1
48,2016480144,480144,2,1,1,0,2,339,1510,21,1,2016,5,23,24,1,I-45,,30.39567778,-95.4861,14,0,1,1,0,2,2,1,1,0
48,2016480145,480145,1,1,0,1,1,451,6080,21,1,2016,5,6,38,2,US-67,,31.50063611,-100.371,8,0,1,1,0,1,2,1,1,0
48,2016480146,480146,1,1,0,0,3,215,4650,22,1,2016,6,2,23,6,CIMARRON DR,,26.19356944,-98.2934,35,0,1,1,0,4,3,1,1,1
48,2016480147,480147,1,1,0,0,1,255,0,22,1,2016,6,2,9,8,FM 81,,28.92031944,-97.7723,24,0,1,1,0,4,2,1,1,1
48,2016480148,480148,1,1,0,0,1,215,5330,22,1,2016,6,21,37,3,SR-495 FERGUSON AVE,,26.21371111,-98.1966,33,0,1,1,0,4,2,1,1,0
48,2016480149,480149,1,1,0,0,1,453,330,22,1,2016,6,23,29,6,WILLIAM CANNON DR,,30.16932778,-97.7387,31,0,1,1,0,4,3,1,1,1
48,2016480150,480150,1,1,0,0,1,141,2190,23,1,2016,7,0,8,1,I-10,,31.76760278,-106.509,52,0,19,1,0,10,3,1,1,1
48,2016480151,480151,2,1,1,0,1,309,7210,23,1,2016,7,5,58,6,SANGER RD,,31.52852222,-97.1796,30,0,1,1,0,4,3,1,1,1
48,2016480152,480152,1,1,0,0,1,337,0,23,1,2016,7,5,40,2,US-82,,33.72241111,-97.5628,42,0,1,1,0,4,2,1,1,0
48,2016480153,480153,1,1,0,0,1,163,0,24,1,2016,1,20,45,8,FM 117,,28.71131944,-99.2093,1,0,1,1,0,4,2,1,1,1
48,2016480154,480154,1,1,0,1,1,201,0,24,1,2016,1,14,50,4,CR-T C JESTERBLVD,,29.99758056,-95.4808,8,0,1,1,0,1,1,1,1,0
48,2016480155,480155,3,1,2,2,1,245,490,24,1,2016,1,22,3,1,I-10,,30.08456944,-94.136,14,0,1,1,0,2,3,1,1,1
48,2016480156,480156,1,1,0,1,1,439,2450,25,1,2016,2,11,0,6,GILA BEND LN,BEACH ST,32.88858889,-97.2895,8,0,3,3,0,1,1,1,1,0
48,2016480157,480157,2,2,0,0,2,29,0,26,1,2016,3,22,24,1,I-35,,29.26468056,-98.7012,12,2,1,1,0,1,2,1,1,0
48,2016480159,480159,2,2,0,1,2,201,0,26,1,2016,3,19,9,8,FM 525 ALDINE BENDER RD,,29.93334722,-95.3744,8,0,1,1,0,1,2,2,1,0
48,2016480160,480160,1,1,0,1,1,167,1920,5,1,2016,3,22,33,1,I-45/GULF FWY,,29.45217222,-95.0793,8,0,1,1,0,1,2,1,1,0
48,2016480161,480161,1,1,0,1,1,167,2570,7,1,2016,5,17,10,8,FM 3005 SEAWALL BLVD,69TH ST,29.26246111,-94.8338,8,0,2,3,0,1,1,1,1,0
48,2016480162,480162,1,1,0,0,1,37,0,10,1,2016,1,3,38,1,I-30,,33.46661389,-94.218,52,0,19,1,0,8,2,10,1,0
48,2016480163,480163,2,2,0,0,2,121,4960,12,1,2016,3,15,14,1,I-35 W,SR-114,33.02651389,-97.2727,12,6,2,2,0,1,1,1,1,0
48,2016480164,480164,2,2,0,0,3,371,2440,12,1,2016,3,17,14,1,I-10G BUSINESS DICKINSON BLVD,SYCAMORE DR,30.89405556,-102.909,12,6,2,2,0,1,1,1,1,0
48,2016480165,480165,1,1,0,1,1,409,5450,12,1,2016,3,13,49,2,US-181,,27.91503889,-97.2877,8,0,1,1,2,3,1,1,1,0
48,2016480166,480166,2,2,0,0,2,39,130,13,1,2016,4,16,48,8,FM 1462,,29.39325278,-95.2763,12,1,1,1,1,1,1,1,1,0
48,2016480167,480167,2,2,0,0,2,227,0,13,1,2016,4,17,52,2,US-87,CR-34,32.35555278,-101.519,12,6,2,2,0,1,1,1,1,0