STATE,YEAR_ST_CASE,ST_CASE,VE_TOTAL,VE_FORMS,PVH_INVL,PEDS,PERSONS,COUNTY,CITY,DAY,MONTH,YEAR,DAY_WEEK,HOUR,MINUTE,ROUTE,TWAY_ID,TWAY_ID2,LATITUDE,LONGITUD,HARM_EV,MAN_COLL,RELJCT2,TYP_INT,WRK_ZONE,REL_ROAD,LGT_COND,WEATHER,FATALS,DRUNK_DR
48,2016480168,480168,1,1,0,0,1,471,0,13,1,2016,4,4,15,3,SR-75,,30.81603889,-95.7233,42,0,1,1,0,4,2,1,1,0
48,2016480169,480169,1,1,0,0,1,201,3280,14,1,2016,5,12,15,6,WESTPARK DR,,29.72270556,-95.5497,33,0,1,1,0,3,1,10,1,0
48,2016480170,480170,1,1,0,0,1,393,0,14,1,2016,5,9,11,8,RM 282,,35.68947222,-100.686,38,0,1,1,0,5,9,1,1,0
48,2016480171,480171,1,1,0,1,1,291,0,15,1,2016,6,8,33,4,CR-2176,,30.41615556,-94.9331,9,0,1,1,0,1,1,1,1,0
48,2016480172,480172,1,1,0,1,1,29,6090,19,1,2016,3,8,45,6,NORTHWESTERN,,29.46493333,-98.626,8,0,1,1,0,1,1,10,1,0
48,2016480174,480174,1,1,0,1,1,61,0,21,1,2016,5,0,0,8,FM 2520,,26.07472222,-97.6831,8,0,1,1,0,2,2,1,1,0
48,2016480175,480175,1,1,0,0,3,201,3280,21,1,2016,5,23,0,1,I-10 EAST FWY,,29.77141944,-95.1991,25,0,1,1,0,10,3,1,2,1
48,2016480176,480176,1,1,0,0,1,37,0,22,1,2016,6,23,15,8,FM 44,,33.45134722,-94.6246,42,0,1,1,0,4,2,1,1,1
48,2016480177,480177,1,1,0,0,1,73,3470,22,1,2016,6,20,20,6,PINEDA ST,,31.94935,-95.2906,42,0,1,1,0,4,2,1,1,0
48,2016480178,480178,1,1,0,0,2,113,3420,22,1,2016,6,4,10,1,I-635,MACARTHUR BLVD,32.91558889,-96.9585,21,0,19,1,0,3,2,1,1,1
48,2016480179,480179,1,1,0,0,1,255,0,22,1,2016,6,18,10,8,FM 627,,28.963675,-97.7368,59,0,1,1,0,4,1,1,1,0
48,2016480180,480180,1,1,0,1,6,113,1730,23,1,2016,7,21,10,1,I-635,COIT RD,32.92486667,-96.7693,8,0,3,2,0,1,3,1,1,0
48,2016480181,480181,1,1,0,0,4,113,2800,23,1,2016,7,3,10,6,FORUM DR,,32.68406111,-97.034,33,0,1,1,0,4,3,1,1,1
48,2016480182,480182,2,2,0,0,8,201,3280,23,1,2016,7,18,19,7,I-69/US-59 SOUTHWEST FWY,WESTPARK DR,29.72368333,-95.4908,12,6,2,2,0,1,1,1,1,0
48,2016480183,480183,1,1,0,1,1,201,3280,23,1,2016,7,22,7,6,BELLAIRE BLVD,RANCHESTER DR,29.70483333,-95.5454,8,0,2,3,0,1,3,1,1,0
48,2016480184,480184,1,1,0,0,1,251,0,23,1,2016,7,3,38,8,PR-21,,32.26258333,-97.5436,1,0,1,1,0,4,2,1,1,1
48,2016480185,480185,1,1,0,0,3,201,4821,24,1,2016,1,2,28,8,NASA PKWY,,29.55563889,-95.0771,59,0,1,1,0,3,3,1,1,1
48,2016480186,480186,2,2,0,0,4,251,1030,24,1,2016,1,10,4,1,I-35 W,,32.54564722,-97.3156,12,1,1,1,0,1,1,1,1,0
48,2016480187,480187,1,1,0,1,1,7,5890,25,1,2016,2,19,26,3,SR-35/BS 35 L,,28.04965556,-97.0713,8,0,1,1,0,2,2,1,1,0
48,2016480188,480188,2,2,0,0,3,135,0,25,1,2016,2,20,17,4,CR-3RD ST,DAMASCUS,31.807875,-102.513,12,6,2,2,0,1,2,1,1,0
48,2016480189,480189,1,1,0,0,1,9,0,25,1,2016,2,10,40,8,FM 1836,,32.53936667,-96.1926,59,0,1,1,0,4,1,1,1,1
48,2016480190,480190,2,2,0,0,3,123,0,26,1,2016,3,6,47,3,SR-72,,29.02529722,-97.4386,12,2,1,1,0,1,1,10,1,0
48,2016480191,480191,2,2,0,1,2,201,480,26,1,2016,3,3,29,3,SR-146E BUSINESS,,29.72173889,-94.9618,8,0,1,1,0,1,2,10,1,0
48,2016480192,480192,3,3,0,0,7,231,0,26,1,2016,3,16,38,3,SR-34,,32.94000278,-96.1113,12,8,1,1,0,1,1,10,1,0
48,2016480193,480193,1,1,0,1,1,29,6090,27,1,2016,4,3,13,7,SL1604,,29.58363889,-98.6396,8,0,1,1,0,1,2,1,1,0
48,2016480195,480195,2,2,0,0,2,133,0,27,1,2016,4,15,27,8,FM2214,,32.27615833,-98.5786,12,2,1,1,1,1,1,1,1,0
48,2016480196,480196,1,1,0,1,1,199,0,27,1,2016,4,4,50,8,FM418,,30.39724722,-94.2422,8,0,1,1,0,1,2,1,1,0
48,2016480197,480197,1,1,0,1,1,29,6090,28,1,2016,5,23,59,8,SL368 AUSTIN HWY,,29.49078056,-98.4401,8,0,1,1,0,1,2,1,1,0
48,2016480198,480198,1,1,0,1,1,135,0,28,1,2016,5,21,10,8,FM3472,,31.84641111,-102.412,8,0,1,1,0,1,3,1,1,0
48,2016480199,480199,2,2,0,0,2,199,0,28,1,2016,5,6,0,8,FM1003,FM1293,30.39374722,-94.432,12,6,2,3,0,1,2,1,1,0
48,2016480200,480200,2,2,0,0,2,5,0,29,1,2016,6,6,10,2,US-69,,31.12750278,-94.4287,12,2,1,1,0,1,2,1,2,0
48,2016480201,480201,1,1,0,0,1,113,1730,29,1,2016,6,23,4,1,I-30 RAMP/RL THORNTON FWY,,32.77831667,-96.7819,21,0,19,1,0,4,3,1,1,0
48,2016480202,480202,1,1,0,0,8,127,0,29,1,2016,6,19,35,8,FM 1407,,28.59796944,-99.8553,1,0,1,1,0,4,2,1,1,0
48,2016480203,480203,1,1,0,0,1,157,4655,29,1,2016,6,17,57,3,SR-6,,29.54846389,-95.5501,42,0,1,1,0,4,1,1,1,0
48,2016480204,480204,1,1,0,1,1,201,3280,29,1,2016,6,3,50,7,I-45,,29.84946389,-95.3952,8,0,1,1,0,1,3,1,1,0
48,2016480205,480205,1,1,0,1,1,201,3280,29,1,2016,6,6,40,6,DAIRY ASHFORD RD,,29.73444722,-95.6057,8,0,1,1,0,1,3,1,1,0
48,2016480206,480206,1,1,0,1,2,439,2450,29,1,2016,6,21,29,8,SS-580/CAMP BOWIE BLVD,,32.72449167,-97.4719,1,0,1,1,0,4,3,1,1,0
48,2016480207,480207,2,2,0,0,3,439,2800,29,1,2016,6,8,53,1,I-20,,32.67650833,-97.0483,12,6,18,1,0,1,1,1,1,0
48,2016480208,480208,1,1,0,1,2,441,30,29,1,2016,6,15,18,6,GRAPE ST,16TH ST,32.46799167,-99.7398,9,0,2,2,0,1,1,1,1,0
48,2016480209,480209,1,1,0,0,1,499,0,29,1,2016,6,12,15,8,FM 14,,32.64803889,-95.2211,42,0,1,1,0,5,1,1,1,0
48,2016480210,480210,1,1,0,0,3,51,0,30,1,2016,7,21,50,8,FM 1362,,30.63723056,-96.6324,11,0,1,1,0,1,2,1,1,0
48,2016480211,480211,1,1,0,0,1,85,4155,30,1,2016,7,12,40,4,CR-263 LUCAS RD,,33.0855,-96.6119,5,0,1,1,0,2,1,1,1,0
48,2016480213,480213,1,1,0,1,2,113,2590,30,1,2016,7,20,3,6,KINGSLEY RD,,32.87883889,-96.6654,8,0,1,1,0,1,3,1,1,0
48,2016480214,480214,2,2,0,0,2,113,2800,30,1,2016,7,0,45,1,I-30 TOM LANDRY FWY,,32.75963056,-97.0118,12,1,1,1,0,1,2,1,1,0
48,2016480215,480215,2,2,0,0,2,143,0,30,1,2016,7,10,20,2,US-67,CR-195,32.16288056,-98.2841,12,6,2,2,0,1,1,1,1,0
48,2016480216,480216,1,1,0,1,1,201,0,30,1,2016,7,23,25,4,CR-THOMPSON RD,,29.78860278,-95.0319,8,0,1,1,0,1,2,1,1,0
48,2016480217,480217,1,1,0,1,1,201,3280,30,1,2016,7,4,18,8,FM1960,,30.01761944,-95.1174,9,0,1,1,0,1,2,1,1,0
48,2016480218,480218,1,1,0,0,1,201,3280,30,1,2016,7,2,47,1,I-45 NORTH FWY RAMP,,29.93986111,-95.415,26,0,5,1,0,4,3,1,1,1
48,2016480219,480219,1,1,0,1,3,201,3280,30,1,2016,7,16,44,8,FM526 MAXEY RD,,29.77606389,-95.2184,8,0,1,1,0,1,1,1,1,0
48,2016480220,480220,1,1,0,0,1,419,0,30,1,2016,7,23,30,8,FM2694,,31.772,-93.9407,42,0,1,1,0,4,2,1,1,1
48,2016480221,480221,1,1,0,1,1,453,330,30,1,2016,7,20,1,8,SL-275 LAMAR BLVD,,30.40020833,-97.6793,15,0,1,1,0,1,3,1,1,0
48,2016480222,480222,2,2,0,0,3,39,0,31,1,2016,1,2,48,3,SR-36,,29.02123611,-95.5562,12,6,8,1,0,1,2,1,1,1
48,2016480223,480223,1,1,0,0,1,425,0,31,1,2016,1,14,11,2,US-67,,32.18713333,-97.8692,1,0,1,1,0,1,1,1,1,0
48,2016480224,480224,2,2,0,0,2,221,0,31,1,2016,1,13,23,8,FM 4,,32.463525,-97.8105,12,2,1,1,0,1,1,1,1,1
48,2016480225,480225,1,1,0,0,1,491,0,31,1,2016,1,14,13,8,FM 112,,30.47895556,-97.1787,1,0,1,1,0,4,1,1,1,0
48,2016480226,480226,1,1,0,1,0,439,2450,22,1,2016,6,16,12,6,INTERMODAL PKWY,,32.98979722,-97.3443,8,0,1,1,0,1,1,1,1,0
48,2016480227,480227,1,1,0,1,0,99,0,23,1,2016,7,14,39,4,CR-CALHOUN RD,,31.51343056,-98.0618,8,0,8,1,0,1,1,1,1,0
48,2016480228,480228,2,2,0,0,3,453,330,24,1,2016,1,6,51,1,I-35,,30.30705833,-97.712,12,1,1,1,0,1,3,1,1,0
48,2016480229,480229,1,1,0,1,1,201,3280,25,1,2016,2,5,50,7,I-69/US-59 SOUTHWEST FWY,WESTPARK DR,29.72396111,-95.4917,9,0,3,2,0,1,4,10,1,0
48,2016480230,480230,2,2,0,0,2,29,6090,26,1,2016,3,16,36,6,BABCOCK RD,HOLLYHOCK RD,29.53391667,-98.6063,12,6,2,2,0,1,1,2,1,0
48,2016480231,480231,2,2,0,0,2,183,7445,26,1,2016,3,23,22,2,US-80,,32.51226944,-94.8303,12,2,1,1,0,1,3,1,1,1
48,2016480232,480232,2,2,0,0,7,113,4530,27,1,2016,4,11,26,1,I-20,,32.70368889,-96.571,12,6,1,1,0,1,1,1,1,0
48,2016480233,480233,1,1,0,0,2,201,5230,27,1,2016,4,3,20,6,VISTA RD,,29.65785278,-95.1625,33,0,1,1,0,4,3,1,1,1
48,2016480234,480234,3,3,0,0,3,167,3220,29,1,2016,6,6,47,8,FM 2004,,29.31729167,-95.0739,12,1,1,1,0,1,4,1,1,0
48,2016480235,480235,1,1,0,1,4,201,3280,29,1,2016,6,17,15,6,BROADLEAF ST,,30.07298056,-95.1771,9,0,1,1,0,1,1,1,1,0
48,2016480236,480236,1,1,0,0,1,219,0,30,1,2016,7,12,27,3,SR-114,,33.593025,-102.281,1,0,1,1,0,3,1,1,1,0
48,2016480237,480237,1,1,0,1,1,257,9997,30,1,2016,7,1,4,1,I-20,,32.69738611,-96.4808,8,0,1,1,0,1,2,1,1,0
48,2016480238,480238,1,1,0,0,1,257,0,31,1,2016,1,15,5,8,FM 740,,32.69006389,-96.5118,1,0,1,1,0,1,1,1,1,0
48,2016480239,480239,1,1,0,0,1,321,0,31,1,2016,1,6,55,3,SR-71,,28.96971944,-96.2085,58,0,1,1,0,4,2,10,1,1
48,2016480240,480240,2,2,0,0,3,363,0,31,1,2016,1,14,0,2,US-281,PARK RD,32.86901667,-98.0942,12,6,3,2,0,1,1,1,1,0
48,2016480241,480241,2,2,0,0,4,435,0,31,1,2016,1,16,12,8,RM864,,30.58658056,-100.553,12,6,8,1,0,1,1,1,1,0
48,2016480242,480242,2,2,0,0,2,439,6485,31,1,2016,1,15,18,3,SR-114 NORTHWEST PKWY,,32.96197222,-97.1529,12,1,1,1,0,1,1,1,1,0
48,2016480243,480243,3,3,0,0,5,471,0,31,1,2016,1,21,49,1,I-45,,30.61599722,-95.5068,12,2,1,1,0,1,2,1,1,1
48,2016480244,480244,1,1,0,0,1,29,6090,1,2,2016,2,17,53,1,I-35RAMP,,29.32296944,-98.6011,59,0,5,1,0,3,1,1,1,0
48,2016480245,480245,2,2,0,0,2,203,0,1,2,2016,2,19,34,2,US-59,FM2625,32.43272778,-94.3465,12,6,2,2,0,1,2,1,1,1
48,2016480246,480246,3,3,0,0,4,339,0,1,2,2016,2,11,30,3,SR-249,CR-HARDIN STORE RD,30.13461944,-95.654,12,6,2,2,0,1,1,1,1,0
48,2016480248,480248,1,1,0,1,1,29,6090,2,2,2016,3,18,45,6,DONOP RD,,29.29652222,-98.3849,8,0,1,1,0,1,2,1,1,0
48,2016480249,480249,1,1,0,1,1,201,3280,2,2,2016,3,18,30,6,TIDWELL RD,,29.84975556,-95.2792,8,0,1,1,0,1,3,1,1,0
48,2016480250,480250,1,1,0,1,1,201,3280,2,2,2016,3,23,16,6,HOUSTON ROSSLYN RD,TALL WILLOW RD,29.86771944,-95.4881,8,0,1,1,0,1,3,10,1,0
48,2016480251,480251,1,1,0,1,1,439,2450,2,2,2016,3,22,15,2,US-287 MLK JR FWY,,32.702725,-97.2658,8,0,1,1,0,1,3,1,1,0
48,2016480252,480252,2,2,0,0,2,453,0,2,2,2016,3,5,41,8,FM812,,30.13988333,-97.6636,12,6,1,1,0,1,3,1,1,0
48,2016480254,480254,1,1,0,0,1,113,1730,3,2,2016,4,12,44,6,HAMPTON RD,,32.64994167,-96.8571,30,0,1,1,0,3,1,1,1,0
48,2016480255,480255,1,1,0,0,2,167,6860,3,2,2016,4,19,38,3,SR-146,,29.49213611,-94.9912,38,0,1,1,0,5,2,1,1,0
48,2016480256,480256,1,1,0,0,1,215,5330,3,2,2016,4,21,38,1,I-2/US-287,,26.20683611,-98.1834,1,0,18,1,0,1,3,1,1,0
48,2016480257,480257,1,1,0,1,1,251,1370,3,2,2016,4,18,40,6,GRANDBURY ST,GRAHAM ST,32.35493889,-97.3985,8,0,3,3,0,1,2,1,1,0
48,2016480258,480258,1,1,0,0,1,113,3420,4,2,2016,5,19,34,7,I-635 LBJ FWY,,32.92249722,-96.988,1,0,5,1,0,10,2,1,1,1
48,2016480259,480259,1,1,0,1,1,157,0,4,2,2016,5,20,2,8,FM1464,CR-BELFORD BLVD,29.66271944,-95.6866,8,0,3,2,0,1,2,1,1,0
48,2016480260,480260,1,1,0,0,1,187,6290,4,2,2016,5,13,51,1,I-10 JUAN SEGUIN HWY,,29.58708333,-97.9889,23,0,19,1,0,4,1,1,1,0
48,2016480261,480261,1,1,0,1,2,201,3280,4,2,2016,5,6,9,6,HILLCROFT,,29.65733611,-95.4919,8,0,1,1,0,1,2,1,1,0
48,2016480262,480262,2,2,0,0,3,375,150,4,2,2016,5,2,12,6,GEORGIA ST,,35.19961111,-101.866,12,1,1,1,0,1,3,1,1,0
48,2016480263,480263,2,2,0,0,3,455,0,4,2,2016,5,17,58,8,FM356,CR-CAMP BRANCH RD,30.87083611,-95.2055,12,6,2,3,0,1,1,1,1,0
48,2016480264,480264,1,1,0,0,1,29,6090,5,2,2016,6,1,43,2,US-90,,29.40413056,-98.5492,20,0,5,1,0,4,3,1,1,1
48,2016480265,480265,2,1,1,0,4,61,0,5,2,2016,6,8,15,8,FM2520 SAM HOUSTON BLVD,,26.08049722,-97.678,14,0,1,1,0,2,1,1,1,0
48,2016480266,480266,1,1,0,1,1,99,0,5,2,2016,6,18,40,8,FM116,,31.22791667,-97.9118,49,0,1,1,1,1,2,1,1,0
48,2016480267,480267,2,2,0,0,3,121,1840,5,2,2016,6,11,30,2,US-77/377 LOCUST ST,FM426 PAULINE ST,33.21999444,-97.1323,12,6,2,3,0,1,1,1,1,0
48,2016480268,480268,1,1,0,1,1,201,0,5,2,2016,6,21,31,4,CR-BEAMER RD,,29.58498889,-95.2134,8,0,1,1,0,1,3,1,1,0
48,2016480269,480269,1,1,0,0,1,303,0,5,2,2016,6,23,50,2,US-87,SL493,33.45567778,-101.844,1,0,1,1,0,1,2,1,1,1
48,2016480270,480270,2,2,0,0,3,347,0,5,2,2016,6,19,50,3,SR-21,,31.57322222,-94.565,12,2,1,1,0,1,2,1,1,1
48,2016480271,480271,1,1,0,0,2,61,3030,6,2,2016,7,17,47,7,I-69E/US-77,,26.17753056,-97.7051,33,0,5,1,0,4,3,1,1,0
48,2016480272,480272,1,1,0,0,2,91,4870,6,2,2016,7,23,26,7,I-35,,29.69640278,-98.0997,33,0,1,1,0,4,3,1,1,0
48,2016480273,480273,4,4,0,0,10,121,1840,6,2,2016,7,18,30,2,US-377/UNIVERSITY DRIVE,MAYHILL RD,33.23399167,-97.0825,12,1,3,2,0,1,3,1,2,0
48,2016480274,480274,1,1,0,0,1,201,0,6,2,2016,7,2,20,7,US-90,,29.82958056,-95.1825,1,0,1,1,0,10,2,1,1,1
48,2016480275,480275,1,1,0,0,1,201,480,6,2,2016,7,5,59,1,I-10,,29.79983889,-95.0251,1,0,1,1,0,10,3,2,1,0
48,2016480276,480276,1,1,0,0,1,251,1370,6,2,2016,7,15,32,6,NOLAN RIVER RD/FM 1111,,32.28944444,-97.4115,1,0,1,1,0,4,1,10,1,0
48,2016480277,480277,1,1,0,0,1,257,2430,6,2,2016,7,3,4,8,FM 548,,32.72631389,-96.4681,32,0,1,1,0,4,2,1,1,1
48,2016480278,480278,2,2,0,0,2,321,0,6,2,2016,7,3,55,3,SR-71,,28.9607,-96.2084,12,2,1,1,0,1,2,10,1,0
48,2016480279,480279,1,1,0,0,1,339,0,6,2,2016,7,15,44,8,FM 1486,,30.42403889,-95.7917,31,0,1,1,0,4,1,1,1,1
48,2016480280,480280,2,2,0,0,3,485,0,6,2,2016,7,15,30,3,SR-240,,34.05415,-98.5253,12,2,1,1,0,1,1,1,1,0
48,2016480281,480281,2,2,0,0,2,113,1730,7,2,2016,1,4,27,1,I-35E/RL THORNTON FWY,,32.68606389,-96.8229,12,1,18,1,0,1,2,1,1,1
48,2016480282,480282,1,1,0,0,1,113,2010,7,2,2016,1,4,1,2,US-67/SG ALEXANDER FWY,,32.63523611,-96.8975,25,0,1,1,0,3,3,1,1,1
48,2016480283,480283,1,1,0,0,1,113,2800,7,2,2016,1,21,5,3,SR-180/MAIN ST,,32.74917222,-96.9755,19,0,1,1,0,4,3,1,1,0
48,2016480284,480284,1,1,0,0,1,157,0,7,2,2016,1,7,2,8,FM 1236,,29.36886111,-95.8708,32,0,1,1,0,4,1,10,1,1
48,2016480285,480285,1,1,0,0,1,223,0,7,2,2016,1,1,58,8,FM 3236,FM 71,33.28248056,-95.517,42,0,3,2,0,4,2,1,1,0
48,2016480286,480286,1,1,0,0,1,315,0,7,2,2016,1,22,32,8,FM 450,,32.78373056,-94.6779,1,0,1,1,0,4,2,1,1,1
48,2016480287,480287,1,1,0,0,2,423,0,7,2,2016,1,3,56,8,FM 850,,32.31213056,-95.0878,42,0,1,1,0,4,2,5,1,1
48,2016480288,480288,1,1,0,0,1,423,7070,7,2,2016,1,23,50,2,US-69/GLENWOOD BLVD,,32.33196389,-95.3066,41,0,1,1,0,4,3,1,1,0
48,2016480289,480289,2,2,0,0,2,5,4160,8,2,2016,2,18,33,8,SL 36/OLD MILL RD,SS 336/RAGUET ST,31.35313056,-94.7465,12,6,2,3,0,1,3,1,1,1
48,2016480290,480290,2,2,0,0,3,55,0,8,2,2016,2,15,40,3,SR-21,,30.01103056,-97.7256,12,6,1,1,0,1,1,1,1,1
48,2016480291,480291,1,1,0,1,2,113,2590,8,2,2016,2,20,48,1,I-635/LBJ FWY,,32.84466944,-96.6352,8,0,1,1,1,1,2,1,1,0
48,2016480294,480294,2,2,0,0,4,409,0,8,2,2016,2,7,10,4,CR-798,CR-2349,28.085,-97.5566,12,6,2,2,0,1,1,1,1,0
48,2016480295,480295,1,1,0,0,2,439,4965,8,2,2016,2,2,23,6,BEDFORD EULESS RD,,32.83428333,-97.2135,46,0,1,1,0,3,3,1,1,0
48,2016480296,480296,1,1,0,0,1,105,0,9,2,2016,3,0,24,4,CR-301,,30.81753889,-101.423,1,0,1,1,0,4,2,1,1,0
48,2016480297,480297,2,2,0,0,7,107,0,9,2,2016,3,9,23,2,US-82,,33.67416944,-101.369,12,1,8,1,0,1,1,1,3,0
48,2016480298,480298,1,1,0,3,1,277,5220,9,2,2016,3,10,26,2,US-82 BUSINESS BONHAM ST,,33.66076944,-95.5944,8,0,1,1,1,4,1,1,1,1
48,2016480299,480299,1,1,0,0,1,313,0,9,2,2016,3,12,6,8,FM 39,,30.958,-96.11,42,0,1,1,0,4,1,1,1,0
48,2016480300,480300,2,2,0,0,2,331,0,9,2,2016,3,9,5,8,FM 485,,30.90991111,-96.9501,12,6,1,1,0,1,1,1,1,0
48,2016480301,480301,2,2,0,0,3,375,150,9,2,2016,3,19,20,6,ADAMS ST,,35.2145,-101.848,26,0,1,1,0,4,3,10,1,0
48,2016480302,480302,1,1,0,0,1,439,4965,9,2,2016,3,21,8,7,I-820,IRON HORSE BLVD,32.84071389,-97.2514,23,0,19,1,0,4,3,1,1,0
48,2016480303,480303,3,3,0,0,5,27,3690,10,2,2016,4,12,19,7,US- CENTRAL TEXAS EXPY,ROSEWOOD DR,31.0761,-97.6883,12,6,2,2,0,1,1,1,1,0
48,2016480304,480304,1,1,0,0,2,27,6810,10,2,2016,4,20,26,3,SR-317,,31.15047778,-97.4311,34,0,1,1,1,4,3,1,1,0
48,2016480305,480305,2,1,1,0,2,113,6260,10,2,2016,4,13,3,6,NETHERLAND DR,,32.64420833,-96.5559,30,0,1,1,0,4,1,1,1,0
48,2016480306,480306,3,3,0,0,5,141,2190,10,2,2016,4,10,15,1,I-10,,31.91549444,-106.583,12,1,1,1,0,1,1,1,2,0
48,2016480307,480307,2,2,0,0,4,339,3280,10,2,2016,4,13,55,7,I-69/US-59,KINGWOOD DR,30.05256111,-95.2515,12,6,2,2,0,1,1,1,1,0
48,2016480308,480308,1,1,0,1,1,453,330,10,2,2016,4,0,1,6,HEFLIN LN,,30.2851,-97.6811,8,0,1,1,0,1,2,1,1,0
48,2016480309,480309,2,2,0,0,2,485,0,10,2,2016,4,17,56,2,US-287,,33.96168889,-98.6389,12,1,1,1,0,1,1,1,1,0
48,2016480310,480310,1,1,0,0,1,29,6090,11,2,2016,5,13,10,6,JUDSON RD,,29.58006667,-98.3739,1,0,1,1,0,1,1,1,1,0
48,2016480311,480311,1,1,0,0,1,113,1730,11,2,2016,5,10,57,2,US-175 CF HAWN FWY,,32.68975833,-96.6294,25,0,19,1,0,3,1,1,1,1
48,2016480312,480312,1,1,0,2,1,113,1730,11,2,2016,5,21,16,6,JUPITER RD,,32.86840833,-96.683,8,0,1,1,0,1,3,1,1,0
48,2016480313,480313,1,1,0,0,1,201,0,11,2,2016,5,4,37,4,CR-LOUETTA RD,,30.05039167,-95.4701,32,0,1,1,0,4,2,1,1,1
48,2016480314,480314,1,1,0,1,2,201,0,12,2,2016,6,23,7,8,FM 1960,,30.025825,-95.3961,8,0,1,1,1,1,2,10,1,0
48,2016480315,480315,1,1,0,0,1,201,3280,12,2,2016,6,21,2,6,AIRPORT BLVD,,29.64435556,-95.3317,33,0,1,1,0,3,3,1,1,0
48,2016480316,480316,1,1,0,0,5,251,0,12,2,2016,6,12,33,4,CR-1121,,32.33386667,-97.4635,42,0,1,1,0,4,1,1,1,0
48,2016480318,480318,2,2,0,0,2,303,4140,12,2,2016,6,12,29,6,34TH ST,,33.56327778,-101.948,12,6,8,1,0,1,1,1,1,0
48,2016480319,480319,1,1,0,0,1,363,0,12,2,2016,6,5,45,2,US-180,,32.71323611,-98.4438,1,0,1,1,0,4,2,1,1,0
48,2016480320,480320,2,2,0,0,2,29,6090,13,2,2016,7,3,40,2,US-281,,29.49218333,-98.4835,12,1,1,1,0,1,3,1,1,1
48,2016480321,480321,2,2,0,0,2,323,2030,13,2,2016,7,1,32,2,US-277 VETERANS BLVD,,28.72012222,-100.477,12,2,1,1,0,1,3,1,1,0
48,2016480322,480322,2,2,0,0,2,459,0,13,2,2016,7,5,35,2,US-271,,32.79630833,-94.9516,12,6,8,1,0,1,2,1,1,0
48,2016480323,480323,1,1,0,0,1,29,6090,14,2,2016,1,1,50,6,SOUTHCROSS BLVD,,29.37660556,-98.4474,42,0,1,1,0,4,3,1,1,1
48,2016480324,480324,1,1,0,0,1,29,6090,14,2,2016,1,5,45,6,GILLETTE,,29.33026389,-98.5075,40,0,1,1,0,4,3,1,1,1
48,2016480325,480325,1,1,0,0,1,325,0,14,2,2016,1,7,0,4,CR-4514,,29.31233611,-98.9661,42,0,1,1,0,4,4,5,1,1
48,2016480326,480326,2,2,0,0,2,453,330,14,2,2016,1,2,22,6,BURLESON RD,MCKINNEY FALLS PKWY,30.191925,-97.6983,12,2,3,2,0,1,3,1,1,0
48,2016480327,480327,1,1,0,0,2,453,330,14,2,2016,1,2,35,6,COOPER LN,,30.19829167,-97.7912,38,0,1,1,0,5,2,1,1,1
48,2016480328,480328,1,1,0,0,2,477,880,16,2,2016,3,5,42,6,CHAPPEL HILL ST,,30.16449444,-96.3892,25,0,1,1,0,4,2,1,1,0
48,2016480329,480329,2,2,0,0,2,85,5390,17,2,2016,4,18,14,6,SPRING CREEK PKWY,,33.05647778,-96.7974,12,1,1,1,0,1,5,1,1,1
48,2016480330,480330,2,2,0,0,2,201,0,17,2,2016,4,20,53,8,FM 525 ALDINE BENDER RD,,29.93059722,-95.3015,33,0,1,1,0,4,3,1,1,1
48,2016480331,480331,1,1,0,1,1,141,2190,8,1,2016,6,19,24,3,SR-20 MESA ST,UNIVERSITY AVE,31.77358056,-106.5,8,0,3,2,0,1,3,1,1,0
48,2016480332,480332,1,1,0,0,1,135,5030,12,1,2016,3,17,32,6,DIXIE BLVD,,31.84960278,-102.357,10,0,6,1,0,1,1,1,1,0
48,2016480333,480333,2,2,0,0,3,221,2780,13,1,2016,4,18,50,8,FM 167 FALL CREEK HWY,BRANNON CT,32.45301389,-97.6873,12,2,1,1,0,1,2,1,1,1
48,2016480334,480334,2,2,0,0,3,85,5390,20,1,2016,4,15,31,7,SR-190 PGB HWY,CUSTER RD,33.004225,-96.7325,12,6,2,2,0,1,1,10,1,0
48,2016480335,480335,3,3,0,0,3,259,0,28,1,2016,5,15,34,3,SR-46,,29.79716944,-98.6687,1,0,8,1,0,1,1,1,1,0
48,2016480336,480336,2,2,0,0,3,123,1670,31,1,2016,1,14,28,2,US-183,,29.12238056,-97.2786,31,0,1,1,0,4,1,1,1,0
48,2016480337,480337,3,3,0,0,4,453,0,31,1,2016,1,23,18,8,FM 812,,30.11471389,-97.6283,12,6,1,1,0,1,2,1,1,1
48,2016480338,480338,1,1,0,0,2,273,0,12,2,2016,6,22,20,4,CR-2160,,27.42095278,-97.9029,38,0,1,1,0,5,2,1,1,0
48,2016480339,480339,2,1,1,0,6,113,2800,4,2,2016,5,16,20,3,SR-190 PGB TURNPIKE RAMP,,32.68042222,-97.0242,14,0,5,1,0,8,1,1,3,0
48,2016480340,480340,1,1,0,0,1,283,0,4,2,2016,5,21,23,7,I-35,,28.4174,-99.2509,34,0,19,1,0,10,2,1,1,1