STATE,YEAR_ST_CASE,ST_CASE,VE_TOTAL,VE_FORMS,PVH_INVL,PEDS,PERSONS,COUNTY,CITY,DAY,MONTH,YEAR,DAY_WEEK,HOUR,MINUTE,ROUTE,TWAY_ID,TWAY_ID2,LATITUDE,LONGITUD,HARM_EV,MAN_COLL,RELJCT2,TYP_INT,WRK_ZONE,REL_ROAD,LGT_COND,WEATHER,FATALS,DRUNK_DR
48,2016480341,480341,2,1,1,0,2,27,0,5,2,2016,6,3,14,1,I-35,,30.86902778,-97.5838,14,0,1,1,0,2,2,1,1,1
48,2016480342,480342,1,1,0,1,1,39,130,6,2,2016,7,6,30,6,WILLIS ST,LEE ST,29.42456944,-95.2488,8,0,3,2,0,1,2,1,1,0
48,2016480343,480343,3,3,0,0,5,339,1510,6,2,2016,7,11,50,8,FM2854,,30.3147,-95.5121,12,1,8,1,0,1,1,1,1,0
48,2016480344,480344,2,2,0,0,2,51,0,7,2,2016,1,5,50,8,FM50,,30.5953,-96.5106,12,2,1,1,0,1,2,1,1,1
48,2016480345,480345,2,2,0,0,5,21,0,9,2,2016,3,16,52,8,FM535,,29.94023333,-97.2345,12,6,1,1,0,1,5,1,2,0
48,2016480346,480346,2,2,0,0,3,113,2590,9,2,2016,3,19,27,6,BUCKINGHAM RD,OLD MILL RUN,32.93062778,-96.6514,12,6,2,2,0,1,3,1,2,1
48,2016480347,480347,3,3,0,0,3,85,92,10,2,2016,4,5,32,2,US-75 CENTRAL EXPY,,33.15451667,-96.647,12,1,18,1,1,1,3,1,1,1
48,2016480348,480348,2,2,0,0,2,365,0,10,2,2016,4,17,30,2,US-79,FM31,32.30364722,-94.1667,12,6,2,2,0,1,1,1,1,0
48,2016480349,480349,2,2,0,0,2,41,1440,12,2,2016,6,7,41,8,FM2818 HARVEY MITCHELL PKWY,FM60RAMP,30.60306389,-96.3631,12,2,2,2,0,1,1,5,1,0
48,2016480350,480350,2,2,0,0,2,369,2325,12,2,2016,6,12,10,2,US-60,COUNTRY CLUB,34.39575,-103.034,12,6,2,3,0,1,1,1,1,0
48,2016480351,480351,2,2,0,0,3,21,0,13,2,2016,7,15,52,2,US-290,,30.29679444,-97.2764,12,2,1,1,0,1,1,1,3,0
48,2016480352,480352,1,1,0,0,2,29,6090,13,2,2016,7,16,10,6,WOODSTONE,,29.55278333,-98.5779,42,0,1,1,0,4,1,1,1,0
48,2016480353,480353,2,2,0,0,3,29,6090,13,2,2016,7,17,35,2,US-90,,29.40383889,-98.5486,12,1,1,1,0,1,1,1,1,1
48,2016480354,480354,2,2,0,0,2,201,3280,13,2,2016,7,5,24,1,I-10/US-90 EAST FWY,,29.77693611,-95.2717,12,1,1,1,0,1,3,1,1,1
48,2016480355,480355,1,1,0,1,4,215,7330,13,2,2016,7,3,18,1,I-2/US-83,,26.16040833,-97.957,8,0,1,1,0,1,3,1,1,0
48,2016480356,480356,2,2,0,0,3,273,0,13,2,2016,7,13,23,8,PR22,,27.5659,-97.2426,12,2,1,1,0,1,1,1,2,0
48,2016480357,480357,1,1,0,0,1,453,0,14,2,2016,1,0,29,4,CR-SHIVELY LN,,30.11576667,-97.6979,53,0,1,1,0,4,2,1,1,1
48,2016480358,480358,2,2,0,0,2,29,6090,15,2,2016,2,13,31,8,SL13 WW WHITE BLVD,,29.43770833,-98.4054,12,6,8,1,0,1,1,1,1,0
48,2016480359,480359,2,2,0,0,2,29,6090,15,2,2016,2,13,50,8,SL353 NEW LAREDO HWY,,29.34247778,-98.5788,12,2,8,1,0,1,1,1,1,0
48,2016480360,480360,1,1,0,0,2,201,3280,15,2,2016,2,22,56,6,SUNNYSIDE ST,,29.85685556,-95.3915,38,0,1,1,0,5,3,1,1,0
48,2016480362,480362,1,1,0,1,1,215,4197,15,2,2016,2,20,59,8,FM2220,,26.27810556,-98.2495,8,0,1,1,0,1,2,10,1,0
48,2016480363,480363,2,2,0,0,2,405,0,15,2,2016,2,14,20,8,FM3153,,31.51435833,-94.0236,12,11,1,1,0,1,1,1,1,0
48,2016480364,480364,2,2,0,0,3,439,364,15,2,2016,2,17,47,8,FM730,,32.94790556,-97.5435,12,6,1,1,0,1,1,1,1,0
48,2016480365,480365,2,2,0,0,2,85,0,16,2,2016,3,13,26,4,CR-210,,33.35030833,-96.6317,12,6,1,1,0,4,1,1,1,0
48,2016480366,480366,2,2,0,0,2,187,0,16,2,2016,3,5,30,8,FM467,,29.43528333,-98.0506,12,6,1,1,0,1,2,1,1,1
48,2016480367,480367,2,2,0,0,3,201,3280,16,2,2016,3,10,32,6,YALE,15TH,29.79802222,-95.3991,12,6,2,2,0,1,1,1,1,0
48,2016480368,480368,3,3,0,0,4,491,2620,17,2,2016,4,11,7,3,SR-195,SHELL RD,30.72581944,-97.6722,12,11,2,2,0,1,1,1,1,0
48,2016480369,480369,1,1,0,0,1,67,0,18,2,2016,5,15,30,4,CR-1242,,33.09004167,-94.4252,42,0,1,1,0,4,1,1,1,0
48,2016480370,480370,1,1,0,1,1,375,150,18,2,2016,5,3,26,6,10TH AVE,,35.20501389,-101.848,8,0,1,1,0,1,3,1,1,0
48,2016480371,480371,2,2,0,0,2,439,2450,18,2,2016,5,19,10,2,US-287 BUSINESS MAINT ST,,32.84367222,-97.3604,1,0,8,1,0,1,2,1,1,0
48,2016480372,480372,2,2,0,0,3,453,330,18,2,2016,5,13,14,7,US-183/RESEARCH BLVD,PECAN PARK BLVD,30.46552778,-97.7952,12,6,2,2,0,1,1,1,1,0
48,2016480373,480373,2,2,0,0,2,29,6090,19,2,2016,6,12,24,6,HEIMER RD,PERENNIAL,29.56602222,-98.4774,12,6,2,3,0,1,1,1,1,0
48,2016480374,480374,2,2,0,0,3,85,5390,19,2,2016,6,20,25,6,FM 2478/CUSTER RD,WESTRIDGE DR,33.01114167,-96.7338,12,6,2,2,0,1,3,1,2,0
48,2016480375,480375,2,2,0,0,4,113,1730,19,2,2016,6,20,55,6,LEDBETTER DR,DUNCANVILLE RD,32.69121944,-96.9085,12,6,2,2,0,1,3,1,1,0
48,2016480376,480376,2,2,0,0,2,113,5730,19,2,2016,6,1,27,2,US-75/CENTRAL EXPY,,32.94132778,-96.7439,25,0,1,1,0,3,3,1,1,0
48,2016480377,480377,1,1,0,0,1,139,0,19,2,2016,6,18,44,2,US-77,,32.23446111,-96.8697,42,0,1,1,0,4,2,1,1,1
48,2016480378,480378,1,1,0,0,1,157,0,19,2,2016,6,23,7,3,SR-99/GRAND PARKWAY,,29.66312778,-95.7434,33,0,1,1,0,4,2,10,1,1
48,2016480379,480379,1,1,0,0,1,331,1100,19,2,2016,6,19,15,6,FANNIN AVE,,30.87421389,-96.9695,38,0,1,1,0,5,2,1,1,0
48,2016480380,480380,1,1,0,1,2,453,330,19,2,2016,6,21,15,6,RIVERSIDE DR,,30.23791389,-97.7256,8,0,1,1,0,1,3,1,1,0
48,2016480381,480381,1,1,0,0,1,201,0,20,2,2016,7,0,13,4,CR-BEAR BAYOU DR,,29.80135,-95.1068,42,0,1,1,0,5,2,10,1,1
48,2016480382,480382,2,2,0,0,6,323,0,20,2,2016,7,9,30,2,US-277,SL 480,28.70576111,-100.432,12,6,2,2,0,1,1,1,1,0
48,2016480383,480383,1,1,0,1,2,29,6090,21,2,2016,1,19,0,6,OLD US-90 W ENRIQUE M BARRERA,,29.42803611,-98.5697,8,0,1,1,0,1,3,10,1,0
48,2016480384,480384,2,2,0,0,3,245,5430,21,2,2016,1,3,34,7,US-69 MEMORIAL BLVD RAMP,,29.93844444,-93.9841,12,1,18,1,0,1,2,10,1,0
48,2016480385,480385,2,2,0,0,2,121,1840,22,2,2016,2,14,5,1,I-35,,33.31331667,-97.1792,12,1,1,1,2,1,1,1,1,0
48,2016480386,480386,1,1,0,0,3,403,0,21,2,2016,1,4,20,3,SR-103,,31.40975278,-94.029,32,0,1,1,0,4,2,1,1,0
48,2016480387,480387,2,2,0,0,2,493,0,22,2,2016,2,5,15,3,SR-123,,29.31539444,-97.9627,12,2,1,1,0,1,2,10,1,0
48,2016480388,480388,1,1,0,1,1,29,6090,23,2,2016,3,20,4,6,SAN PEDRO AVE,,29.50821944,-98.4993,8,0,1,1,0,1,3,1,1,0
48,2016480389,480389,1,1,0,0,1,361,5100,25,2,2016,5,1,19,7,I-10 LUTCHER DR,,30.11383333,-93.8123,1,0,1,1,0,4,3,1,1,0
48,2016480390,480390,1,1,0,1,1,215,4197,28,2,2016,1,1,16,8,FM 1926 23RD ST,,26.26341944,-98.2356,8,0,1,1,0,1,2,10,1,1
48,2016480391,480391,1,1,0,1,1,309,545,8,1,2016,6,20,39,8,SL-340,,31.59995,-97.0908,8,0,1,1,0,1,2,5,1,0
48,2016480392,480392,1,1,0,1,1,5,4160,20,1,2016,4,21,58,8,BU-59 G TIMBERLAND DR,BU 69 J / FM 58 CHESTNUT DR,31.33483056,-94.7189,8,0,2,2,0,1,3,10,1,0
48,2016480393,480393,3,1,2,0,2,479,3899,23,1,2016,7,2,55,6,MARKET ST,,27.50381944,-99.472,14,0,1,1,0,4,3,1,1,1
48,2016480394,480394,4,1,3,0,2,167,3920,24,1,2016,1,21,58,7,I-45 GULF FWY,,29.48530556,-95.104,43,0,1,1,0,5,3,1,1,0
48,2016480395,480395,2,2,0,0,2,375,150,28,1,2016,5,16,39,2,US-60 AMARILLO BLVD,FRITCH HWY,35.22199444,-101.783,1,0,1,1,0,1,1,1,1,0
48,2016480396,480396,1,1,0,0,5,479,3899,31,1,2016,1,22,24,8,FM 1472 MINES RD,,27.64317778,-99.553,59,0,1,1,1,3,2,1,1,0
48,2016480397,480397,1,1,0,0,1,29,6090,1,2,2016,2,21,30,1,I-410 LOOP,,29.44685556,-98.4002,59,0,1,1,0,10,3,1,1,1
48,2016480398,480398,1,1,0,0,1,253,0,4,2,2016,5,19,30,4,CR-150,,32.87515278,-100.117,38,0,1,1,0,5,2,1,1,1
48,2016480399,480399,2,2,0,0,3,31,0,7,2,2016,1,4,32,8,RM 473,,29.97371389,-98.4212,12,2,1,1,0,1,2,1,1,1
48,2016480400,480400,2,2,0,0,2,27,3027,11,2,2016,5,15,29,2,US-190 CENTRAL TEXAS EXPY,INDIAN TRAIL DR,31.07586389,-97.6537,12,6,2,2,0,1,1,1,1,0
48,2016480401,480401,2,2,0,0,2,53,0,12,2,2016,6,18,17,2,US-281,,30.67143056,-98.2553,12,1,8,1,0,1,1,1,1,0
48,2016480402,480402,2,2,0,0,5,467,0,12,2,2016,6,16,55,3,SR-64,FM314,32.40621944,-95.5948,12,6,2,2,1,1,1,1,1,0
48,2016480403,480403,1,1,0,0,3,123,0,13,2,2016,7,16,55,4,CR-ZORN RD,,28.96200556,-97.462,53,0,1,1,0,4,1,1,1,0
48,2016480404,480404,1,1,0,0,1,201,3280,13,2,2016,7,2,26,7,SL-8/SAM HOUSTON PKWY,SOUTH DR,29.66713889,-95.5606,33,0,3,3,0,4,3,1,1,0
48,2016480405,480405,1,1,0,0,1,289,3939,13,2,2016,7,13,43,1,I-45,,31.15193056,-95.9843,34,0,1,1,0,4,1,1,1,0
48,2016480406,480406,1,1,0,0,2,423,0,13,2,2016,7,0,5,3,SR-31,,32.36916944,-95.0731,1,0,1,1,0,4,2,1,1,1
48,2016480407,480407,3,2,1,1,2,201,3280,14,2,2016,1,21,40,2,US-59/EASTEX FWY,,29.83414167,-95.3343,12,7,1,1,0,1,3,1,1,1
48,2016480408,480408,1,1,0,1,1,453,330,14,2,2016,1,19,5,6,MONTOPOLIS DR,,30.23696944,-97.6956,8,0,1,1,0,1,3,1,1,0
48,2016480409,480409,2,2,0,0,3,201,5230,15,2,2016,2,5,38,6,BAY AREA BLVD,,29.591475,-95.1015,12,6,1,1,0,1,2,2,2,0
48,2016480410,480410,1,1,0,0,1,201,3280,16,2,2016,3,23,1,1,I-10/KATY FWY,,29.77976389,-95.4508,39,0,19,1,0,4,3,1,1,0
48,2016480411,480411,1,1,0,1,1,113,2590,17,2,2016,4,19,54,6,BROADWAY BLVD,,32.841275,-96.5955,8,0,1,1,0,1,3,1,1,0
48,2016480412,480412,2,2,0,0,4,451,6080,17,2,2016,4,19,18,8,RM 853/ARDEN RD,OXFORD RD,31.44700556,-100.485,12,6,2,3,0,1,3,1,1,0
48,2016480413,480413,1,1,0,0,1,59,0,18,2,2016,5,15,26,3,SR-36,,32.22396944,-99.3825,1,0,1,1,0,1,1,1,1,0
48,2016480414,480414,2,2,0,0,2,199,4172,18,2,2016,5,22,4,2,US-96/MAIN,CHANCE CUT-OFF,30.26598889,-94.1998,12,6,2,2,0,1,3,1,1,0
48,2016480415,480415,1,1,0,0,2,201,3280,18,2,2016,5,1,47,3,SR-288,,29.71186389,-95.378,39,0,1,1,0,3,3,1,1,0
48,2016480416,480416,1,1,0,0,1,29,6090,19,2,2016,6,22,56,6,HILDEBRAND RD,,29.46644444,-98.4821,33,0,1,1,0,4,3,1,1,1
48,2016480418,480418,2,2,0,0,2,199,0,19,2,2016,6,12,5,2,US-69,CR-TROTTY HORSE,30.35706667,-94.1277,12,6,2,2,0,1,1,1,1,0
48,2016480419,480419,2,2,0,0,2,251,1370,19,2,2016,6,22,27,2,US-67,PR-21,32.313025,-97.4778,12,6,2,3,0,1,3,1,1,0
48,2016480420,480420,1,1,0,1,1,29,6090,20,2,2016,7,5,20,6,SAN PEDRO AVE,,29.50219722,-98.4992,8,0,1,1,0,11,3,2,1,0
48,2016480421,480421,2,2,0,0,3,61,6110,20,2,2016,7,2,12,7,I-69E/US-83,,26.15068889,-97.668,12,2,18,1,0,1,3,1,2,0
48,2016480422,480422,3,1,2,0,2,113,3420,20,2,2016,7,0,56,6,SHADY GROVE RD,WILLOW WOOD CT,32.80046389,-96.9791,53,0,1,1,0,4,3,1,1,1
48,2016480423,480423,2,2,0,0,4,455,0,20,2,2016,7,12,40,3,SR-19,,30.91081944,-95.3754,12,1,1,1,0,1,1,10,1,1
48,2016480424,480424,1,1,0,0,2,29,6090,21,2,2016,1,17,52,1,I-10 RAMP,,29.43261944,-98.4998,18,0,20,1,0,1,3,10,1,0
48,2016480425,480425,4,2,2,2,3,41,970,21,2,2016,1,18,38,2,US-190 EARL RUDDER FWY,BS-6 TEXAS AVE,30.71953056,-96.4119,12,7,1,1,0,1,2,2,1,0
48,2016480426,480426,1,1,0,1,1,201,0,21,2,2016,1,5,15,4,CR-LOUETTA RD,,30.02416389,-95.518,8,0,1,1,0,1,2,1,1,0
48,2016480427,480427,2,2,0,0,2,201,3280,21,2,2016,1,23,6,2,US-59 SOUTHWEST FWY,,29.72876944,-95.4404,12,1,1,1,0,1,3,1,1,0
48,2016480428,480428,1,1,0,1,1,201,3280,21,2,2016,1,6,30,6,FANNIN,CAMBRIDGE ST,29.71554722,-95.3961,8,0,3,2,0,4,1,10,1,0
48,2016480429,480429,2,2,0,0,2,201,3280,21,2,2016,1,6,42,6,LITTLE YORK RD,AIRLINE DR,29.86999722,-95.3849,12,1,3,2,0,1,1,10,1,0
48,2016480430,480430,3,2,1,0,2,267,0,21,2,2016,1,19,26,1,I-10,,30.40332222,-99.6472,12,11,1,1,0,1,2,2,1,0
48,2016480431,480431,2,2,0,0,3,229,0,21,1,2016,5,13,55,1,I-10,,31.12241944,-105.178,12,8,1,1,0,1,1,1,1,0
48,2016480432,480432,1,1,0,0,4,229,0,23,1,2016,7,1,30,1,I-10,,31.21293889,-105.471,1,0,1,1,0,4,2,1,1,0
48,2016480433,480433,1,1,0,0,1,113,4530,1,2,2016,2,6,5,1,I-30,,32.82064722,-96.6336,57,0,1,1,0,10,3,1,1,0
48,2016480434,480434,2,2,0,0,4,215,4197,2,2,2016,3,13,49,8,BU-83,16TH ST,26.20461667,-98.2366,12,6,2,2,0,1,1,1,1,0
48,2016480435,480435,1,1,0,0,2,291,0,6,2,2016,7,14,32,4,CR-2098,,30.21593056,-94.7512,1,0,1,1,0,4,1,1,1,0
48,2016480436,480436,1,1,0,0,3,85,1260,7,2,2016,1,2,31,4,CR-53,,33.29364722,-96.7922,44,0,1,1,0,1,3,1,1,0
48,2016480437,480437,1,1,0,0,1,113,2800,7,2,2016,1,5,58,3,SR-161/PRESIDENT GEORGE BUSH,,32.74421944,-97.0214,25,0,1,1,0,4,2,1,1,1
48,2016480438,480438,2,2,0,0,2,39,130,8,2,2016,2,10,53,6,CR-185,CR-172/PARKER SCHOOL RD,29.37746111,-95.28,1,0,3,2,0,1,1,1,1,0
48,2016480439,480439,3,3,0,0,3,93,0,11,2,2016,5,10,54,2,US-87,,31.91631944,-98.5472,12,11,1,1,0,1,1,10,1,0
48,2016480440,480440,2,2,0,0,3,113,1730,11,2,2016,5,11,15,7,I-20/LYNDON B JOHNSON FWY,SR-342/LANCASTER RD,32.64679444,-96.7808,12,6,2,2,0,1,1,1,2,0
48,2016480441,480441,2,2,0,0,2,211,0,11,2,2016,5,8,35,2,US-60,,35.76293333,-100.484,72,0,1,1,0,1,1,1,1,0
48,2016480442,480442,2,2,0,0,2,201,3280,12,2,2016,6,23,57,1,I-610,,29.80431111,-95.2848,12,1,1,1,0,1,3,1,1,1
48,2016480443,480443,2,2,0,0,2,215,4197,12,2,2016,6,9,42,8,FM1016 MILITARY HWY,,26.15033611,-98.2498,12,7,1,1,0,1,1,1,1,0
48,2016480444,480444,2,2,0,0,2,305,0,12,2,2016,6,7,9,8,FM400,,33.37550556,-101.669,12,2,1,1,0,1,4,1,1,0
48,2016480445,480445,2,1,1,0,2,245,0,13,2,2016,7,5,52,1,I-10,,29.87943056,-94.333,14,0,1,1,0,2,4,1,1,1
48,2016480446,480446,2,2,0,0,3,453,0,13,2,2016,7,10,31,2,US-183,CR-MCKENZIE,30.14417778,-97.6967,12,6,2,3,0,1,1,1,1,0
48,2016480447,480447,1,1,0,0,6,489,0,13,2,2016,7,21,30,1,I-69E/US-77,,26.50431389,-97.7712,1,0,1,1,0,4,3,1,2,0
48,2016480448,480448,2,2,0,0,5,135,0,15,2,2016,2,7,35,4,CR-LONG AVE,,31.84811389,-102.52,12,2,1,1,0,1,1,1,1,0
48,2016480449,480449,2,2,0,0,3,487,0,15,2,2016,2,19,50,2,US-287,,34.07055833,-99.0091,12,1,1,1,0,1,9,1,1,0
48,2016480450,480450,3,3,0,0,4,183,4080,16,2,2016,3,13,12,2,US-259 EASTMAN RD,,32.48540556,-94.7073,12,7,1,1,0,1,1,1,1,0
48,2016480451,480451,3,3,0,0,4,215,0,16,2,2016,3,7,31,4,CR-MILE 16 NORTH RD,CR-MILE 4 WEST RD,26.28635,-97.9773,12,6,2,2,0,1,1,5,1,0
48,2016480452,480452,1,1,0,1,2,113,1730,17,2,2016,4,19,50,1,I-30/R L THORNTON FWY,,32.79408056,-96.6995,8,0,1,1,0,1,3,1,1,0
48,2016480453,480453,1,1,0,0,1,93,0,18,2,2016,5,9,1,2,US-67,,31.91576111,-98.5481,42,0,1,1,0,4,2,1,1,0
48,2016480454,480454,1,1,0,0,1,145,0,18,2,2016,5,19,41,2,US-77,,31.18381944,-97.0282,11,0,1,1,0,1,2,1,1,0
48,2016480455,480455,3,3,0,0,3,201,0,18,2,2016,5,12,10,4,CR-FEDERAL RD,,29.73185,-95.2123,12,2,1,1,0,1,3,1,1,0
48,2016480456,480456,2,2,0,0,2,289,3939,18,2,2016,5,14,12,7,I-45,FM 977,31.14903889,-95.9852,12,6,2,2,0,1,1,1,1,0
48,2016480457,480457,3,3,0,0,35,93,0,19,2,2016,6,7,50,3,SR-36,FM 1702,31.8445,-98.3376,12,6,2,2,0,1,1,1,1,0
48,2016480458,480458,3,3,0,0,8,209,3760,19,2,2016,6,1,10,1,I-35,,30.00286389,-97.8664,12,2,1,1,0,1,3,1,4,1
48,2016480459,480459,1,1,0,0,1,481,2130,19,2,2016,6,16,55,2,US-59,,29.19026389,-96.2457,1,0,1,1,0,4,1,1,1,0
48,2016480460,480460,2,2,0,0,2,13,0,20,2,2016,7,15,25,8,FM 476,,29.05498889,-98.603,12,6,1,1,0,1,1,1,1,0
48,2016480461,480461,2,2,0,0,2,113,1730,20,2,2016,7,13,5,8,SL-12 LEADBETTER DR,,32.69133889,-96.8711,12,1,8,1,0,1,1,1,1,0
48,2016480462,480462,2,1,1,1,3,113,2590,20,2,2016,7,23,20,1,I-635 LBJ FWY,,32.844675,-96.6352,14,0,1,1,0,2,3,1,1,0
48,2016480463,480463,1,1,0,0,2,131,0,20,2,2016,7,1,55,3,SR-44,,27.76867778,-98.2565,1,0,1,1,0,4,2,1,1,0
48,2016480464,480464,2,2,0,0,6,147,0,21,2,2016,1,5,12,8,FM 100,,33.73604444,-95.9116,12,2,1,1,0,1,2,1,1,0
48,2016480465,480465,1,1,0,0,2,201,3280,21,2,2016,1,2,0,7,SL-8 SAM HOUSTON PKWY,,29.65006111,-95.5467,33,0,1,1,0,4,2,1,2,0
48,2016480466,480466,1,1,0,0,2,201,3320,21,2,2016,1,19,15,1,I-69,,29.983225,-95.2768,25,0,19,1,0,3,3,1,1,0
48,2016480467,480467,2,2,0,0,3,215,0,21,2,2016,1,21,46,8,FM 2894,,26.277925,-98.3544,30,0,1,1,0,4,2,1,1,0
48,2016480468,480468,1,1,0,0,1,303,4140,21,2,2016,1,0,44,6,QUAKER AVE,,33.50808056,-101.904,30,0,1,1,0,4,2,1,1,0
48,2016480470,480470,1,1,0,1,5,355,1550,21,2,2016,1,0,36,3,SR-358,,27.71618611,-97.3876,8,0,18,1,0,1,3,1,1,0
48,2016480471,480471,3,3,0,0,5,367,0,21,2,2016,1,17,25,3,SR-199,,32.97943056,-97.7881,12,6,1,1,0,1,1,2,2,0
48,2016480472,480472,2,2,0,0,3,449,0,21,2,2016,1,10,37,2,US-271,,33.32830833,-95.0946,12,8,1,1,0,1,1,10,1,0
48,2016480473,480473,1,1,0,0,1,407,0,21,2,2016,1,7,15,2,US-59,,30.45043333,-95.0266,32,0,1,1,1,4,1,1,1,0
48,2016480474,480474,1,1,0,1,1,469,7190,21,2,2016,1,10,5,6,SAM HOUSTON DR,RED RIVER ST,28.81582222,-96.9666,8,0,3,3,0,1,1,10,1,0
48,2016480475,480475,3,3,0,0,3,201,0,22,2,2016,2,6,37,8,FM529,,29.8794,-95.6236,12,6,8,1,0,1,3,2,1,0
48,2016480476,480476,2,2,0,1,2,473,0,22,2,2016,2,19,21,8,FM359,,29.85620556,-95.9948,8,0,1,1,0,1,2,10,1,0
48,2016480477,480477,2,2,0,0,2,27,7031,23,2,2016,3,2,40,1,I-35,,31.20901944,-97.3022,25,0,1,1,1,3,2,2,1,0
48,2016480478,480478,1,1,0,1,1,361,5100,23,2,2016,3,0,2,7,I-10,,30.12112778,-93.7675,9,0,18,1,0,1,2,1,1,0
48,2016480479,480479,1,1,0,0,1,371,0,23,2,2016,3,8,0,2,US-285,,31.06121389,-103.168,1,0,1,1,0,1,1,10,1,0
48,2016480480,480480,1,1,0,0,1,439,0,22,2,2016,2,7,12,8,FM1220 MORRIS DIDO NEWARK RD,,32.91928611,-97.4696,38,0,1,1,0,5,2,2,1,0
48,2016480481,480481,1,1,0,1,1,201,0,24,2,2016,4,5,35,4,CR-CROSBY EASTGATE RD,,29.9622,-95.0212,9,0,1,1,0,1,2,1,1,0
48,2016480482,480482,2,2,0,0,3,423,0,24,2,2016,4,17,0,3,SR-49 LOOP TOLL,,32.31510556,-95.4172,12,2,1,1,0,1,1,1,2,2
48,2016480483,480483,1,1,0,0,2,85,4230,25,2,2016,5,21,18,7,US-75 CENTRAL EXPY,,33.22648333,-96.6332,33,0,1,1,1,4,3,1,1,1
48,2016480484,480484,1,1,0,0,1,113,1730,25,2,2016,5,0,12,1,I-30/US-67 RL THORNTON FWY,,32.79452778,-96.6999,30,0,19,1,0,4,3,1,1,0
48,2016480485,480485,1,1,0,1,1,201,5230,25,2,2016,5,16,46,6,ALLENDALE RD,ALLEN GENOA RD,29.68329444,-95.2295,8,0,3,4,0,1,1,1,1,0
48,2016480486,480486,1,1,0,0,1,213,0,25,2,2016,5,19,40,8,SL7 DEWITT C GREER LP,,32.16821389,-95.8432,52,0,1,1,0,4,2,1,1,1
48,2016480487,480487,1,1,0,0,2,25,0,26,2,2016,6,12,34,2,US-181,,28.17005556,-97.5992,1,0,1,1,0,4,1,1,1,0
48,2016480488,480488,1,1,0,1,2,121,1840,26,2,2016,6,19,23,8,FM2181,,33.14190833,-97.1052,8,0,1,1,0,1,3,1,1,0
48,2016480489,480489,3,3,0,0,3,201,0,26,2,2016,6,6,0,4,CR-LOUETTA,,30.00938056,-95.545,12,2,1,1,0,1,3,1,1,0
48,2016480490,480490,2,2,0,0,4,201,0,26,2,2016,6,14,21,7,SL8 SAM HOUSTON PKWY,CR-ANTOINE DR,29.93775833,-95.4832,12,6,2,2,0,1,1,1,2,0
48,2016480491,480491,1,1,0,1,2,201,5230,26,2,2016,6,21,9,6,RED BLUFF RD,JANA LN,29.67704722,-95.1431,8,0,3,2,0,1,2,1,1,0
48,2016480492,480492,1,1,0,0,1,113,1730,27,2,2016,7,21,0,6,MILITARY PKWY,,32.76825833,-96.6732,35,0,1,1,0,4,3,1,1,1
48,2016480493,480493,1,1,0,1,1,141,2190,27,2,2016,7,15,10,8,FM2529 MCCOMBS ST,EDINBURG DR,31.91531667,-106.407,8,0,3,3,0,1,1,1,1,1
48,2016480494,480494,1,1,0,0,1,201,3280,27,2,2016,7,0,20,1,I-610RAMP,,29.80962778,-95.3348,26,0,5,1,0,4,3,1,1,1
48,2016480495,480495,1,1,0,1,1,201,3280,27,2,2016,7,20,38,6,VAN FLEET ST,,29.67390556,-95.3346,8,0,1,1,0,1,3,1,1,0
48,2016480496,480496,1,1,0,1,2,201,3280,27,2,2016,7,23,50,1,I-610RAMP,,29.67923611,-95.4337,8,0,20,1,0,1,2,1,1,1
48,2016480497,480497,2,2,0,1,3,379,5419,27,2,2016,7,16,13,2,US-69,,32.92483333,-95.8646,9,0,1,1,0,1,1,1,1,0
48,2016480498,480498,2,2,0,0,5,29,6090,28,2,2016,1,21,48,7,I-35,FM1976 WALZEM RD,29.51028056,-98.3972,12,2,2,2,0,1,3,1,2,1
48,2016480499,480499,1,1,0,1,1,61,940,28,2,2016,1,23,1,8,FM3248 ALTON GLOOR BLVD,,25.97796944,-97.5198,8,0,18,1,0,1,3,1,1,0
48,2016480500,480500,1,1,0,1,1,181,6350,28,2,2016,1,21,23,8,FM1417 HERITAGE PKWY,TAYLOR ST,33.65125833,-96.642,8,0,2,2,0,1,2,1,1,0
48,2016480501,480501,1,1,0,0,2,201,3280,28,2,2016,1,2,37,6,BISSONNET ST,,29.69599722,-95.4906,33,0,1,1,0,3,3,1,1,1
48,2016480502,480502,1,1,0,0,4,161,0,29,2,2016,2,14,43,1,I-45,,31.60475,-96.156,1,0,1,1,0,1,1,1,1,0
48,2016480503,480503,3,2,1,0,2,375,150,29,2,2016,2,10,35,6,12TH AVE,ADAMS ST,35.22616389,-101.845,12,6,2,2,0,1,1,1,1,0
48,2016480504,480504,2,2,0,0,2,135,0,31,1,2016,1,12,27,8,FM 2020/UNIVERSITY,CR-FLAMINGO AVE,31.83976111,-102.506,12,6,2,2,0,1,1,1,1,0