STATE,YEAR_ST_CASE,ST_CASE,VE_TOTAL,VE_FORMS,PVH_INVL,PEDS,PERSONS,COUNTY,CITY,DAY,MONTH,YEAR,DAY_WEEK,HOUR,MINUTE,ROUTE,TWAY_ID,TWAY_ID2,LATITUDE,LONGITUD,HARM_EV,MAN_COLL,RELJCT2,TYP_INT,WRK_ZONE,REL_ROAD,LGT_COND,WEATHER,FATALS,DRUNK_DR
48,2016480505,480505,2,2,0,1,3,135,0,14,2,2016,1,2,33,2,US-385,,31.77683889,-102.369,12,1,1,1,0,1,2,1,1,0
48,2016480506,480506,1,1,0,0,11,479,0,18,2,2016,5,4,44,2,US-59/LLOYD BENTSEN HWY,,27.69566111,-99.0374,18,0,1,1,0,4,2,1,4,0
48,2016480507,480507,1,1,0,0,1,471,0,19,2,2016,6,15,45,8,FM 405,,30.77135,-95.3944,42,0,1,1,0,4,1,10,1,0
48,2016480508,480508,2,2,0,0,6,339,0,21,2,2016,1,18,30,8,FM 1484,,30.39476111,-95.3997,12,6,1,1,0,1,1,1,1,0
48,2016480509,480509,3,3,0,0,5,113,1730,25,2,2016,5,1,44,1,I-45/JULIUS SCHEPPS FWY,,32.72853889,-96.7632,12,1,1,1,0,1,2,1,1,0
48,2016480510,480510,1,1,0,0,1,343,0,25,2,2016,5,1,26,2,US-259,,33.21723889,-94.7449,42,0,1,1,0,4,2,1,1,0
48,2016480511,480511,2,2,0,0,2,439,502,25,2,2016,5,23,18,3,SR-183,,32.83895833,-97.1507,12,6,1,1,0,1,3,1,1,0
48,2016480512,480512,1,1,0,1,1,135,5030,26,2,2016,6,11,19,8,FM 1882/WEST COUNTRY RD,,31.86651389,-102.398,8,0,8,1,0,11,1,1,1,0
48,2016480513,480513,1,1,0,0,1,423,0,26,2,2016,6,19,30,8,FM 344,,32.14635,-95.4256,1,0,1,1,0,4,2,1,1,1
48,2016480514,480514,2,2,0,0,3,453,330,26,2,2016,6,9,47,8,FM 2222,,30.39162778,-97.8305,12,1,1,1,0,1,1,1,1,0
48,2016480515,480515,2,2,0,0,5,135,0,27,2,2016,7,20,38,2,US-385,CR-100TH ST,31.95548889,-102.408,12,6,2,2,0,1,2,1,1,1
48,2016480516,480516,1,1,0,0,1,215,0,28,2,2016,1,22,45,4,CR-SIOUX RD,CR-GOLIE RD,26.20551944,-98.0574,34,0,3,3,0,4,2,1,1,0
48,2016480517,480517,1,1,0,0,1,145,0,29,2,2016,2,5,42,3,SR-320,,31.2604,-96.9923,1,0,1,1,0,1,2,10,1,1
48,2016480518,480518,2,2,0,0,3,367,0,29,2,2016,2,12,5,3,SR-171,,32.71168056,-97.7786,12,2,1,1,0,1,1,1,2,0
48,2016480519,480519,4,4,0,0,4,15,0,1,3,2016,3,12,48,1,I-10,,29.77115833,-96.037,12,6,1,1,0,1,1,1,1,0
48,2016480520,480520,1,1,0,1,1,91,0,1,3,2016,3,12,26,4,CR-KUEGER CANYON DR,,29.67281944,-98.1991,9,0,1,1,0,1,1,1,1,0
48,2016480521,480521,1,1,0,0,1,113,1730,1,3,2016,3,12,23,1,I-20 LBJ FWY,,32.6542,-96.8774,21,0,19,1,0,4,1,1,1,0
48,2016480522,480522,2,2,0,0,3,113,1730,1,3,2016,3,16,25,6,CAMP WISDOM RD,CHAUCER PL,32.66206944,-96.8679,1,0,2,3,0,1,1,1,1,0
48,2016480523,480523,2,2,0,1,1,121,0,1,3,2016,3,20,43,1,I-35E/US-77,,33.10200278,-97.0276,12,1,1,1,1,1,2,1,1,0
48,2016480524,480524,2,2,0,0,5,479,0,1,3,2016,3,12,18,2,US-59 LLOYD BENTSON HWY,,27.58840278,-99.2899,12,2,1,1,0,2,1,1,4,0
48,2016480525,480525,2,2,0,0,4,29,6090,2,3,2016,4,19,59,8,SL13 WW WHITE RD,,29.42668056,-98.4054,12,6,8,1,0,1,3,1,1,0
48,2016480526,480526,2,2,0,0,2,89,0,2,3,2016,4,12,24,1,I-10,,29.692025,-96.6404,57,0,1,1,0,3,1,1,1,0
48,2016480527,480527,1,1,0,1,1,141,2190,2,3,2016,4,3,25,2,US-54,,31.8588,-106.441,8,0,1,1,0,1,3,1,1,0
48,2016480528,480528,1,1,0,1,1,141,2190,2,3,2016,4,22,7,2,US-85/SR-62 PAISANO,,31.76470833,-106.51,8,0,1,1,0,1,2,1,1,0
48,2016480529,480529,1,1,0,0,1,185,0,2,3,2016,4,23,5,4,CR-418 INDUSTRIAL DR,,30.36660833,-96.0842,58,0,1,1,0,4,3,1,1,0
48,2016480530,480530,2,2,0,0,2,225,0,2,3,2016,4,7,34,3,SR-7,,31.32341111,-95.3767,12,1,8,1,0,1,1,1,1,0
48,2016480531,480531,2,2,0,0,2,251,1030,2,3,2016,4,19,44,1,I-35 W,,32.45831667,-97.262,12,1,1,1,1,1,2,1,1,0
48,2016480532,480532,1,1,0,0,1,451,0,2,3,2016,4,0,0,8,FM 1692,US-67,31.55225278,-100.294,38,0,3,2,0,4,2,1,1,1
48,2016480533,480533,1,1,0,1,1,473,3580,2,3,2016,4,4,33,1,I-10,,29.77724722,-95.8845,8,0,1,1,0,1,2,1,1,0
48,2016480534,480534,1,1,0,1,1,113,1240,3,3,2016,5,22,10,2,US-67,,32.58540833,-96.9507,8,0,1,1,0,1,2,1,1,0
48,2016480535,480535,2,2,0,0,3,141,0,3,3,2016,5,11,15,3,SR-20 DONIPHAN DR,,31.97245556,-106.604,12,2,1,1,0,1,1,1,1,0
48,2016480536,480536,2,2,0,0,2,157,4655,3,3,2016,5,6,17,2,US-90 A,,29.61870833,-95.538,12,6,18,1,0,1,2,1,1,0
48,2016480537,480537,1,1,0,0,2,179,5190,3,3,2016,5,23,29,6,STARKWEATHER ST,,35.53654722,-100.956,10,0,6,1,0,1,3,1,2,0
48,2016480538,480538,2,2,0,0,2,201,0,3,3,2016,5,20,45,4,CR-C E KING PKWY,,29.87804722,-95.2084,12,2,1,1,0,1,2,1,1,0
48,2016480539,480539,3,3,0,0,7,21,0,4,3,2016,6,14,1,2,US-290,FM 2336,30.27932778,-97.2423,12,2,2,2,0,1,1,1,4,0
48,2016480540,480540,1,1,0,0,1,29,0,4,3,2016,6,22,56,2,US-181,,29.27448611,-98.3207,30,0,1,1,0,4,2,1,1,0
48,2016480541,480541,2,2,0,0,5,71,0,4,3,2016,6,18,49,8,FM 1942,,29.84768333,-94.9582,12,2,1,1,0,1,2,1,1,0
48,2016480542,480542,2,2,0,0,2,93,0,4,3,2016,6,9,35,3,SR-6,,32.09165,-98.4436,12,6,1,1,0,1,1,1,1,0
48,2016480543,480543,1,1,0,2,1,181,6350,4,3,2016,6,20,49,8,FM 1417,,33.65363611,-96.6423,8,0,1,1,0,1,2,1,1,1
48,2016480544,480544,2,2,0,0,4,199,0,4,3,2016,6,22,45,3,SR-327,,30.34445833,-94.2508,12,2,1,1,0,1,2,1,1,1
48,2016480545,480545,2,2,0,0,2,201,0,4,3,2016,6,4,40,4,CR-ATASCOCITA RD,,29.99410278,-95.1757,12,6,1,1,0,1,3,1,1,1
48,2016480546,480546,1,1,0,0,1,201,0,4,3,2016,6,20,9,4,CR-POSTWOOD GLEN LN,,30.04990556,-95.3507,19,0,1,1,0,5,2,1,1,0
48,2016480547,480547,1,1,0,1,1,215,4197,4,3,2016,6,20,43,3,SR-336 10TH ST,,26.25234722,-98.2217,8,0,1,1,0,1,3,1,1,0
48,2016480548,480548,2,2,0,0,2,325,0,4,3,2016,6,20,30,8,FM 1957,,29.43117778,-98.8133,12,2,1,1,0,1,1,1,1,0
48,2016480549,480549,1,1,0,1,2,113,1730,5,3,2016,7,2,25,3,SR-183 JOHN CARPENTER FWY,,32.82467222,-96.8815,8,0,1,1,0,1,2,1,1,0
48,2016480550,480550,2,2,0,0,4,113,2590,5,3,2016,7,1,4,6,LAWLER RD,YALE DR,32.92392778,-96.6926,12,6,2,2,0,1,3,1,2,1
48,2016480551,480551,1,1,0,0,1,149,0,5,3,2016,7,13,23,2,US-77,,29.84874722,-96.9069,42,0,1,1,0,4,1,1,1,0
48,2016480552,480552,2,2,0,0,2,245,490,5,3,2016,7,15,24,2,US-90 COLLEGE ST,,30.06812778,-94.1388,12,2,1,1,0,11,1,1,1,0
48,2016480553,480553,2,2,0,0,5,477,0,5,3,2016,7,21,17,8,FM 389,,30.12708889,-96.4781,12,6,1,1,0,1,2,1,1,1
48,2016480554,480554,1,1,0,1,5,29,6090,6,3,2016,1,0,15,8,SL-13 MILITARY DR,,29.35403056,-98.4771,8,0,1,1,0,1,3,1,1,0
48,2016480555,480555,1,1,0,1,1,29,6090,6,3,2016,1,3,39,6,ZARZAMORA,,29.37090556,-98.534,8,0,1,1,0,1,3,1,1,0
48,2016480556,480556,1,1,0,1,1,41,0,6,3,2016,1,22,50,8,FM 60,,30.56927778,-96.4044,8,0,1,1,0,1,2,1,1,0
48,2016480557,480557,1,1,0,0,2,61,940,6,3,2016,1,2,30,6,OLD PORT ISABEL RD,,25.94204444,-97.4692,38,0,1,1,0,5,3,1,1,1
48,2016480558,480558,1,1,0,1,2,113,1730,6,3,2016,1,22,35,6,POLK ST,LEGENDARY LN,32.69976667,-96.84,8,0,3,3,0,1,3,1,1,0
48,2016480559,480559,1,1,0,0,1,149,0,6,3,2016,1,1,7,8,FM 2503,,29.87265833,-96.6657,32,0,1,1,0,4,2,1,1,1
48,2016480560,480560,1,1,0,0,1,201,3280,6,3,2016,1,20,30,7,I-45,,29.96252778,-95.419,33,0,1,1,0,10,2,1,1,0
48,2016480561,480561,1,1,0,0,1,309,0,6,3,2016,1,20,10,1,I-35,,31.8275,-97.0946,59,0,1,1,0,4,3,1,1,1
48,2016480562,480562,1,1,0,0,1,375,150,6,3,2016,1,1,4,6,15TH AVE,,35.22936389,-101.812,33,0,1,1,0,4,2,1,1,1
48,2016480563,480563,2,2,0,0,3,53,0,7,3,2016,2,12,10,2,US-281 AMERICAN LEGION MEM HWY,,30.65863611,-98.2563,12,6,8,1,0,1,1,10,1,0
48,2016480564,480564,2,2,0,0,2,113,3420,7,3,2016,2,6,17,7,SR-161,WALNUT HILL LN,32.86603611,-97.0038,12,2,2,2,0,1,3,1,1,0
48,2016480565,480565,1,1,0,0,1,201,3280,7,3,2016,2,23,29,8,US90 WAYSIDE DR,,29.76050833,-95.2945,33,0,1,1,0,3,2,10,1,1
48,2016480566,480566,2,2,0,0,2,381,150,7,3,2016,2,21,24,8,SL335 SONCY RD,BUCCOLA AVE,35.14067778,-101.938,12,6,2,3,0,1,2,1,1,0
48,2016480567,480567,1,1,0,0,1,141,2190,8,3,2016,3,9,29,6,REDD RD,,31.86385,-106.569,43,0,1,1,0,4,1,10,1,1
48,2016480568,480568,1,1,0,0,2,201,3280,8,3,2016,3,4,7,6,WAYSIDE,,29.8251,-95.2844,33,0,1,1,0,3,3,10,1,1
48,2016480569,480569,3,3,0,0,4,453,330,8,3,2016,3,10,48,8,RM2222 NORTHLAND DR,SL1 MOPAC,30.33682222,-97.7559,12,6,2,2,0,1,1,10,1,0
48,2016480570,480570,1,1,0,0,2,113,1730,9,3,2016,4,15,40,6,WESTMORELAND RD,,32.7587,-96.8741,30,0,1,1,0,4,1,2,1,0
48,2016480571,480571,2,2,0,0,2,201,480,9,3,2016,4,6,52,3,SR-146E BUSINESS,,29.7136,-94.9826,12,6,1,1,0,1,4,2,1,0
48,2016480572,480572,2,1,1,0,1,215,2110,9,3,2016,4,18,2,1,I-69C,,26.35230278,-98.1478,25,0,1,1,0,3,3,2,1,0
48,2016480573,480573,2,2,0,0,2,339,1510,9,3,2016,4,5,8,1,I-45,,30.28565556,-95.4612,12,6,1,1,0,1,3,2,1,0
48,2016480574,480574,2,2,0,0,2,375,0,9,3,2016,4,5,40,2,US-60,,35.24576389,-101.672,12,1,1,1,0,1,2,10,1,1
48,2016480575,480575,2,1,1,1,2,29,0,10,3,2016,5,14,17,4,CR-BABCOCK RD,,29.63043333,-98.6537,8,0,1,1,0,1,1,2,1,0
48,2016480576,480576,2,2,0,0,2,183,0,10,3,2016,5,6,49,3,SR-149,,32.38917222,-94.6653,12,6,1,1,0,1,1,2,1,0
48,2016480577,480577,1,1,0,0,1,201,3280,10,3,2016,5,20,39,8,UA90 OLD SPANISH TRL,,29.70845,-95.338,42,0,1,1,0,4,3,10,1,0
48,2016480578,480578,2,2,0,0,3,231,0,10,3,2016,5,11,54,3,SR-34,,32.99260278,-96.1081,12,2,1,1,0,1,1,10,2,1
48,2016480579,480579,2,2,0,0,3,241,0,10,3,2016,5,8,36,3,SR-63,,31.02611111,-94.1681,12,6,1,1,0,1,1,2,2,0
48,2016480580,480580,1,1,0,0,1,419,0,10,3,2016,5,20,21,8,FM699,,31.94533611,-94.1618,42,0,1,1,0,4,2,10,1,0
48,2016480581,480581,1,1,0,1,1,29,6090,11,3,2016,6,19,33,8,SL368 AUSTIN HWY,,29.51048611,-98.4075,8,0,1,1,0,1,3,2,1,0
48,2016480582,480582,1,1,0,1,1,453,330,11,3,2016,6,5,12,7,I-35,,30.27060833,-97.7324,8,0,18,1,0,1,2,2,1,0
48,2016480583,480583,1,1,0,0,1,85,1730,12,3,2016,7,1,30,6,MIDWAY RD,,32.98878611,-96.8426,30,0,1,1,0,3,3,10,1,1
48,2016480584,480584,1,1,0,1,1,113,1730,12,3,2016,7,19,56,6,HOLCOMB RD,,32.73566111,-96.6743,8,0,1,1,0,1,3,1,1,0
48,2016480585,480585,1,1,0,1,2,141,2190,12,3,2016,7,3,15,8,SL375,,31.81958333,-106.272,8,0,20,1,0,1,2,1,1,0
48,2016480586,480586,1,1,0,0,2,201,3280,12,3,2016,7,5,58,7,I-10,,29.78519444,-95.6583,30,0,1,1,0,10,4,10,1,1
48,2016480587,480587,1,1,0,0,2,441,30,12,3,2016,7,19,25,1,I-20,,32.48115556,-99.7754,52,0,19,1,0,3,3,1,1,0
48,2016480588,480588,2,2,0,0,3,245,5430,13,3,2016,1,3,22,2,US-69 MEMORIAL BLVD,,29.92768333,-93.9682,12,2,1,1,0,1,2,1,1,1
48,2016480589,480589,1,1,0,0,2,15,0,14,3,2016,2,11,31,1,I-10,,29.77356944,-96.0728,24,0,1,1,0,4,1,1,1,0
48,2016480590,480590,2,2,0,0,3,303,4140,14,3,2016,2,18,29,2,US-84 AVE Q,,33.54819722,-101.855,12,6,8,1,0,1,1,1,1,0
48,2016480592,480592,1,1,0,0,1,245,5430,15,3,2016,3,19,44,3,SR-82/MLK BLVD,,29.778325,-93.9395,30,0,1,1,0,4,5,10,1,0
48,2016480593,480593,2,2,0,0,2,367,0,15,3,2016,3,14,20,3,SR-171/CLEBURNE HWY,,32.60793056,-97.6872,12,2,1,1,0,1,1,1,1,0
48,2016480594,480594,1,1,0,0,3,201,3320,20,1,2016,4,23,22,6,WILSON RD,,29.96681111,-95.2482,32,0,1,1,0,4,3,10,1,0
48,2016480595,480595,1,1,0,0,1,479,3899,31,1,2016,1,3,33,1,I-35,,27.57090833,-99.5027,1,0,20,1,0,1,3,1,1,1
48,2016480596,480596,2,2,0,0,1,201,3280,17,2,2016,4,20,40,1,I-610/EAST LP N,,29.75608333,-95.2653,12,1,1,1,0,1,2,1,1,0
48,2016480597,480597,2,2,0,0,3,479,3899,25,2,2016,5,9,57,8,BU-59/SANDERS ST/LLOYD BENTSEY,SPRINGFIELD,27.53059444,-99.4927,12,6,2,2,0,1,1,1,1,0
48,2016480598,480598,2,2,0,0,2,29,6090,26,2,2016,6,23,52,6,RECTOR,,29.51689444,-98.4919,12,6,8,1,0,1,3,1,1,1
48,2016480599,480599,1,1,0,0,2,145,0,27,2,2016,7,19,6,8,FM 2117,,31.33258056,-96.9306,1,0,1,1,0,4,2,1,1,1
48,2016480600,480600,2,2,0,0,3,301,0,29,2,2016,2,6,30,8,FM 652,,31.95686111,-103.764,12,2,1,1,0,2,2,1,1,0
48,2016480601,480601,4,4,0,0,6,367,0,2,3,2016,4,7,50,3,SR-171,,32.6315,-97.6974,12,8,1,1,0,1,1,1,1,0
48,2016480602,480602,1,1,0,0,1,201,0,5,3,2016,7,3,20,7,SL8 SAM HOUSTON PKWY,,29.5963,-95.4314,33,0,1,1,0,4,3,1,1,1
48,2016480603,480603,1,1,0,1,1,215,4197,5,3,2016,7,3,51,1,I-2/US-83,,26.18901944,-98.2283,8,0,1,1,0,1,3,1,1,0
48,2016480604,480604,2,2,0,0,3,257,0,5,3,2016,7,1,34,2,US-80,,32.77195556,-96.4925,12,2,1,1,0,1,2,1,3,2
48,2016480605,480605,1,1,0,1,3,201,3280,6,3,2016,1,20,45,1,I-45 NORTH FWY,,29.84283611,-95.3911,8,0,1,1,0,1,3,1,1,0
48,2016480606,480606,2,2,0,0,3,229,0,7,3,2016,2,21,29,1,I-10,,31.13113611,-105.209,12,1,1,1,0,1,2,1,1,0
48,2016480607,480607,2,2,0,0,3,367,0,9,3,2016,4,18,5,8,FM51,,32.91941389,-97.7116,12,2,1,1,0,1,1,2,1,0
48,2016480608,480608,4,4,0,0,5,141,2190,10,3,2016,5,15,14,6,LEE TREVINO DR,,31.75380556,-106.319,12,1,1,1,0,1,1,1,1,0
48,2016480609,480609,1,1,0,0,1,201,0,10,3,2016,5,1,55,7,I-45 NORTH FWY,,30.08461944,-95.4367,59,0,19,1,0,10,3,2,1,1
48,2016480610,480610,2,2,0,0,2,275,0,10,3,2016,5,3,32,2,US-82/SR-114,,33.58359722,-99.8433,11,0,1,1,0,1,2,10,1,0
48,2016480611,480611,2,1,1,0,2,439,260,10,3,2016,5,23,35,6,FIELDER RD,,32.70566111,-97.132,41,0,1,1,0,4,2,2,1,1
48,2016480612,480612,1,1,0,1,1,29,6090,11,3,2016,6,20,28,6,SAN PEDRO AVE,,29.5024,-98.4992,8,0,1,1,0,1,3,10,1,0
48,2016480613,480613,1,1,0,0,1,237,0,11,3,2016,6,20,15,2,US-380,,33.16576667,-98.3695,42,0,1,1,0,4,2,5,1,0
48,2016480614,480614,1,1,0,0,2,111,0,12,3,2016,7,6,50,2,US-54,,36.187675,-102.317,1,0,1,1,0,4,1,1,1,0
48,2016480615,480615,2,2,0,0,3,135,0,12,3,2016,7,19,27,3,SR-302,FM866,31.89912222,-102.586,12,6,2,2,0,1,2,1,1,1
48,2016480616,480616,1,1,0,0,1,219,0,12,3,2016,7,4,28,2,US-3855,FM1585,33.50150556,-102.375,43,0,3,3,0,4,2,1,1,1
48,2016480617,480617,2,2,0,1,3,395,0,12,3,2016,7,9,45,2,US-190/SR-6,,30.77658333,-96.4909,9,0,8,1,0,5,1,10,1,0
48,2016480618,480618,1,1,0,0,1,139,4570,13,3,2016,1,23,20,6,MCALPIN RD,,32.42027778,-96.9677,1,0,1,1,0,1,2,1,1,1
48,2016480619,480619,1,1,0,2,2,157,0,13,3,2016,1,20,0,4,CR-AIRPORT BLVD,,29.64888333,-95.6488,8,0,1,1,0,1,2,1,1,0
48,2016480620,480620,2,2,0,0,2,183,0,14,3,2016,2,10,1,2,US-259,,32.57207778,-94.7354,12,6,8,1,0,1,1,1,1,0
48,2016480621,480621,1,1,0,0,1,201,3280,14,3,2016,2,22,45,1,I-610 SOUTH LOOP,,29.68624444,-95.3392,52,0,1,1,0,10,3,10,1,0
48,2016480622,480622,2,2,0,0,4,201,3280,14,3,2016,2,19,6,8,FM 865 CULLEN BLVD,,29.66209722,-95.3556,12,1,8,1,0,1,3,1,1,0
48,2016480624,480624,1,1,0,2,1,29,6090,15,3,2016,3,20,0,8,FM 1976 WALZEM RD,FENWAY DR,29.5103,-98.377,15,0,2,2,0,1,3,10,1,0
48,2016480625,480625,1,1,0,0,2,453,330,16,3,2016,4,0,7,6,CESAR CHAVEZ ST,,30.26756111,-97.7578,1,0,1,1,0,4,3,1,1,0
48,2016480626,480626,4,1,3,0,2,113,2310,17,3,2016,5,1,43,6,VALWOOD PKWY,,32.93852778,-96.8976,14,0,1,1,0,2,3,1,1,1
48,2016480627,480627,1,1,0,1,3,201,3280,18,3,2016,6,22,23,8,SL-8 SAM HOUSTON PKWY,,29.69851944,-95.5572,8,0,1,1,0,1,3,10,1,0
48,2016480628,480628,1,1,0,1,1,347,0,18,3,2016,6,0,55,3,SR-7,CR-612,31.57569722,-94.6992,8,0,1,1,0,1,2,1,1,1
48,2016480629,480629,1,1,0,0,1,497,0,19,3,2016,7,19,55,4,CR-SALT CREEK RD,,33.01564444,-97.813,31,0,1,1,0,4,2,1,1,1
48,2016480630,480630,1,1,0,0,1,439,2450,21,3,2016,2,1,13,8,BU-287 P RIVERSIDE DR,,32.698675,-97.3052,30,0,1,1,0,4,3,1,1,1
48,2016480632,480632,3,3,0,0,7,29,6090,22,2,2016,2,8,55,1,I-410,,29.44742778,-98.6348,12,1,18,1,0,1,1,2,1,0
48,2016480633,480633,2,2,0,0,3,29,6090,26,2,2016,6,14,10,6,GENERAL MCMULLEN DR,CERALVO ST,29.40944167,-98.5568,12,1,3,2,0,1,1,1,1,0
48,2016480634,480634,1,1,0,0,1,375,150,27,2,2016,7,22,25,6,OLSEN BLVD,PARAMOUNT BLVD,35.18448889,-101.875,33,0,3,3,0,8,3,1,1,1
48,2016480635,480635,3,3,0,0,5,99,0,28,2,2016,1,2,1,2,US-190,,31.12143611,-97.8618,12,6,1,1,0,2,3,1,2,2
48,2016480636,480636,2,2,0,0,2,55,4372,3,3,2016,5,14,36,3,SR-80 SAN MARCOS HWY,QUAIL RUN,29.85070833,-97.8534,12,6,2,2,0,1,1,1,1,0
48,2016480637,480637,6,6,0,0,10,141,2190,4,3,2016,6,13,33,6,STANTON,SCHUSTER,31.77034167,-106.496,12,98,3,2,0,1,1,1,1,0
48,2016480638,480638,2,2,0,0,2,329,0,5,3,2016,7,6,35,8,FM 1379,,31.75383333,-101.84,12,1,1,1,0,1,2,1,1,0
48,2016480639,480639,2,1,1,0,4,491,2620,6,3,2016,1,2,20,1,I-35,,30.71341111,-97.647,14,0,19,1,0,2,3,1,1,1
48,2016480640,480640,3,3,0,0,4,475,0,9,3,2016,4,9,57,1,I-20,,31.54101389,-103.063,12,6,1,1,0,1,1,2,2,0
48,2016480641,480641,1,1,0,0,1,165,0,11,3,2016,6,15,48,4,CR-301K,,32.66786944,-102.666,38,0,1,1,0,5,1,1,1,1
48,2016480642,480642,3,3,0,0,4,453,0,11,3,2016,6,17,13,3,SR-71,CR-BEE CREEK RD,30.33141944,-98.0247,12,6,2,3,0,1,1,10,1,0
48,2016480643,480643,1,1,0,0,1,439,0,12,3,2016,7,7,18,2,US-81/US287,,32.96779444,-97.4181,21,0,1,1,0,3,3,2,1,1
48,2016480644,480644,1,1,0,0,2,61,0,13,3,2016,1,22,35,8,FM 2925/BROWN TRACT RD,,26.25391944,-97.529,1,0,1,1,0,4,2,1,1,0
48,2016480645,480645,1,1,0,0,1,135,5030,13,3,2016,1,23,16,6,EASTRIDGE RD,,31.89596667,-102.31,33,0,1,1,0,4,3,1,1,1
48,2016480646,480646,1,1,0,0,2,167,6213,13,3,2016,1,0,2,6,SHOUSE,,29.40446667,-95.1107,42,0,1,1,0,4,2,1,1,1
48,2016480647,480647,1,1,0,0,1,201,3280,15,3,2016,3,22,30,6,BRAESWOOD BLVD,,29.69531944,-95.4203,33,0,1,1,0,3,3,10,1,1
48,2016480648,480648,1,1,0,0,4,219,0,15,3,2016,3,13,48,2,US-62,,33.42608889,-102.147,1,0,1,1,0,4,1,1,3,0
48,2016480649,480649,3,1,2,0,1,39,130,16,3,2016,4,15,16,3,SR-35 BUSINESS,,29.44018056,-95.2448,14,0,1,1,0,5,1,1,1,0
48,2016480650,480650,1,1,0,0,1,85,4230,16,3,2016,4,15,47,2,US-75,,33.24055278,-96.6295,25,0,1,1,0,3,1,1,1,1
48,2016480651,480651,1,1,0,1,1,167,6171,16,3,2016,4,5,40,8,FM 646,21ST ST,29.49823056,-94.931,8,0,3,2,0,1,2,1,1,0
48,2016480653,480653,1,1,0,0,2,261,0,17,3,2016,5,1,15,2,US-77,,27.18308333,-97.7929,1,0,1,1,0,4,2,1,1,0
48,2016480654,480654,5,5,0,0,7,303,4140,17,3,2016,5,11,45,2,US-62 19TH ST,AVENUE Q,33.57781389,-101.855,12,6,2,2,0,1,1,1,1,0
48,2016480655,480655,2,2,0,0,4,21,0,18,3,2016,6,5,22,3,SR-95,,29.94745,-97.1799,12,2,1,1,0,1,2,10,1,1
48,2016480656,480656,2,2,0,0,4,113,1730,18,3,2016,6,14,53,6,COCKRELL HILL RD,,32.70058056,-96.8913,30,0,1,1,0,3,1,10,1,1
48,2016480657,480657,2,2,0,0,6,113,1730,18,3,2016,6,13,39,6,WHEATLAND RD,RACINE DR,32.64784722,-96.8359,12,6,2,3,0,1,1,10,1,1
48,2016480658,480658,1,1,0,0,2,113,5730,18,3,2016,6,4,40,2,US-75 CENTRAL EXPY,,32.9394,-96.7463,25,0,19,1,0,3,6,10,1,1
48,2016480660,480660,1,1,0,0,1,201,3280,18,3,2016,6,9,40,6,MEMORIAL DR,,29.76228056,-95.4114,33,0,5,1,0,4,1,10,1,1
48,2016480662,480662,2,2,0,0,3,277,5220,18,3,2016,6,3,1,3,SR-82 BUSINESS LAMAR AVE,FM 195 20TH ST,33.66124444,-95.5355,12,98,3,2,0,1,3,1,1,0
48,2016480663,480663,2,2,0,0,2,291,1770,18,3,2016,6,12,32,2,US-90,FM 1413,29.98770278,-94.9656,12,6,2,2,0,1,1,10,1,0
48,2016480664,480664,1,1,0,1,1,453,330,18,3,2016,6,21,12,1,I-35,RIVERSIDE DR,30.24808056,-97.7353,8,0,18,1,0,1,3,2,1,0
48,2016480665,480665,1,1,0,0,1,39,0,19,3,2016,7,18,24,8,FM 2611,,28.94831667,-95.589,1,0,1,1,0,4,1,1,1,0
48,2016480666,480666,1,1,0,0,2,113,1870,19,3,2016,7,21,30,7,I-35 E,,32.59071111,-96.8227,33,0,19,1,0,4,3,1,1,0
48,2016480667,480667,2,2,0,1,2,201,0,19,3,2016,7,1,38,4,CR-JONES RD,,29.91811667,-95.5848,8,0,1,1,0,1,2,10,1,0
48,2016480668,480668,1,1,0,1,1,201,480,19,3,2016,7,3,22,3,SR-146,,29.75549722,-94.9402,8,0,1,1,0,1,3,1,1,1
48,2016480669,480669,2,2,0,0,6,291,0,19,3,2016,7,14,40,8,FM 1409,,29.89575556,-94.8141,12,6,1,1,0,1,1,1,1,0
48,2016480670,480670,2,2,0,0,7,297,0,19,3,2016,7,5,20,1,I-37,,28.41001667,-98.075,12,1,1,1,0,1,2,1,1,0
48,2016480671,480671,3,3,0,0,7,407,0,19,3,2016,7,21,50,3,SR-150,,30.56588056,-95.1018,12,1,8,1,0,1,2,1,1,0
48,2016480672,480672,1,1,0,0,2,41,0,20,3,2016,1,18,10,4,CR-MUMFORD RD,,30.72278889,-96.4627,5,0,1,1,0,1,1,1,1,0
48,2016480673,480673,1,1,0,0,1,329,9997,20,3,2016,1,0,9,7,I-20,,31.87573333,-102.283,1,0,1,1,0,10,2,1,1,1
48,2016480674,480674,2,2,0,0,2,167,3220,21,3,2016,2,12,31,8,FM 2004,,29.31415556,-95.0769,12,2,1,1,0,1,1,1,2,0