STATE,YEAR_ST_CASE,ST_CASE,VE_TOTAL,VE_FORMS,PVH_INVL,PEDS,PERSONS,COUNTY,CITY,DAY,MONTH,YEAR,DAY_WEEK,HOUR,MINUTE,ROUTE,TWAY_ID,TWAY_ID2,LATITUDE,LONGITUD,HARM_EV,MAN_COLL,RELJCT2,TYP_INT,WRK_ZONE,REL_ROAD,LGT_COND,WEATHER,FATALS,DRUNK_DR
48,2016480675,480675,2,2,0,0,2,407,0,28,3,2016,2,17,48,3,SR-150,,30.52404722,-95.3352,12,7,1,1,0,1,1,10,1,1
48,2016480676,480676,1,1,0,0,2,201,3280,21,3,2016,2,14,40,6,LEGEND MANOR DR,,29.72111111,-95.5839,5,0,1,1,0,1,1,1,1,0
48,2016480677,480677,1,1,0,1,1,201,3280,21,3,2016,2,16,36,6,LATHROP,LESLIE,29.76923611,-95.3012,8,0,3,3,0,4,1,1,1,0
48,2016480678,480678,2,2,0,0,2,329,0,21,3,2016,2,7,10,8,FM 1379,,31.87203889,-101.811,12,8,1,1,0,1,4,1,1,0
48,2016480679,480679,1,1,0,0,2,471,0,21,3,2016,2,7,20,8,FM 1791,,30.63448056,-95.6969,1,0,1,1,0,4,1,1,1,1
48,2016480680,480680,1,1,0,1,1,201,0,22,3,2016,3,3,40,4,CR-LOUETTA RD,,30.06083056,-95.4516,8,0,1,1,0,1,2,1,1,0
48,2016480682,480682,1,1,0,0,1,201,3280,22,3,2016,3,0,0,1,I-69/EASTEX FWY,,29.94936944,-95.2918,25,0,1,1,0,3,3,1,1,0
48,2016480683,480683,5,5,0,0,6,439,2450,22,3,2016,3,16,12,1,I-820/LOOP 820,,32.76681944,-97.2127,12,1,18,1,0,1,1,1,1,0
48,2016480684,480684,1,1,0,0,1,453,330,22,3,2016,3,15,24,7,SL 1/MOPAC EXPY,,30.38443333,-97.7363,21,0,1,1,0,4,1,1,1,0
48,2016480685,480685,3,3,0,0,3,281,0,23,3,2016,4,14,20,2,US-183,,31.19123056,-98.3776,12,6,1,1,0,1,1,10,1,0
48,2016480686,480686,1,1,0,1,2,29,6090,24,3,2016,5,6,59,6,VANE JACKSON,,29.53786389,-98.55,8,0,1,1,0,1,2,1,1,0
48,2016480687,480687,2,2,0,0,2,113,1730,24,3,2016,5,11,57,2,US-75/CENTRAL EXPY RAMP,,32.79811667,-96.7931,24,0,5,1,0,4,1,1,1,0
48,2016480688,480688,1,1,0,1,1,157,3280,24,3,2016,5,21,45,8,FM 2234/MCHARD RD,,29.58121111,-95.4511,8,0,1,1,0,2,2,1,1,0
48,2016480689,480689,2,2,0,0,3,311,0,24,3,2016,5,18,46,4,CR-36 LANSFORD RD,CR-35 CHILIPITIN RD,28.45861944,-98.7722,12,2,2,3,0,1,5,1,1,0
48,2016480690,480690,1,1,0,0,1,439,3347,24,3,2016,5,0,8,1,I-820,,32.80466389,-97.2121,23,0,5,1,0,4,2,10,1,0
48,2016480691,480691,1,1,0,0,1,441,30,24,3,2016,5,0,5,2,US-84 FIRST ST,MAIN ST,32.45341111,-99.8004,24,0,3,3,0,3,2,1,1,1
48,2016480692,480692,1,1,0,0,5,167,0,25,3,2016,6,21,37,4,CR-GALVESTON,,29.42131111,-94.6912,5,0,1,1,0,1,1,1,1,0
48,2016480693,480693,2,2,0,0,2,201,3280,25,3,2016,6,4,11,6,DACOMA ST,HEMPSTEAD HWY,29.80667778,-95.4669,12,2,2,2,0,1,2,1,1,1
48,2016480694,480694,2,2,0,1,3,303,4140,25,3,2016,6,0,49,1,I-27,,33.56010556,-101.846,12,1,1,1,0,1,3,1,2,0
48,2016480695,480695,1,1,0,0,1,309,7210,25,3,2016,6,2,38,6,VAN AMERICAN DR,,31.48179167,-97.2144,32,0,1,1,0,4,3,1,1,1
48,2016480696,480696,3,3,0,0,2,29,6090,26,3,2016,7,1,55,1,I-35,MEADOW MOUNTAIN DR,29.54128889,-98.3765,12,1,18,1,0,1,3,1,1,1
48,2016480697,480697,2,2,0,0,5,141,2190,26,3,2016,7,2,8,1,I-10 / US-19,,31.76430833,-106.486,12,1,18,1,0,1,3,1,1,1
48,2016480699,480699,2,2,0,0,2,201,0,26,3,2016,7,16,10,8,FM 1942,,29.84360278,-94.9846,1,0,1,1,0,1,1,1,1,0
48,2016480700,480700,1,1,0,0,1,277,0,26,3,2016,7,22,57,8,FM 38,,33.703425,-95.7673,43,0,1,1,0,4,2,1,1,0
48,2016480701,480701,1,1,0,0,2,397,3076,26,3,2016,7,0,31,8,FM1130 SMIRL DR,TRANQUILITY DR,32.84436389,-96.4845,32,0,1,1,0,4,2,1,1,1
48,2016480702,480702,1,1,0,1,1,29,6090,29,3,2016,3,1,21,3,SR-16 BANDERA RD,,29.508025,-98.6295,8,0,1,1,0,1,2,1,1,0
48,2016480703,480703,1,1,0,0,3,29,6090,27,3,2016,1,23,46,7,I-35,,29.36229167,-98.5217,42,0,1,1,0,4,3,1,2,1
48,2016480704,480704,2,1,1,2,2,257,9997,27,3,2016,1,19,26,2,US-175,,32.64355278,-96.5131,14,0,1,1,0,2,1,1,2,0
48,2016480705,480705,1,1,0,0,1,339,0,27,3,2016,1,6,50,3,SR-105,,30.33311944,-95.3463,42,0,1,1,0,4,2,1,1,0
48,2016480706,480706,1,1,0,0,1,401,0,27,3,2016,1,0,12,8,FM2658,,32.22965,-94.5896,24,0,1,1,0,4,2,1,1,0
48,2016480707,480707,1,1,0,0,1,491,6780,27,3,2016,1,19,38,2,US-79 CARLOS G PARKER BLVD,,30.55950556,-97.4302,1,0,1,1,0,3,1,1,1,1
48,2016480708,480708,1,1,0,0,1,407,0,28,3,2016,2,10,48,2,US-59,,30.46491389,-95.0184,1,0,1,1,0,3,1,1,1,0
48,2016480709,480709,2,2,0,0,3,339,1510,29,3,2016,3,8,54,8,SL336,,30.281225,-95.4714,12,6,1,1,0,1,1,1,1,0
48,2016480710,480710,2,2,0,0,2,21,0,30,3,2016,4,14,35,3,SR-71,,29.97665278,-97.1087,12,2,1,1,0,1,1,10,1,0
48,2016480712,480712,1,1,0,0,1,201,3280,26,2,2016,6,12,55,6,GRAY ST,,29.75306944,-95.4048,33,0,1,1,0,4,1,1,1,0
48,2016480713,480713,1,1,0,0,4,135,0,2,3,2016,4,23,34,3,SR-302,,31.92071389,-102.634,38,0,1,1,0,5,2,1,1,0
48,2016480714,480714,2,2,0,0,7,147,0,6,3,2016,1,20,41,3,SR-56,,33.57723889,-95.9538,12,8,1,1,0,1,2,10,2,0
48,2016480715,480715,2,2,0,0,4,201,3280,6,3,2016,1,4,6,2,US-90 RAMP,,29.80302778,-95.22,12,9,20,1,0,1,3,10,1,1
48,2016480716,480716,1,1,0,0,2,309,0,8,3,2016,3,9,53,3,SR-6,,31.51604722,-96.9574,23,0,19,1,0,4,1,2,1,0
48,2016480717,480717,1,1,0,0,1,119,0,15,3,2016,3,1,16,3,SR-19/24,,33.44870556,-95.5996,23,0,1,1,0,4,2,1,1,1
48,2016480718,480718,1,1,0,1,1,201,0,15,3,2016,3,21,15,8,BU90U BEAUMONT HWY,,29.86724167,-95.1297,9,0,1,1,0,1,2,1,1,0
48,2016480719,480719,1,1,0,1,1,141,2190,16,3,2016,4,14,46,3,SR-20 MESA ST,MILLS AVE,31.75949167,-106.488,15,0,2,3,0,1,1,1,1,0
48,2016480720,480720,1,1,0,1,3,167,3220,16,3,2016,4,16,19,3,SR-6,,29.350925,-95.0248,9,0,1,1,0,2,1,1,1,0
48,2016480721,480721,2,2,0,0,3,203,4360,16,3,2016,4,14,10,8,SL390 ERNEST F SMITH PKWY,,32.55510833,-94.3006,12,2,1,1,0,1,1,1,1,0
48,2016480722,480722,2,2,0,0,2,389,0,16,3,2016,4,3,0,8,RM652,,31.82500278,-103.975,12,11,1,1,0,1,3,1,1,0
48,2016480723,480723,1,1,0,2,1,167,3850,17,3,2016,5,20,36,8,FM2004,,29.39710556,-95.031,8,0,1,1,0,2,2,10,1,0
48,2016480724,480724,1,1,0,0,3,215,4650,17,3,2016,5,3,8,1,I-2/8S-83,,26.20139167,-98.3293,25,0,1,1,0,3,3,2,1,0
48,2016480725,480725,5,5,0,0,10,439,2450,17,3,2016,5,19,48,1,I-35W NORTH FWY,,32.91390278,-97.3173,12,1,1,1,0,1,1,1,1,0
48,2016480726,480726,1,1,0,0,2,57,0,18,3,2016,6,9,0,3,SR-35 MATSON RD,FM2541,28.57690278,-96.7021,24,0,3,2,0,4,1,1,1,1
48,2016480727,480727,4,1,3,0,1,215,4650,18,3,2016,6,11,53,6,MILE 1 RD S,,26.20162778,-98.3341,42,0,1,1,0,4,1,10,1,0
48,2016480728,480728,2,2,0,0,2,31,0,19,3,2016,7,21,42,2,US-281,,30.16150556,-98.3848,12,2,1,1,0,1,2,1,1,1
48,2016480729,480729,2,2,0,0,6,439,2450,19,3,2016,7,20,5,1,I-30 EAST FWY,,32.75163889,-97.275,12,1,1,1,0,1,3,1,1,1
48,2016480730,480730,2,2,0,0,5,355,5850,20,3,2016,1,14,3,2,US-77,,27.759175,-97.6847,12,6,1,1,0,1,1,1,3,0
48,2016480731,480731,3,3,0,1,6,423,0,20,3,2016,1,4,25,1,I-20,,32.48157778,-95.5065,8,0,1,1,0,1,2,1,1,0
48,2016480732,480732,2,2,0,0,2,21,6430,21,3,2016,2,15,15,3,SR-71,,29.99568611,-97.1277,12,1,18,1,0,1,1,1,1,0
48,2016480733,480733,2,2,0,0,2,201,0,21,3,2016,2,8,40,8,BU290H HEMPSTEAD HWY,,30.03855833,-95.8757,12,1,1,1,0,1,1,1,1,0
48,2016480734,480734,1,1,0,1,1,201,480,21,3,2016,2,6,52,6,GARTH RD,,29.77626389,-94.9778,8,0,1,1,0,1,2,1,1,0
48,2016480735,480735,1,1,0,0,1,439,260,23,3,2016,4,18,49,6,ARKANSAS LN,,32.70644167,-97.1238,30,0,1,1,0,4,1,1,1,0
48,2016480736,480736,1,1,0,1,1,201,3280,24,3,2016,5,23,20,1,I-45 GULF FWY,,29.62919444,-95.2302,8,0,1,1,0,1,3,1,1,0
48,2016480737,480737,3,3,0,0,3,265,0,25,3,2016,6,20,59,1,I-10 JUNCTION HWY,,30.25629722,-99.4636,12,2,1,1,0,1,2,1,2,1
48,2016480738,480738,2,2,0,0,2,355,1550,25,3,2016,6,21,7,3,SR-286 CROSSTOWN EXPY,,27.755,-97.4217,12,6,1,1,0,1,3,1,1,1
48,2016480739,480739,2,2,0,0,3,439,260,25,3,2016,6,18,17,6,CALENDER RD,,32.63257778,-97.1541,12,2,1,1,0,1,1,1,1,1
48,2016480740,480740,2,2,0,0,3,29,3095,26,3,2016,7,23,20,6,BRAUN RD,ALYSSUM FLD,29.54144167,-98.6954,12,6,2,2,0,1,3,1,1,0
48,2016480741,480741,2,1,1,1,3,113,1730,26,3,2016,7,11,30,1,I-30/R L THORNTON FWY,,32.79462778,-96.721,14,0,1,1,0,2,1,1,1,0
48,2016480742,480742,1,1,0,0,1,121,6881,26,3,2016,7,21,36,8,FM 423/MAIN ST,,33.10588889,-96.8916,18,0,1,1,1,4,2,1,1,1
48,2016480743,480743,1,1,0,0,1,201,0,26,3,2016,7,17,10,4,CR-GRANT RD,,29.96705556,-95.591,33,0,1,1,0,4,1,10,1,1
48,2016480744,480744,2,2,0,0,7,201,0,26,3,2016,7,20,40,3,SR-249/MOUNT HOUSTON RD,,29.89758889,-95.4574,12,1,8,1,0,1,2,10,2,0
48,2016480745,480745,2,2,0,0,3,201,0,26,3,2016,7,23,20,4,CR-ATASCOCITA RD,,29.95826944,-95.2616,12,2,1,1,0,1,3,1,1,1
48,2016480746,480746,1,1,0,0,3,361,5100,26,3,2016,7,10,35,8,FM 1006,,30.05353889,-93.7644,34,0,1,1,0,4,1,1,1,0
48,2016480747,480747,1,1,0,0,1,113,2800,27,3,2016,1,0,40,1,I-30/R L THORNTON FWY,,32.76016389,-97.0282,5,0,20,1,0,1,3,1,1,1
48,2016480748,480748,1,1,0,1,1,179,0,27,3,2016,1,0,38,1,I-40,,35.21336111,-100.718,8,0,1,1,0,2,2,3,1,0
48,2016480749,480749,1,1,0,1,1,201,0,27,3,2016,1,2,35,3,SR-6,,29.90928056,-95.6292,8,0,1,1,0,1,2,1,1,0
48,2016480750,480750,2,2,0,0,5,201,0,27,3,2016,1,21,13,3,SR-249/MOUNT HOUSTON RD,,29.89805,-95.4227,12,2,1,1,0,1,2,1,1,1
48,2016480751,480751,2,2,0,0,6,113,1730,28,3,2016,2,17,25,6,SINGLETON BLVD,PEORIA ST,32.7785,-96.8953,12,6,2,3,0,1,1,1,3,0
48,2016480752,480752,1,1,0,0,2,201,3280,28,3,2016,2,5,55,6,AIRLINE DR,,29.87365833,-95.3853,30,0,1,1,0,4,3,1,1,0
48,2016480753,480753,2,2,0,0,6,201,3280,28,3,2016,2,22,18,6,POST OAK RD,,29.64126944,-95.4637,12,6,8,1,0,1,3,10,1,1
48,2016480754,480754,3,3,0,0,5,245,0,28,3,2016,2,14,17,1,I-10,,29.9487,-94.2476,57,0,1,1,0,3,1,1,1,0
48,2016480755,480755,2,2,0,0,2,67,0,30,3,2016,4,14,12,2,US-59,,33.06011111,-94.2803,12,6,1,1,0,1,1,2,1,0
48,2016480756,480756,1,1,0,0,1,215,5330,30,3,2016,4,13,23,6,RIDGE RD,,26.17982778,-98.1797,1,0,1,1,0,5,1,1,1,0
48,2016480757,480757,1,1,0,0,1,221,0,30,3,2016,4,18,45,3,SR-171,,32.54624444,-97.6467,1,0,1,1,0,4,1,10,1,0
48,2016480758,480758,1,1,0,0,1,335,4090,30,3,2016,4,16,37,1,I-20,,32.41340833,-100.728,57,0,19,1,0,3,1,1,1,0
48,2016480759,480759,1,1,0,0,1,477,0,30,3,2016,4,6,30,4,CR-OLD GAYHILL,,30.24420833,-96.4594,38,0,1,1,0,5,1,10,1,0
48,2016480760,480760,3,3,0,0,4,1,5170,31,3,2016,5,16,1,8,SL 256,FM 320 MARTIN LUTHER KING BLVD,31.76073889,-95.6583,12,6,2,2,0,1,1,1,1,0
48,2016480762,480762,1,1,0,0,1,85,1730,31,3,2016,5,10,25,3,SR-289 PRESTON RD,,32.98757778,-96.8029,30,0,1,1,0,3,1,1,1,0
48,2016480763,480763,2,2,0,0,4,113,1730,31,3,2016,5,17,6,3,SR-352,,32.76367222,-96.7117,30,0,1,1,0,3,1,1,1,0
48,2016480764,480764,3,3,0,1,2,291,1770,31,3,2016,5,4,50,8,FM 686,,30.10006944,-94.923,8,0,8,1,0,1,2,10,1,0
48,2016480765,480765,2,2,0,0,3,313,0,31,3,2016,5,15,21,7,I-45,SR-75,31.01178333,-95.9223,12,6,2,2,0,1,1,1,1,0
48,2016480766,480766,1,1,0,1,1,29,6090,30,3,2016,4,7,0,8,SL-368,,29.50651944,-98.4128,8,0,1,1,0,1,1,2,1,0
48,2016480767,480767,2,2,0,0,3,205,0,30,3,2016,4,6,55,2,US-54,,35.878825,-102.75,12,2,1,1,0,1,2,1,1,0
48,2016480768,480768,1,1,0,0,2,291,0,30,3,2016,4,23,56,8,FM 2025,,30.37475278,-95.0982,1,0,1,1,0,4,2,1,1,1
48,2016480769,480769,2,2,0,0,6,85,0,31,3,2016,5,14,15,3,SR-78,,33.02174444,-96.4666,12,2,1,1,1,1,1,1,3,0
48,2016480770,480770,2,2,0,0,2,157,0,31,3,2016,5,16,22,8,FM 762,GONYO RD,29.5387,-95.7116,12,1,3,3,0,1,1,1,1,0
48,2016480771,480771,1,1,0,0,1,367,7280,3,2,2016,4,1,32,7,I-20,,32.74917222,-97.7268,53,0,1,1,0,4,2,1,1,1
48,2016480772,480772,1,1,0,1,1,325,1890,11,2,2016,5,2,0,1,I-35,,29.13335833,-98.8922,8,0,1,1,0,1,2,1,1,0
48,2016480773,480773,1,1,0,0,3,423,3990,14,2,2016,1,12,40,1,I-20,,32.46858056,-95.3935,1,0,1,1,0,1,1,10,1,0
48,2016480774,480774,1,1,0,1,3,141,2190,25,2,2016,5,18,50,8,SL 478/COPIA ST,MONTANA,31.78369444,-106.451,8,0,3,2,0,1,3,1,1,0
48,2016480775,480775,1,1,0,0,6,229,0,8,3,2016,3,13,14,1,I-10,,31.1934,-105.53,57,0,1,1,0,3,1,1,1,0
48,2016480776,480776,1,1,0,0,1,113,4530,13,3,2016,1,14,32,1,I-635,,32.83784444,-96.633,31,0,1,1,0,4,1,1,1,0
48,2016480777,480777,2,2,0,0,3,487,0,20,3,2016,1,20,45,2,US-287,,34.07055556,-99.0094,12,6,8,1,0,1,3,1,1,0
48,2016480778,480778,1,1,0,1,1,201,3280,22,3,2016,3,19,52,8,FM 521/ALMEDA RD,,29.67792222,-95.3942,9,0,1,1,0,1,3,10,1,1
48,2016480779,480779,1,1,0,1,1,501,0,23,3,2016,4,9,21,2,US-82,,33.1829,-102.815,8,0,1,1,0,1,1,1,1,0
48,2016480780,480780,1,1,0,0,1,279,0,24,3,2016,5,23,34,4,CR-232/BULLDOG DRIVE,,34.01093889,-102.421,30,0,1,1,0,4,2,1,1,1
48,2016480781,480781,1,1,0,0,1,151,0,24,3,2016,5,7,45,3,SR-92,,32.88148611,-100.324,1,0,1,1,0,4,2,1,1,1
48,2016480782,480782,2,2,0,0,5,453,330,24,3,2016,5,8,13,6,EDWARDS HOLLOW RUN,BRODIE LN,30.15827222,-97.8599,12,6,2,2,0,1,1,1,1,0
48,2016480783,480783,1,1,0,0,2,37,0,25,3,2016,6,16,22,2,US-82,,33.49643611,-94.55,32,0,1,1,1,4,1,1,1,0
48,2016480784,480784,1,1,0,1,1,201,0,26,3,2016,7,23,55,2,US-290 NORTHWEST FWY,,29.92463056,-95.6326,8,0,1,1,0,1,2,1,1,0
48,2016480785,480785,2,2,0,0,2,303,4140,26,3,2016,7,23,28,2,US-84 CLOVIS RD,QUAKER AVE,33.62388333,-101.905,12,1,2,2,0,1,3,1,1,1
48,2016480786,480786,2,2,0,0,3,365,0,26,3,2016,7,8,5,8,FM31,,32.25430556,-94.1634,12,6,1,1,0,1,1,1,2,1
48,2016480787,480787,1,1,0,0,1,441,0,26,3,2016,7,19,20,8,FM89,,32.28222222,-100.033,38,0,1,1,0,4,1,1,1,1
48,2016480788,480788,1,1,0,0,1,453,0,26,3,2016,7,17,45,8,FM973,,30.3114,-97.5642,1,0,1,1,0,4,1,1,1,1
48,2016480789,480789,2,2,0,0,2,309,545,27,3,2016,1,21,0,1,I-35,,31.60066111,-97.1081,12,6,1,1,0,1,2,1,1,0
48,2016480790,480790,1,1,0,0,1,439,2255,27,3,2016,1,21,10,6,WESTPARK WAY,,32.83634167,-97.1197,33,0,1,1,0,3,1,1,1,0
48,2016480791,480791,3,3,0,0,5,493,0,27,3,2016,1,9,31,3,SR-123,CR-427,29.30656944,-97.9629,12,2,2,2,0,1,1,2,3,0
48,2016480792,480792,2,2,0,0,3,27,0,28,3,2016,2,21,32,8,FM 93,CR-OLD 95 HWY,31.03291111,-97.3481,12,6,2,2,0,1,2,1,1,0
48,2016480793,480793,2,2,0,0,2,29,0,28,3,2016,2,21,32,1,I-10W,,29.68285,-98.6405,12,1,1,1,1,1,2,1,1,0
48,2016480794,480794,2,2,0,0,2,121,6150,29,3,2016,3,11,7,8,FM 455/CHAPMAN DR,MARION RD,33.37243333,-97.1577,12,6,2,3,0,1,1,1,1,0
48,2016480795,480795,1,1,0,1,2,217,0,29,3,2016,3,20,18,3,SR-22,,31.9947,-97.1838,8,0,1,1,0,1,2,10,1,0
48,2016480796,480796,2,2,0,0,3,397,6010,29,3,2016,3,14,18,7,I-30 SERVICE ROAD,I-30 RAMP,32.98028056,-96.3045,12,2,2,4,0,1,1,1,1,0
48,2016480797,480797,1,1,0,0,2,453,330,29,3,2016,3,23,58,6,PONCIANA DR,,30.20186944,-97.7546,30,0,1,1,0,4,3,10,1,0
48,2016480798,480798,2,2,0,0,2,201,0,1,4,2016,6,2,29,3,SR-249,CR-MOSIELLEE ST,29.90696944,-95.4733,12,1,3,3,0,1,3,1,1,2
48,2016480799,480799,1,1,0,1,1,201,0,1,4,2016,6,23,15,4,CR-TANNER RD,,29.850275,-95.5773,8,0,1,1,0,1,2,10,1,0
48,2016480800,480800,2,2,0,0,2,215,4197,1,4,2016,6,14,9,6,INTERNATIONAL PKWY,,26.1569,-98.2822,12,6,8,1,0,1,1,1,1,0
48,2016480801,480801,2,2,0,0,3,329,0,1,4,2016,6,12,45,3,SR-158,,31.95168889,-101.928,12,6,1,1,0,1,1,2,1,0
48,2016480802,480802,1,1,0,0,5,353,0,1,4,2016,6,12,6,2,US-84,,32.45723056,-100.565,1,0,1,1,0,4,1,6,1,0
48,2016480804,480804,1,1,0,0,1,491,330,1,4,2016,6,13,29,6,AVERY RANCH BLVD,,30.50016111,-97.7632,33,0,1,1,0,4,1,10,1,0
48,2016480806,480806,1,1,0,1,1,113,1730,2,4,2016,7,19,8,3,SR-352/SCYENE RD,,32.76352778,-96.701,8,0,1,1,0,1,1,1,1,0
48,2016480807,480807,2,2,0,0,2,187,6293,2,4,2016,7,2,18,1,I-35,,29.58863889,-98.299,25,0,1,1,0,4,3,1,1,2
48,2016480808,480808,4,3,1,0,8,201,3280,2,4,2016,7,22,24,6,LONG POINT RD,BUNKER HILL RD,29.79512778,-95.5335,12,6,2,3,0,1,3,1,1,1
48,2016480809,480809,1,1,0,0,2,375,150,2,4,2016,7,2,12,1,I-40,,35.19090556,-101.896,1,0,1,1,0,10,2,1,1,1
48,2016480810,480810,1,1,0,1,1,439,2450,2,4,2016,7,1,3,1,I-35/NORTH FWY,,32.77658889,-97.3195,9,0,1,1,1,99,3,1,1,0
48,2016480811,480811,2,2,0,0,2,439,3347,2,4,2016,7,3,27,6,PRECINCT LINE RD,BEDFORD-EULESS RD,32.83405556,-97.1862,12,6,2,2,0,1,3,1,1,1
48,2016480812,480812,2,2,0,0,6,471,3340,2,4,2016,7,20,40,3,SR-19,,30.6912,-95.5325,12,2,1,1,0,1,3,1,4,1
48,2016480813,480813,1,1,0,0,1,61,3030,3,4,2016,1,22,21,6,GRIMES AVE,,26.20541111,-97.6708,39,0,1,1,0,5,3,1,1,1
48,2016480814,480814,1,1,0,0,1,61,940,3,4,2016,1,23,42,2,US-281 MILITARY HWY,FM1732,26.01818333,-97.6082,30,0,1,1,0,4,3,1,1,0
48,2016480815,480815,1,1,0,0,2,111,0,3,4,2016,1,23,57,3,SR-102,,36.13969167,-102.701,34,0,1,1,0,4,2,1,1,0
48,2016480816,480816,2,2,0,0,3,29,6090,13,4,2016,4,1,32,6,NEW BRAUNFELS AVE,KATHY ST,29.37592778,-98.4613,12,1,3,3,0,1,3,1,1,1
48,2016480817,480817,2,2,0,0,3,113,5730,3,4,2016,1,12,10,6,POLK ST,INTERURBAN ST,32.94864167,-96.7329,12,6,2,2,0,1,1,1,1,0
48,2016480818,480818,1,1,0,0,1,141,2190,3,4,2016,1,2,37,7,SL375 JOE BATTLE BLVD,,31.716175,-106.272,24,0,1,1,0,10,2,1,1,1
48,2016480819,480819,1,1,0,1,2,339,0,3,4,2016,1,16,15,4,CR-HIGH MEADOW RANCH RD,CR-POST OAK RUN,30.17410278,-95.7006,9,0,3,2,0,1,1,1,1,0
48,2016480820,480820,1,1,0,1,1,361,7200,3,4,2016,1,22,8,1,I-10,,30.13323333,-94.0128,8,0,1,1,0,1,2,1,1,0
48,2016480821,480821,1,1,0,0,1,375,0,3,4,2016,1,4,15,8,RM1061,,35.42870556,-102.096,1,0,1,1,1,4,2,1,1,0
48,2016480822,480822,2,2,0,0,2,477,0,3,4,2016,1,14,18,8,FM1948,,30.28950833,-96.5467,11,0,1,1,0,1,1,1,2,0
48,2016480823,480823,2,2,0,0,3,29,6090,4,4,2016,2,14,6,8,SL13 MILITARY DR,MISSION RD,29.35266389,-98.4731,12,6,2,2,0,1,1,1,1,0
48,2016480824,480824,1,1,0,0,2,113,1730,4,4,2016,2,18,40,3,SR-180 JEFFERSON BLVD,,32.74756111,-96.9255,25,0,1,1,1,4,1,1,1,1
48,2016480825,480825,2,2,0,0,2,113,1730,4,4,2016,2,19,21,6,GREENSPAN AVE,WHEATLAND RD,32.64766389,-96.8317,12,6,2,3,0,1,1,1,1,0
48,2016480826,480826,2,2,0,0,2,139,7270,4,4,2016,2,22,23,7,I-35E,,32.37116944,-96.8609,12,1,1,1,0,1,2,1,1,0
48,2016480827,480827,1,1,0,0,1,201,3280,4,4,2016,2,0,30,6,20TH ST,,29.80386944,-95.4072,42,0,1,1,0,4,3,1,1,1
48,2016480828,480828,2,2,0,0,5,371,0,4,4,2016,2,9,5,7,US-285,FM1776,30.99969722,-103.067,12,6,2,2,0,1,1,1,1,0
48,2016480829,480829,2,2,0,0,3,409,0,4,4,2016,2,11,47,8,FM136,,27.93020278,-97.2683,12,2,1,1,0,1,1,1,1,0
48,2016480830,480830,3,3,0,0,6,423,0,4,4,2016,2,15,16,8,FM2661,CR-1261 BIG EDDY RD,32.23014167,-95.4512,12,6,2,2,0,1,1,1,2,0
48,2016480831,480831,1,1,0,0,2,439,2450,4,4,2016,2,2,55,6,ISBELL RD,,32.77668056,-97.3823,33,0,1,1,0,4,3,1,2,0
48,2016480832,480832,1,1,0,1,2,493,0,4,4,2016,2,20,25,3,SR-123,,29.09620556,-97.9394,8,0,1,1,0,1,2,1,1,0
48,2016480833,480833,2,2,0,0,3,61,940,5,4,2016,3,10,37,3,SR-48 PADRE ISLAND HWY,COFFEEPORT RD,25.93884444,-97.4357,12,6,2,3,0,1,1,1,1,0
48,2016480834,480834,1,1,0,0,1,309,7210,5,4,2016,3,0,45,6,SANGER AVE,,31.52621667,-97.1847,30,0,1,1,0,4,3,1,1,1
48,2016480835,480835,1,1,0,0,1,365,0,5,4,2016,3,4,45,2,US-79,,32.14669444,-94.5369,53,0,1,1,0,4,2,1,1,0
48,2016480836,480836,3,3,0,0,3,29,6090,6,4,2016,4,8,55,1,I-410,,29.31561944,-98.6006,12,7,1,1,0,1,1,10,1,0
48,2016480837,480837,2,2,0,0,2,29,6449,6,4,2016,4,18,32,8,FM2790 SOMERSET RD,,29.27840556,-98.6189,12,2,1,1,0,1,1,1,1,0
48,2016480838,480838,2,2,0,0,2,141,2190,6,4,2016,4,15,38,2,US-62 MONTANA,OASIS,31.79996944,-106.316,12,6,2,3,0,1,1,1,1,0
48,2016480839,480839,1,1,0,0,2,485,0,6,4,2016,4,2,5,4,CR-VAUGHN RD,,34.12480556,-98.5953,30,0,1,1,0,4,2,1,1,1
48,2016480840,480840,2,2,0,0,2,121,1840,7,4,2016,5,16,0,1,I-35,,33.31590833,-97.1798,57,0,19,1,0,3,1,10,1,0
48,2016480841,480841,1,1,0,0,1,201,3280,7,4,2016,5,4,2,6,OREM DR,,29.62856111,-95.4811,30,0,1,1,4,4,3,1,1,1
48,2016480842,480842,2,2,0,0,2,453,330,7,4,2016,5,18,47,6,GROVE BLVD,,30.23258056,-97.7058,12,6,8,1,0,1,1,1,1,0
48,2016480843,480843,1,1,0,0,2,455,0,7,4,2016,5,0,30,8,FM 356,,30.92226944,-95.3124,39,0,1,1,0,4,2,1,2,1
48,2016480844,480844,1,1,0,1,1,29,6090,8,4,2016,6,13,23,6,ISOM RD,,29.52486389,-98.4967,8,0,1,1,0,1,1,1,1,0