STATE,YEAR_ST_CASE,ST_CASE,VE_TOTAL,VE_FORMS,PVH_INVL,PEDS,PERSONS,COUNTY,CITY,DAY,MONTH,YEAR,DAY_WEEK,HOUR,MINUTE,ROUTE,TWAY_ID,TWAY_ID2,LATITUDE,LONGITUD,HARM_EV,MAN_COLL,RELJCT2,TYP_INT,WRK_ZONE,REL_ROAD,LGT_COND,WEATHER,FATALS,DRUNK_DR
48,2016480845,480845,1,1,0,0,1,61,0,8,4,2016,6,22,0,4,CR-GRACIA RD,,26.2351,-97.5418,42,0,1,1,0,4,2,1,1,1
48,2016480846,480846,1,1,0,1,1,61,3030,9,4,2016,7,20,47,7,I-69,SL 499 NEW HAMPSHIRE RD,26.16395278,-97.688,8,0,2,2,0,1,3,1,1,0
48,2016480847,480847,1,1,0,1,1,141,2190,9,4,2016,7,19,52,1,I-10,,31.75884167,-106.499,8,0,1,1,0,1,3,1,1,0
48,2016480849,480849,4,4,0,0,4,329,4560,9,4,2016,7,8,16,3,SR-158B BUSINESS ANDREWS HWY,FM 868 MIDLAND DR,32.00185556,-102.137,12,6,2,2,1,1,1,2,1,0
48,2016480850,480850,2,2,0,0,2,379,0,9,4,2016,7,8,37,3,SR-19,,32.97410556,-95.7248,12,2,1,1,0,1,1,10,1,0
48,2016480851,480851,1,1,0,0,2,439,2450,10,4,2016,1,18,16,3,SR-820 LOOP,,32.74916667,-97.2202,25,0,1,1,0,3,1,10,1,1
48,2016480852,480852,1,1,0,0,2,481,0,10,4,2016,1,20,30,8,FM 102,,29.36993056,-96.2074,32,0,1,1,0,4,2,10,2,1
48,2016480853,480853,1,1,0,0,1,113,1730,12,4,2016,3,0,26,3,SR-180 DAVIS ST,,32.74978056,-96.9055,33,0,1,1,0,3,3,10,1,0
48,2016480854,480854,2,2,0,0,2,21,0,13,4,2016,4,6,30,2,US-290,,30.29710556,-97.2819,12,6,1,1,0,1,1,10,1,0
48,2016480855,480855,2,2,0,0,4,71,9997,13,4,2016,4,20,44,3,SR-146,,29.80764444,-94.9031,12,2,1,1,0,1,2,1,1,1
48,2016480857,480857,1,1,0,1,1,113,1730,14,4,2016,5,23,10,6,FERGUSON RD,,32.80215833,-96.7136,8,0,1,1,0,1,3,10,1,0
48,2016480858,480858,1,1,0,1,1,215,7330,15,4,2016,6,22,8,6,BRIDGE AVE,,26.16061111,-97.9826,8,0,1,1,0,1,3,1,1,0
48,2016480859,480859,2,2,0,0,2,355,1550,15,4,2016,6,0,6,3,SR-286A BUSINESS AYERS ST,HOLLY RD,27.72620833,-97.4331,12,6,2,2,0,1,2,1,1,1
48,2016480860,480860,3,3,0,0,3,439,2450,15,4,2016,6,1,29,1,I-20 SOUTHEAST LOOP,,32.66157778,-97.2841,20,0,1,1,0,10,3,1,1,1
48,2016480861,480861,1,1,0,0,2,141,2190,16,1,2016,7,3,10,2,US-54,,31.92866111,-106.428,33,0,5,1,0,10,3,1,1,1
48,2016480862,480862,2,2,0,1,5,339,0,24,2,2016,4,18,37,8,FM 1485,,30.150175,-95.2061,9,0,1,1,0,1,5,1,1,0
48,2016480863,480863,1,1,0,0,1,201,0,20,3,2016,1,23,40,4,CR-ELLA BLVD,,30.00985556,-95.4473,42,0,1,1,0,4,3,10,1,1
48,2016480864,480864,1,1,0,0,1,489,0,20,3,2016,1,14,20,1,I-69E,,26.43642778,-97.7854,58,0,1,1,0,4,1,1,1,0
48,2016480865,480865,2,2,0,0,2,141,2190,24,3,2016,5,5,20,6,ALBUM AVE,WEDGEWOOD DR,31.78273611,-106.349,12,6,2,2,0,1,3,1,1,0
48,2016480866,480866,1,1,0,0,1,485,7490,29,3,2016,3,17,14,3,SR-79,,33.90138333,-98.4444,1,0,19,1,0,3,1,1,1,0
48,2016480867,480867,2,2,0,0,7,177,0,30,3,2016,4,12,10,2,US-90A,,29.53060278,-97.7163,12,2,1,1,0,1,1,10,1,0
48,2016480868,480868,3,3,0,0,8,445,0,1,4,2016,6,21,1,2,US-62,,33.09805556,-102.369,12,2,1,1,0,1,2,10,1,1
48,2016480870,480870,2,2,0,1,2,201,0,3,4,2016,1,1,2,4,CR-STUEBNER AIRLINE RD,,29.99205278,-95.5015,8,0,1,1,0,1,2,1,1,0
48,2016480871,480871,2,2,0,0,6,121,6881,5,4,2016,3,19,47,7,SR-121 TOLLWAY,PLANO,33.07127778,-96.8759,12,6,2,2,0,1,1,1,2,2
48,2016480872,480872,2,2,0,0,6,209,0,5,4,2016,3,10,30,8,RM 12,,29.91435833,-98.0325,12,2,1,1,0,2,1,1,3,1
48,2016480873,480873,1,1,0,0,5,29,6090,6,4,2016,4,9,11,6,O'CONNOR RD,,29.56601389,-98.3835,33,0,1,1,0,4,1,1,1,0
48,2016480874,480874,2,2,0,0,2,113,1240,6,4,2016,4,14,25,6,PLEASANT RUN RD,,32.60433889,-96.9366,12,6,8,1,0,1,1,1,1,0
48,2016480875,480875,2,2,0,0,2,201,0,6,4,2016,4,17,19,4,CR-CYPRESS MILLS DR,CR-PERRY RD,29.96088056,-95.5637,1,0,2,3,0,1,1,1,1,0
48,2016480876,480876,1,1,0,0,5,339,0,6,4,2016,4,21,7,1,I-45,,30.47473889,-95.4962,59,0,19,1,0,10,2,1,1,0
48,2016480877,480877,1,1,0,1,1,29,6090,7,4,2016,5,6,58,6,WEST AVE,LARKSPUR,29.53972222,-98.5157,8,0,3,2,0,1,2,1,1,0
48,2016480878,480878,2,2,0,0,2,81,0,8,4,2016,6,7,37,3,SR-208,,31.98035,-100.541,12,2,1,1,0,1,1,10,1,0
48,2016480879,480879,3,3,0,1,3,201,0,8,4,2016,6,23,55,4,CR-JONES RD,,29.92171944,-95.5847,8,0,1,1,0,1,3,1,1,0
48,2016480880,480880,3,3,0,0,6,209,3760,8,4,2016,6,0,2,1,I-35,,29.96583889,-97.8757,12,1,1,1,1,1,3,1,1,0
48,2016480881,480881,2,2,0,0,3,355,1550,8,4,2016,6,20,55,1,I-37,,27.80389444,-97.4527,12,1,1,1,0,1,3,10,1,1
48,2016480883,480883,2,2,0,0,4,121,1840,9,4,2016,7,20,16,2,US-377 FORT WORTH DR,,33.14440556,-97.1713,12,2,1,1,0,1,2,1,4,0
48,2016480884,480884,1,1,0,0,1,181,1830,10,4,2016,1,2,7,8,SS503,,33.72117222,-96.5798,1,0,1,1,0,10,3,1,1,1
48,2016480885,480885,1,1,0,1,1,201,0,10,4,2016,1,2,9,3,SR-NASA NASA PKWY,,29.54837222,-95.0984,8,0,1,1,0,1,3,1,1,0
48,2016480886,480886,2,2,0,0,3,251,0,10,4,2016,1,22,4,8,FM1902,,32.55352222,-97.425,12,2,1,1,0,1,2,10,1,1
48,2016480887,480887,1,1,0,0,1,267,0,10,4,2016,1,10,55,2,US-377,,30.32418333,-99.9103,7,0,1,1,0,1,1,10,1,0
48,2016480888,480888,2,2,0,0,2,375,0,10,4,2016,1,6,30,2,US-287,FM1912,35.18858333,-101.654,12,11,2,2,0,1,2,1,1,0
48,2016480889,480889,2,2,0,0,4,29,0,11,4,2016,2,9,46,2,US-281,CR-BORGFELD RD,29.71009722,-98.4488,12,6,2,3,0,1,1,2,1,0
48,2016480890,480890,1,1,0,0,1,73,0,11,4,2016,2,11,0,8,FM241,,31.68817778,-95.0352,34,0,1,1,0,4,1,2,1,0
48,2016480891,480891,2,2,0,0,3,135,0,11,4,2016,2,20,38,8,FM2020 UNIVERSITY BLVD,,31.85645,-102.435,12,6,8,1,0,1,2,1,2,1
48,2016480892,480892,2,2,0,0,2,187,1325,11,4,2016,2,7,12,8,FM78,FM1103,29.56046389,-98.2391,12,6,2,4,0,1,3,10,1,0
48,2016480893,480893,1,1,0,0,2,113,1730,12,4,2016,3,20,52,6,INWOOD RD,,32.81373611,-96.8475,30,0,1,1,0,4,3,10,1,1
48,2016480894,480894,1,1,0,1,1,355,1550,12,4,2016,3,12,12,1,I-37 RAMP,,27.80399722,-97.4686,8,0,5,1,0,2,1,2,1,0
48,2016480895,480895,2,2,0,0,2,423,0,12,4,2016,3,11,22,8,FM346,,32.18430556,-95.3694,12,2,1,1,0,1,1,1,1,0
48,2016480896,480896,2,2,0,0,4,423,7070,12,4,2016,3,7,57,8,FM756 PALUXY DR,SKIDMORE LN,32.24870833,-95.2773,12,6,2,3,0,1,1,10,1,0
48,2016480897,480897,1,1,0,0,1,29,6090,16,4,2016,7,2,30,2,US-90,,29.40241944,-98.6281,24,0,19,1,0,3,2,1,1,1
48,2016480898,480898,1,1,0,0,1,27,0,16,4,2016,7,13,45,3,SR-95,,30.90689444,-97.3707,35,0,1,1,0,4,1,10,1,0
48,2016480899,480899,1,1,0,0,1,303,4140,16,4,2016,7,18,15,6,58TH ST,,33.54153333,-101.892,42,0,1,1,0,4,1,1,1,0
48,2016480900,480900,1,1,0,0,5,307,0,16,4,2016,7,11,56,2,US-87,,31.17172778,-99.3838,32,0,1,1,1,4,1,2,1,0
48,2016480901,480901,1,1,0,0,1,439,2450,16,4,2016,7,17,48,7,I-35W SOUTH FWY,,32.66087778,-97.3205,58,0,1,1,0,4,1,10,1,0
48,2016480902,480902,1,1,0,1,1,113,1730,17,4,2016,1,6,10,8,SL12 LEDBETTER DR,,32.68777222,-96.7858,8,0,1,1,0,1,3,10,1,0
48,2016480903,480903,2,2,0,0,5,91,0,18,4,2016,2,14,31,8,FM3009,NATURAL BRIDGE CAVERNS RD,29.69257222,-98.332,12,2,2,4,0,1,1,10,1,0
48,2016480904,480904,2,2,0,0,2,245,5430,18,4,2016,2,8,28,3,SR-82 MLK DR,,29.81851111,-93.9541,12,6,1,1,0,1,1,2,1,0
48,2016480905,480905,2,2,0,0,3,113,1730,19,4,2016,3,21,10,6,CORINTH RD,,32.72644444,-96.7992,12,6,1,1,0,1,3,2,1,1
48,2016480906,480906,1,1,0,1,1,439,2450,21,4,2016,5,5,53,6,BERRY ST,,32.70584444,-97.305,8,0,1,1,0,1,2,2,1,0
48,2016480907,480907,1,1,0,0,1,13,0,2,2,2016,3,16,3,1,I-37,,28.7824,-98.3146,57,0,1,1,0,3,1,1,1,1
48,2016480908,480908,2,2,0,0,2,75,0,21,3,2016,2,11,0,2,US-62,,34.50370556,-100.208,12,2,1,1,0,1,1,1,1,1
48,2016480909,480909,2,2,0,0,2,199,6380,22,3,2016,3,6,29,2,US-96,,30.323675,-94.1716,12,1,7,1,0,1,2,1,1,0
48,2016480910,480910,1,1,0,1,2,141,3276,27,3,2016,1,21,39,6,DARRINGTON RD,RUDI KEUFNER RD,31.66630278,-106.188,8,0,2,2,0,1,2,1,1,0
48,2016480911,480911,2,2,0,0,2,297,2630,31,3,2016,5,18,36,2,US-281,,28.3234,-98.1141,12,2,1,1,0,1,1,1,1,0
48,2016480912,480912,2,2,0,0,2,285,0,2,4,2016,7,16,35,8,UA77,FM531,29.35793333,-97.0891,12,6,2,3,0,1,1,1,1,0
48,2016480913,480913,1,1,0,1,1,121,1840,4,4,2016,2,21,31,2,US-380 UNIVERSITY DR,,33.229425,-97.1438,9,0,1,1,1,1,3,1,1,0
48,2016480914,480914,2,2,0,0,4,201,0,4,4,2016,2,17,8,4,CR-SAINT CHARLES DR,CR-SAINT FRANCIS ST,29.87151389,-95.0581,12,6,2,2,0,1,1,1,1,0
48,2016480915,480915,1,1,0,0,1,259,0,5,4,2016,3,14,42,8,RM474,,29.8636,-98.6805,42,0,1,1,0,4,9,1,1,1
48,2016480916,480916,2,2,0,0,2,201,3320,8,4,2016,6,2,13,7,I-69,FM1960,30.00494444,-95.2675,12,6,2,2,0,1,3,1,1,0
48,2016480917,480917,1,1,0,0,1,201,3280,9,4,2016,7,3,14,6,MEMORIAL WOODS DR,,29.78183333,-95.4609,42,0,1,1,0,4,2,1,1,1
48,2016480918,480918,1,1,0,0,5,113,1730,10,4,2016,1,3,41,1,I-30 RL THORNTON FWY,,32.79451389,-96.6988,33,0,1,1,0,4,3,1,1,1
48,2016480919,480919,1,1,0,0,1,113,3420,10,4,2016,1,19,33,3,SR-161,,32.873825,-96.9945,24,0,1,1,0,3,3,10,1,1
48,2016480920,480920,1,1,0,1,1,181,6350,10,4,2016,1,4,0,7,US-75 SAM RAYBURN FWY,,33.62197222,-96.6112,8,0,1,1,0,1,2,10,1,0
48,2016480921,480921,1,1,0,0,2,201,3280,10,4,2016,1,22,3,7,US-59/EASTEX FWY,,29.78514444,-95.3393,5,0,1,1,0,1,3,10,1,0
48,2016480922,480922,1,1,0,0,1,133,0,12,4,2016,3,5,31,1,I-20,,32.4797,-98.605,23,0,1,1,0,3,2,1,1,0
48,2016480923,480923,2,2,0,0,2,157,0,12,4,2016,3,4,29,8,FM 521/ALMEDA RD,,29.55030833,-95.444,12,2,1,1,0,1,2,1,1,1
48,2016480924,480924,2,2,0,0,6,51,0,13,4,2016,4,7,30,3,SR-21,FM 50,30.62298056,-96.5451,12,6,2,3,0,1,1,10,1,0
48,2016480925,480925,2,2,0,0,2,201,0,13,4,2016,4,23,40,8,FM 1960,GREENBROOK DR,30.02485,-95.4138,12,6,2,2,0,1,3,1,1,0
48,2016480926,480926,1,1,0,0,1,201,3280,13,4,2016,4,19,15,6,CLOVER CREEK DR,,30.06472222,-95.1664,5,0,1,1,0,1,1,2,1,0
48,2016480927,480927,1,1,0,1,1,397,6010,13,4,2016,4,1,24,7,I-30,,32.98108333,-96.3015,8,0,1,1,0,1,2,2,1,1
48,2016480928,480928,1,1,0,0,2,61,0,14,4,2016,5,18,20,3,SR-100,,26.07446944,-97.5131,32,0,1,1,0,4,1,1,1,0
48,2016480929,480929,4,4,0,0,12,139,0,15,4,2016,6,7,35,3,SR-34,CR-LONE OAK RD,32.36411944,-96.5682,12,6,2,3,0,1,2,5,1,0
48,2016480930,480930,2,2,0,0,2,201,3280,15,4,2016,6,2,35,1,I-45/GULF,,29.68222778,-95.2742,12,1,1,1,0,1,3,10,1,1
48,2016480931,480931,1,1,0,0,1,355,0,15,4,2016,6,8,15,8,FM 666,,27.81641111,-97.799,1,0,1,1,0,4,1,1,1,0
48,2016480932,480932,2,2,0,0,2,385,0,15,4,2016,6,14,48,2,US-83,,29.73643333,-99.7614,12,6,1,1,0,1,1,1,1,0
48,2016480933,480933,2,2,0,0,3,467,0,15,4,2016,6,7,25,8,FM 314,,32.45481111,-95.6223,12,2,1,1,0,1,1,5,1,0
48,2016480934,480934,1,1,0,0,1,53,0,16,4,2016,7,23,22,4,CR-200,,30.79098889,-98.1711,1,0,1,1,0,4,2,2,1,1
48,2016480935,480935,2,2,0,0,5,113,1730,16,4,2016,7,21,37,8,SL 12/LEDBETTER DR,RUGGED DR,32.691275,-96.8522,12,6,2,2,0,1,3,1,1,0
48,2016480936,480936,1,1,0,0,3,231,0,17,4,2016,1,7,39,3,SR-224,,33.21235,-95.986,42,0,1,1,0,4,4,10,3,0
48,2016480937,480937,3,3,0,0,4,339,0,17,4,2016,1,20,2,8,FM 1774,,30.22423056,-95.7972,12,1,1,1,0,1,1,2,1,1
48,2016480939,480939,2,2,0,0,3,491,330,19,4,2016,3,13,3,6,LAKECREEK PKWY,,30.461475,-97.8158,12,6,8,1,0,1,1,10,1,0
48,2016480940,480940,1,1,0,1,2,113,1730,20,4,2016,4,11,55,2,US-75/CENTRAL EXPY RAMP,,32.92203889,-96.7649,8,0,18,1,0,1,1,1,1,0
48,2016480941,480941,4,4,0,0,5,141,2190,8,1,2016,6,23,19,1,I-10,,31.74427778,-106.332,12,1,18,1,0,1,3,10,1,1
48,2016480942,480942,3,3,0,0,3,27,0,22,2,2016,2,8,52,2,US-190,,31.11887222,-97.7666,12,1,1,1,0,1,1,10,1,0
48,2016480943,480943,1,1,0,0,1,45,0,2,4,2016,7,14,19,3,SR-256,,34.47115,-101.095,31,0,1,1,0,4,1,1,1,0
48,2016480944,480944,2,2,0,0,2,389,0,6,4,2016,4,14,5,1,I-20,,31.35490556,-103.706,12,1,1,1,2,1,1,1,1,0
48,2016480945,480945,1,1,0,0,2,123,0,15,4,2016,6,1,4,4,CR-OLD GOLIAD RD,,29.04721111,-97.317,1,0,1,1,0,1,2,1,1,1
48,2016480946,480946,1,1,0,0,1,423,0,15,4,2016,6,5,20,3,SR-31,,32.1484,-96.1235,1,0,1,1,0,3,2,10,1,0
48,2016480947,480947,3,3,0,1,3,201,3280,16,4,2016,7,1,15,2,US-59 SOUTHWEST FWY,,29.72928611,-95.4442,12,1,1,1,0,1,3,1,1,1
48,2016480948,480948,3,3,0,0,4,201,3280,17,4,2016,1,3,45,3,SR-6,,29.81283611,-95.6454,12,1,1,1,0,1,3,2,1,1
48,2016480949,480949,3,3,0,0,4,83,0,18,4,2016,2,14,0,2,US-84,,31.8105,-99.3963,12,6,1,1,0,1,1,2,2,0
48,2016480950,480950,1,1,0,1,1,355,1550,18,4,2016,2,6,15,6,AIRLINE RD,,27.70305556,-97.3629,8,0,1,1,0,1,3,10,1,0
48,2016480951,480951,1,1,0,0,1,201,0,19,4,2016,3,3,5,6,BRIARCREEK BLVD,OLD RANCH RD,30.03091389,-95.3956,3,0,3,3,0,3,2,10,1,0
48,2016480952,480952,4,4,0,0,8,201,0,19,4,2016,3,18,27,4,CR-CLAY RD,CR-WESTFIELD VILLAGE DR,29.83128056,-95.7294,12,6,2,3,0,1,1,2,1,1
48,2016480953,480953,2,2,0,0,2,265,3670,19,4,2016,3,7,41,8,SL 534 VETERANS HWY,SINGING WIND DR,30.02712222,-99.1144,12,6,2,2,0,1,1,10,1,0
48,2016480954,480954,1,1,0,0,1,339,0,19,4,2016,3,5,0,8,FM 1791,,30.56923611,-95.7398,18,0,1,1,0,1,2,5,1,0
48,2016480955,480955,2,2,0,0,2,29,6090,20,4,2016,4,20,52,1,I-10,,29.44237222,-98.3689,12,1,1,1,0,1,2,1,1,0
48,2016480956,480956,1,1,0,0,1,401,0,20,4,2016,4,7,1,2,US-259,,32.20122222,-94.8192,42,0,1,1,0,4,1,2,1,0
48,2016480957,480957,2,2,0,0,5,21,0,21,4,2016,5,22,45,3,SR-71,,30.15300833,-97.491,12,2,1,1,0,1,2,1,2,1
48,2016480958,480958,2,2,0,0,3,201,0,21,4,2016,5,20,55,3,SR-99,,29.84600833,-95.7561,12,1,1,1,0,1,2,1,1,1
48,2016480959,480959,1,1,0,0,4,1,0,22,4,2016,6,16,29,2,US-287,,31.60498056,-95.5238,1,0,1,1,0,4,1,1,1,1
48,2016480960,480960,2,2,0,0,4,143,0,22,4,2016,6,0,23,2,US-281,,32.18104444,-98.1634,12,2,1,1,0,1,2,1,1,1
48,2016480961,480961,2,2,0,0,4,427,5780,22,4,2016,6,21,0,8,FM 755,,26.39611111,-98.7869,12,6,1,1,0,1,2,1,1,1
48,2016480963,480963,1,1,0,0,1,5,4160,23,4,2016,7,18,13,2,US-69 ELLEN TROUT DR,FM 3439 SPENCE ST,31.37291944,-94.716,33,0,3,2,0,3,1,1,1,0
48,2016480964,480964,2,2,0,0,2,113,1730,23,4,2016,7,14,50,6,ILLINOIS AVE,,32.72023611,-96.8505,12,6,1,1,0,1,1,1,1,1
48,2016480965,480965,2,2,0,1,2,201,0,23,4,2016,7,2,0,7,SR-249 TOMBALL PKWY,,29.97812778,-95.5653,8,0,1,1,0,1,3,1,1,0
48,2016480966,480966,2,2,0,0,6,201,0,23,4,2016,7,15,14,4,CR-HUFSMITH KUYKENDAHL RD,,30.10685,-95.565,12,2,1,1,0,1,1,1,1,1
48,2016480967,480967,1,1,0,0,1,287,0,23,4,2016,7,15,40,8,FM 141,,30.327025,-96.791,38,0,1,1,0,5,1,1,1,1
48,2016480968,480968,1,1,0,0,1,339,0,23,4,2016,7,22,10,8,FM 1488,,30.22428889,-95.5518,59,0,1,1,0,4,3,1,1,1
48,2016480969,480969,2,2,0,0,4,453,330,23,4,2016,7,18,14,6,ROYAL CREST DR,,30.24047222,-97.7298,44,0,1,1,0,4,1,1,1,1
48,2016480970,480970,1,1,0,0,2,113,1730,24,4,2016,1,8,50,3,SR-342 LANCASTER RD,,32.67147778,-96.7832,30,0,1,1,0,4,1,1,1,0
48,2016480971,480971,1,1,0,0,2,201,0,24,4,2016,1,7,0,7,CR-HARDY TOLL RD,CR-HOPPER RD,29.8797,-95.3668,25,0,3,3,0,10,1,10,2,1
48,2016480972,480972,1,1,0,0,1,439,4300,25,4,2016,2,14,7,2,US-287,,32.56781944,-97.1175,21,0,19,1,0,10,1,1,1,1
48,2016480973,480973,1,1,0,1,1,439,2450,27,4,2016,4,17,42,4,CR-ACORN CT,,32.839325,-97.4917,8,0,8,1,0,1,1,1,1,0
48,2016480974,480974,1,1,0,0,1,339,7500,28,4,2016,5,2,44,1,I-45,,30.47207222,-95.4961,34,0,5,1,0,10,2,5,1,0
48,2016480975,480975,2,2,0,0,2,439,2850,28,4,2016,5,4,41,3,SR-114,,32.93223889,-97.0953,12,2,18,1,0,1,3,1,2,1
48,2016480976,480976,1,1,0,1,4,113,4530,12,2,2016,6,18,40,6,PIONEER RD,,32.73425,-96.5935,8,0,1,1,0,1,2,1,1,0
48,2016480977,480977,1,1,0,0,4,485,7490,26,2,2016,6,23,5,2,US-281 HENRY S GRACE FWY RAMP,,33.88378889,-98.4777,24,0,5,1,0,4,3,1,2,1
48,2016480978,480978,2,1,1,0,2,201,0,7,3,2016,2,14,5,4,CR-WALLER-SPRING CREEK RD,,30.080525,-95.8938,14,0,1,1,0,2,1,10,1,0
48,2016480979,480979,2,2,0,0,4,485,7490,24,3,2016,5,20,51,8,SL-240 MLK JR BLVD,JUAREZ ST,33.91206389,-98.4828,12,6,2,2,0,1,3,1,1,0
48,2016480981,480981,1,1,0,1,1,201,3280,3,4,2016,1,12,32,8,FM865 CULLEN BLVD,WENDA,29.65263889,-95.3555,8,0,3,2,0,1,1,1,1,0
48,2016480982,480982,3,3,0,0,5,251,3593,8,4,2016,6,13,43,2,US-67 HENDERSON ST,,32.39621111,-97.2995,12,7,1,1,0,1,1,1,1,0
48,2016480983,480983,3,3,0,0,7,267,0,9,4,2016,7,0,18,1,I-10,,30.50020278,-99.9688,12,1,1,1,0,1,2,10,1,0
48,2016480984,480984,2,2,0,0,3,113,3420,11,4,2016,2,11,42,6,LAS COLINAS BLVD,TELEPORT BLVD,32.86114722,-96.9284,12,6,2,2,0,1,1,1,1,0
48,2016480985,480985,2,2,0,0,3,31,0,12,4,2016,3,9,38,8,RM473 NARROWS RD,RM32,30.02318611,-98.3322,12,6,2,2,0,1,1,10,1,0
48,2016480986,480986,2,2,0,0,4,113,6053,15,4,2016,6,16,1,3,SR-78 MILES RD,SR-190,32.95028333,-96.5845,12,1,3,2,0,1,1,1,1,0
48,2016480987,480987,1,1,0,0,2,201,3280,15,4,2016,6,20,15,6,OREM DR,,29.62773333,-95.4359,5,0,1,1,0,1,3,10,1,0
48,2016480988,480988,2,2,0,0,3,439,0,15,4,2016,6,17,31,8,FM1220 MORRIS DIDO NEWARK RD,WEST BONDS RANCH RD,32.91591111,-97.4682,12,6,2,3,0,1,1,1,1,0
48,2016480989,480989,1,1,0,0,2,201,3280,17,4,2016,1,4,19,6,OREM DR,,29.62773889,-95.4136,42,0,1,1,0,3,2,2,1,1
48,2016480990,480990,2,2,0,0,3,181,0,18,4,2016,2,22,15,8,FM120,FM1753,33.75516111,-96.508,12,6,3,3,0,1,2,10,1,0
48,2016480991,480991,2,2,0,0,8,339,0,19,4,2016,3,17,30,8,FM3083,,30.28672778,-95.3745,12,2,1,1,0,1,1,1,4,0
48,2016480992,480992,1,1,0,1,3,185,0,21,4,2016,5,0,30,8,FM3090,,30.41220833,-96.0819,8,0,1,1,0,1,2,10,1,0
48,2016480993,480993,2,2,0,0,4,113,1730,22,4,2016,6,21,35,1,I-35E STEMMONS FWY,,32.79613056,-96.8152,25,0,1,1,0,4,3,1,1,1
48,2016480994,480994,2,2,0,0,4,209,6170,22,4,2016,6,16,14,3,SR-21 AIRPORT HWY,HARRIS HILL RD,29.89341111,-97.8812,12,2,2,3,0,1,1,1,1,0
48,2016480995,480995,5,5,0,0,7,339,0,22,4,2016,6,10,50,3,SR-105,,30.33131944,-95.3024,12,1,1,1,0,1,1,1,3,0
48,2016480996,480996,2,2,0,0,4,113,1730,22,4,2016,6,23,33,1,I-20 LBJ FWY,,32.66145556,-96.7275,12,1,18,1,0,1,2,1,1,0
48,2016480997,480997,7,7,0,0,9,201,0,25,4,2016,2,16,45,7,SL8 SAM HOUSTON PKWY,,29.9342,-95.251,12,7,1,1,0,1,1,1,2,1
48,2016480998,480998,1,1,0,0,1,267,0,25,4,2016,2,19,39,8,RM385,,30.4786,-99.4216,42,0,1,1,0,4,1,1,1,1
48,2016480999,480999,1,1,0,0,1,439,2450,26,4,2016,3,11,23,6,RISINGER RD,,32.61393611,-97.317,1,0,1,1,0,4,1,1,1,0
48,2016481000,481000,1,1,0,1,1,439,4965,26,4,2016,3,10,59,6,RUFE SNOW DR,BUENOS AIRES DR,32.8478,-97.2386,8,0,3,3,0,4,1,1,1,1
48,2016481001,481001,1,1,0,1,1,241,0,27,4,2016,4,23,45,2,US-96,CR-722,30.42586944,-93.9847,8,0,2,3,0,1,2,10,1,0
48,2016481002,481002,1,1,0,1,1,439,2450,27,4,2016,4,21,54,1,I-35/SOUTH FWY,,32.70901944,-97.3207,8,0,1,1,0,1,3,1,1,0
48,2016481003,481003,2,2,0,0,3,439,3347,27,4,2016,4,12,43,1,I-820,,32.82129722,-97.2055,12,6,1,1,0,1,1,1,1,0
48,2016481004,481004,1,1,0,1,1,361,5100,28,4,2016,5,16,28,7,I-10/LUTCHER DRIVE,SR-62,30.11503333,-93.821,8,0,3,2,0,1,1,1,1,0
48,2016481005,481005,2,2,0,0,2,245,5430,29,4,2016,6,7,48,6,7TH ST,,29.88658889,-93.9253,12,1,1,1,0,1,1,10,1,0
48,2016481006,481006,1,1,0,0,2,429,0,29,4,2016,6,12,57,3,SR-67,,32.78131944,-98.836,1,0,1,1,0,1,1,1,2,0
48,2016481007,481007,2,2,0,0,2,201,3280,30,4,2016,7,1,57,6,HIRAM CLARKE RD,,29.62850556,-95.4463,12,6,1,1,0,1,3,10,1,2
48,2016481008,481008,1,1,0,0,1,459,0,30,4,2016,7,5,12,8,FM 1649,,32.7882,-94.7315,18,0,1,1,0,1,2,10,1,0
48,2016481009,481009,1,1,0,0,1,55,0,11,4,2016,2,2,45,3,SR-304,,29.780475,-97.4092,1,0,1,1,0,4,2,2,1,0
48,2016481010,481010,1,1,0,0,1,463,0,15,4,2016,6,20,15,8,FM 1049,,29.2856,-99.6346,1,0,1,1,0,4,1,1,1,1
48,2016481011,481011,1,1,0,0,10,61,0,17,4,2016,1,18,8,3,SR-4/BOCA CHICA HWY,,25.96318056,-97.2288,1,0,1,1,0,4,1,10,1,0
48,2016481012,481012,1,1,0,0,2,65,0,19,4,2016,3,9,21,3,SR-152,,35.567,-101.178,1,0,1,1,0,4,1,2,1,0
48,2016481014,481014,2,2,0,0,3,113,2590,21,4,2016,5,21,9,3,SR-78/GARLAND AVE,SEVENTEENTH ST,32.89084167,-96.6515,12,6,2,3,0,1,3,1,1,1
48,2016481015,481015,1,1,0,1,1,113,1730,22,4,2016,6,2,21,7,US 75/CENTRAL EXPY,SL 12/MOCKINGBIRD LN,32.83651944,-96.7784,8,0,2,2,0,1,3,1,1,0