STATE,YEAR_ST_CASE,ST_CASE,VE_TOTAL,VE_FORMS,PVH_INVL,PEDS,PERSONS,COUNTY,CITY,DAY,MONTH,YEAR,DAY_WEEK,HOUR,MINUTE,ROUTE,TWAY_ID,TWAY_ID2,LATITUDE,LONGITUD,HARM_EV,MAN_COLL,RELJCT2,TYP_INT,WRK_ZONE,REL_ROAD,LGT_COND,WEATHER,FATALS,DRUNK_DR
48,2016481016,481016,1,1,0,0,4,39,0,23,4,2016,7,17,35,4,CR-42/SANDY POINT RD,,29.35386111,-95.5707,1,0,1,1,0,4,1,1,1,1
48,2016481017,481017,1,1,0,0,1,113,1730,29,4,2016,6,23,4,8,SL 12/BUCKNER BLVD,,32.801025,-96.6825,23,0,1,1,0,4,2,10,1,1
48,2016481018,481018,2,2,0,0,3,29,6090,30,4,2016,7,23,42,6,MILITARY DR,CHINOOK,29.44909444,-98.6924,12,6,2,3,0,1,3,1,1,2
48,2016481019,481019,2,2,0,0,3,113,1730,30,4,2016,7,1,25,6,MILLER RD,PLANO RD,32.89457778,-96.7003,12,2,2,2,0,1,3,10,1,0
48,2016481020,481020,3,3,0,0,5,423,0,25,1,2016,2,7,30,3,SR-110,,32.19435,-95.2069,12,2,1,1,0,1,1,1,1,0
48,2016481021,481021,2,2,0,0,4,479,3899,17,2,2016,4,13,51,8,FM1472 MINES RD,RANCHO VIEJO DR,27.591975,-99.5123,12,6,2,3,0,1,1,10,1,0
48,2016481022,481022,2,2,0,0,2,61,940,29,2,2016,2,17,57,6,LOS EBANOS BLVD,ROCKWELL DR,25.92635556,-97.4881,12,6,2,4,0,1,1,10,1,0
48,2016481023,481023,2,2,0,0,2,39,0,29,3,2016,3,20,7,8,FM521,,29.00157222,-95.6427,12,7,1,1,0,1,3,1,1,1
48,2016481024,481024,2,2,0,0,3,113,1730,8,4,2016,6,7,20,6,FERNALD AVE,JUPITER RD,32.86003056,-96.683,12,6,2,2,0,1,4,1,1,0
48,2016481025,481025,2,2,0,0,3,201,0,12,4,2016,3,21,30,3,SR-249 BAMMEL NORTH HOUSTON RD,SL8 SAM HOUSTON PKWY,29.93756389,-95.4979,12,6,2,2,0,1,2,10,2,1
48,2016481026,481026,1,1,0,0,2,231,0,21,4,2016,5,13,55,2,US-69,,33.23675556,-96.167,38,0,1,1,0,5,1,1,1,0
48,2016481027,481027,1,1,0,1,1,453,330,22,4,2016,6,6,20,8,FM1325 BURNET RD,WATERFORD CENTER BLVD,30.37726944,-97.7255,8,0,2,2,0,1,2,1,1,0
48,2016481028,481028,1,1,0,0,1,215,0,22,4,2016,6,23,0,8,FM490,,26.47566944,-98.3338,38,0,1,1,0,4,2,99,1,1
48,2016481029,481029,1,1,0,1,1,201,3280,24,4,2016,1,2,28,6,HILLCROFT AVE,,29.72780278,-95.5013,8,0,1,1,0,1,3,1,1,1
48,2016481030,481030,1,1,0,0,1,349,0,24,4,2016,1,16,17,1,I-45F BUSINESS,,32.14859722,-96.468,33,0,1,1,0,4,1,1,1,0
48,2016481031,481031,2,2,0,0,4,81,0,26,4,2016,3,12,15,2,US-87,,31.70224444,-100.781,12,1,1,1,0,1,1,1,2,0
48,2016481032,481032,2,1,1,1,1,339,0,26,4,2016,3,15,4,7,I-69/US-59,,30.09730556,-95.2391,8,0,1,1,1,1,1,1,2,0
48,2016481033,481033,1,1,0,0,2,373,6312,28,4,2016,5,20,5,2,US-59,,30.85281944,-94.8554,33,0,1,1,0,3,2,1,1,0
48,2016481034,481034,1,1,0,1,1,477,0,28,4,2016,5,22,12,2,US-290,CR-WILLIAM B TRAVIS RD,30.13718333,-96.3305,8,0,2,3,0,1,2,1,1,0
48,2016481035,481035,1,1,0,1,1,201,0,29,4,2016,6,21,35,4,CR-ALDINE WESTFIELD RD,CR-TRAILING VINE RD,30.05152222,-95.3887,8,0,2,3,0,1,2,1,1,0
48,2016481036,481036,1,1,0,0,1,49,950,30,4,2016,7,20,58,6,BURNETT DR,,31.66773333,-98.9926,35,0,1,1,0,4,2,1,1,0
48,2016481037,481037,1,1,0,0,1,183,0,30,4,2016,7,19,38,1,I-20,,32.43184167,-94.7748,42,0,1,1,0,3,1,1,1,0
48,2016481038,481038,1,1,0,1,1,201,0,30,4,2016,7,4,45,7,I-45 NORTH FWY,,30.06383611,-95.4335,8,0,1,1,0,1,3,2,1,0
48,2016481039,481039,2,2,0,0,2,201,3280,30,4,2016,7,2,6,6,KNOX ST,VICTORY DR,29.87098889,-95.4237,12,6,2,2,0,1,3,1,1,0
48,2016481040,481040,2,1,1,0,1,201,3280,30,4,2016,7,19,34,6,HILLCROFT AVE,,29.6474,-95.4935,33,0,1,1,0,4,1,1,1,1
48,2016481041,481041,3,2,1,0,2,215,2110,30,4,2016,7,16,23,6,ALBERTA RD,VETERANS BLVD,26.25247222,-98.1573,12,6,2,2,0,1,1,1,1,0
48,2016481042,481042,3,3,0,0,3,141,0,24,3,2016,5,11,30,3,SR-20/DONIPHAN DR,,31.96223611,-106.604,12,1,8,1,0,1,1,1,1,0
48,2016481043,481043,2,1,1,1,3,479,0,5,4,2016,3,15,24,1,I-35,,27.87318889,-99.4004,14,0,1,1,0,2,1,1,1,0
48,2016481044,481044,1,1,0,1,1,113,2590,14,4,2016,5,20,40,6,LYONS RD,,32.84874167,-96.5695,8,0,1,1,0,1,2,1,1,0
48,2016481045,481045,2,2,0,0,2,229,0,18,4,2016,2,7,20,1,I-10,,31.22746944,-105.775,12,1,1,1,0,1,1,1,1,0
48,2016481046,481046,2,2,0,0,2,389,0,21,4,2016,5,3,25,1,I-20,,31.39216389,-103.597,12,2,1,1,0,1,2,1,1,1
48,2016481047,481047,2,2,0,0,4,29,6090,23,4,2016,7,0,27,1,I-45,,29.53708889,-98.3839,12,1,1,1,0,1,3,1,1,0
48,2016481048,481048,1,1,0,0,3,279,0,23,4,2016,7,10,51,4,CR-115,,34.03345556,-102.482,10,0,6,1,0,1,1,1,3,0
48,2016481049,481049,2,2,0,0,2,217,0,23,4,2016,7,13,40,3,SR-22,,31.868175,-97.3703,12,6,1,1,0,1,1,1,1,0
48,2016481050,481050,1,1,0,0,1,93,0,25,4,2016,2,10,49,8,FM 2318,,31.98498889,-98.4968,38,0,1,1,0,5,1,1,1,0
48,2016481051,481051,1,1,0,1,1,127,1180,26,4,2016,3,18,39,2,US-83/1ST STREET,SAN PEDRO AVE,28.52716667,-99.8547,9,0,2,3,0,1,1,1,1,0
48,2016481052,481052,2,2,0,0,5,61,0,29,4,2016,6,23,48,8,FM 106/GENERAL BRANT RD,CR-CENTERLINE RD,26.22770833,-97.5415,12,6,2,2,0,1,3,10,1,0
48,2016481053,481053,2,2,0,0,2,141,2190,29,4,2016,6,20,52,7,SL 375/JOE BATTLE BLVD,,31.73735833,-106.267,12,6,1,1,0,1,2,1,1,1
48,2016481055,481055,2,2,0,0,2,201,0,30,4,2016,7,3,25,3,SR-146,,29.60378056,-95.032,12,1,18,1,0,1,3,10,1,0
48,2016481056,481056,1,1,0,0,1,201,0,30,4,2016,7,22,25,4,CR-HOLLOW TREE LN,,30.02445,-95.4399,30,0,1,1,0,4,3,10,1,0
48,2016481057,481057,2,2,0,0,2,203,0,30,4,2016,7,8,35,2,US-59,,32.63796944,-94.3458,12,6,1,1,0,1,1,10,1,1
48,2016481058,481058,2,2,0,0,4,39,0,1,5,2016,1,14,21,3,SR-35,,29.22333056,-95.3781,12,2,1,1,0,1,1,1,1,0
48,2016481059,481059,1,1,0,0,2,59,1400,1,5,2016,1,13,32,1,I-20,,32.42877778,-99.5846,43,0,1,1,0,10,1,10,1,0
48,2016481060,481060,1,1,0,0,1,113,4530,1,5,2016,1,1,28,6,PEACHTREE DR,,32.78601944,-96.6262,30,0,1,1,0,4,3,1,1,1
48,2016481061,481061,1,1,0,0,1,201,3280,1,5,2016,1,5,58,1,I-45 GULF FWY,,29.64601944,-95.2475,30,0,1,1,0,4,3,10,1,1
48,2016481062,481062,2,2,0,0,5,313,0,1,5,2016,1,15,30,2,US-190,,30.89842778,-96.1449,12,2,1,1,1,1,1,1,1,0
48,2016481063,481063,1,1,0,0,1,307,0,1,5,2016,1,17,3,2,US-190,,31.00824722,-99.5192,32,0,1,1,0,4,1,10,1,0
48,2016481064,481064,2,2,0,0,3,325,0,1,5,2016,1,19,8,3,SR-16,,29.65030556,-98.8145,12,2,1,1,0,1,1,1,1,0
48,2016481065,481065,1,1,0,1,1,453,330,1,5,2016,1,3,20,1,I-35,,30.26168333,-97.7361,8,0,1,1,0,1,3,1,1,0
48,2016481066,481066,1,1,0,0,2,481,3882,1,5,2016,1,0,30,8,FM442,,29.21590833,-96.0261,42,0,1,1,0,4,2,10,1,0
48,2016481067,481067,3,3,0,0,3,27,3690,2,5,2016,2,6,33,3,SR-195 FT HOOD ST,CHAPARRAL RD,31.023075,-97.7547,12,6,2,3,0,1,1,10,1,0
48,2016481068,481068,2,2,0,0,2,71,9997,2,5,2016,2,12,58,3,SR-146,,29.79747778,-94.9062,12,1,1,1,0,1,1,10,1,0
48,2016481070,481070,2,2,0,0,2,497,0,2,5,2016,2,8,4,2,US-380,CR-1110,33.231375,-97.67,12,6,2,2,0,1,1,1,1,0
48,2016481071,481071,1,1,0,1,1,5,3330,3,5,2016,3,6,0,2,US-69,1ST ST,31.27919722,-94.5798,8,0,2,3,0,1,4,1,1,0
48,2016481072,481072,1,1,0,0,1,201,3280,3,5,2016,3,18,20,1,I-45 NORTH FWY,,29.78119722,-95.3682,18,0,5,1,0,10,1,1,1,1
48,2016481073,481073,2,2,0,0,2,41,970,4,5,2016,4,12,10,8,HARVEY MITCHELL PKWY,LA BRISA DR,30.62510278,-96.377,12,6,2,3,0,1,1,10,1,0
48,2016481074,481074,1,1,0,1,1,113,1730,4,5,2016,4,20,56,6,LOMBARDY LN,,32.86645278,-96.8856,8,0,1,1,0,1,2,1,1,0
48,2016481075,481075,3,3,0,0,5,161,0,4,5,2016,4,17,17,2,US-84,,31.64693056,-96.2535,12,2,1,1,0,2,1,1,4,1
48,2016481076,481076,1,1,0,0,2,339,0,4,5,2016,4,19,35,4,CR-RAYFORD RD,,30.09867778,-95.3615,1,0,1,1,0,1,1,1,1,1
48,2016481078,481078,3,3,0,0,3,25,0,5,5,2016,5,14,33,2,US-59,,28.50836944,-97.6247,12,1,1,1,1,1,1,1,1,0
48,2016481079,481079,2,2,0,0,2,113,1730,5,5,2016,5,5,40,1,I-635 LBJ FWY,,32.92608889,-96.8334,12,1,1,1,0,1,3,1,1,0
48,2016481081,481081,1,1,0,0,1,29,6090,6,5,2016,6,0,10,1,I-310 LOOP,INGRAM RD,29.46600556,-98.6189,25,0,19,1,0,4,3,1,1,0
48,2016481082,481082,1,1,0,1,1,29,6090,6,5,2016,6,19,5,6,OCONNOR CV,,29.55973056,-98.3826,15,0,8,1,0,1,1,1,1,0
48,2016481083,481083,1,1,0,1,1,141,2190,6,5,2016,6,10,14,1,I-10 REDD RD,,31.86525,-106.577,30,0,1,1,0,5,1,1,1,0
48,2016481084,481084,2,1,1,0,3,141,2190,6,5,2016,6,15,47,7,US-54 GATEWAY NORTH BLVD,,31.86395,-106.44,33,0,8,1,0,4,1,1,1,0
48,2016481085,481085,2,2,0,0,2,245,490,6,5,2016,6,11,8,8,SS-380,FRANKLIN ST,30.07270556,-94.0999,12,6,2,2,0,1,1,1,1,0
48,2016481086,481086,1,1,0,1,1,439,2450,6,5,2016,6,1,25,1,I-820 LOOP,,32.80466389,-97.4247,8,0,18,1,0,1,2,1,1,0
48,2016481087,481087,1,1,0,0,3,453,330,6,5,2016,6,23,18,6,BURLESON RD,,30.21989444,-97.7337,33,0,1,1,0,4,3,10,1,0
48,2016481088,481088,2,2,0,0,2,457,0,6,5,2016,6,11,10,2,US-69,,30.66876944,-94.3865,12,6,8,1,0,1,1,1,1,0
48,2016481089,481089,1,1,0,0,1,459,0,6,5,2016,6,7,40,2,US-271,,32.64631944,-94.9323,42,0,1,1,0,4,1,1,1,0
48,2016481090,481090,1,1,0,1,4,37,6850,7,5,2016,7,12,57,2,US-82 NEW BOSTON RD,,33.43485278,-94.069,8,0,1,1,0,1,1,1,1,0
48,2016481091,481091,1,1,0,0,3,113,1730,7,5,2016,7,3,0,6,MOUNTAIN CREEK PKWY,,32.69625,-96.9633,43,0,1,1,0,4,3,1,3,1
48,2016481092,481092,1,1,0,0,1,201,480,7,5,2016,7,20,8,3,SR-146,,29.74879722,-94.9863,25,0,5,1,0,4,2,1,1,1
48,2016481093,481093,2,2,0,0,4,201,530,7,5,2016,7,11,53,1,I-610,,29.69904167,-95.459,12,1,1,1,0,1,1,1,1,0
48,2016481094,481094,2,2,0,0,2,339,4667,7,5,2016,7,13,37,3,SR-105 EVA ST,,30.38925,-95.6933,12,6,8,1,0,1,1,1,1,0
48,2016481095,481095,1,1,0,1,2,375,0,7,5,2016,7,5,50,8,FM 1912,,35.25703889,-101.654,8,0,1,1,0,1,2,1,1,0
48,2016481096,481096,2,2,0,1,2,29,6090,8,5,2016,1,23,19,3,SR-151,,29.45499722,-98.6875,8,0,1,1,1,1,3,10,1,0
48,2016481097,481097,2,2,0,0,3,41,1440,8,5,2016,1,1,34,3,SR-6 EARL RUDDER,,30.64752222,-96.3159,12,2,5,1,0,1,3,1,1,1
48,2016481098,481098,2,2,0,0,2,41,1440,8,5,2016,1,2,5,3,SR-6 EARL RUDDER FWY,,30.61545556,-96.2931,12,1,18,1,0,1,3,1,1,0
48,2016481099,481099,1,1,0,2,2,85,5730,8,5,2016,1,2,25,2,US-75 CENTRAL EXPY,,32.99527778,-96.7094,8,0,18,1,0,1,3,1,1,1
48,2016481100,481100,2,2,0,0,2,113,1870,8,5,2016,1,5,8,1,I-35 E,,32.62658611,-96.8233,12,2,1,1,0,1,3,10,1,1
48,2016481102,481102,1,1,0,0,2,21,0,9,5,2016,2,13,37,3,SR-95,,30.26451111,-97.3273,52,0,1,1,0,4,1,1,2,0
48,2016481103,481103,2,2,0,0,2,27,3690,9,5,2016,2,19,47,2,US-190,,31.07923056,-97.6965,12,1,1,1,1,1,1,1,1,0
48,2016481104,481104,1,1,0,1,2,113,1730,9,5,2016,2,0,30,6,WHEATLAND RD,,32.64760556,-96.8698,8,0,1,1,0,1,3,2,1,0
48,2016481105,481105,1,1,0,0,1,141,2190,9,5,2016,2,11,14,1,I-10,,31.84079444,-106.571,57,0,1,1,1,3,1,1,1,0
48,2016481106,481106,2,2,0,0,4,339,0,9,5,2016,2,13,30,8,FM2090,,30.22022778,-95.1257,12,2,1,1,0,1,1,10,2,0
48,2016481107,481107,2,2,0,0,2,361,5100,9,5,2016,2,1,11,1,I-10,,30.12090833,-93.7817,12,6,1,1,1,1,3,10,1,0
48,2016481108,481108,3,3,0,0,4,439,260,9,5,2016,2,10,48,1,I-20 RONALD REAGAN MEM HWY,,32.67543056,-97.1364,12,6,1,1,0,1,1,10,1,0
48,2016481109,481109,1,1,0,0,1,29,6090,10,5,2016,3,23,22,6,WEST AVE,,29.49665278,-98.526,30,0,1,1,0,4,3,1,1,0
48,2016481110,481110,1,1,0,1,1,439,2450,10,5,2016,3,7,40,3,SR-180 LANCASTER AVE,,32.73982778,-97.2808,8,0,1,1,0,1,1,1,1,0
48,2016481111,481111,2,2,0,0,6,273,0,11,5,2016,4,15,0,3,SR-285,,27.259575,-97.8561,12,2,1,1,1,1,1,1,3,0
48,2016481112,481112,1,1,0,0,5,215,0,28,2,2016,1,2,30,4,CR-MILE 13 NORTH RD,,26.24338611,-97.9359,1,0,1,1,0,4,2,1,1,1
48,2016481113,481113,3,3,0,0,4,121,5350,17,3,2016,5,7,29,2,US-377,,33.38279444,-96.9596,12,8,1,1,0,1,4,10,1,0
48,2016481114,481114,1,1,0,1,1,469,7190,23,3,2016,4,18,39,8,BU59T RIO GRANDE ST,,28.80639444,-96.9884,8,0,1,1,0,1,1,1,1,0
48,2016481116,481116,2,2,0,0,3,229,0,12,4,2016,3,8,45,1,I-10,,31.04693056,-104.923,12,6,7,1,0,1,2,1,2,0
48,2016481117,481117,1,1,0,0,1,389,0,19,4,2016,3,16,0,2,US-285,,31.81577778,-103.901,38,0,1,1,0,5,1,1,1,0
48,2016481118,481118,1,1,0,0,2,299,0,24,4,2016,1,16,45,8,RM152,,30.7019,-98.9227,1,0,1,1,0,4,1,1,2,0
48,2016481119,481119,1,1,0,0,2,99,0,25,4,2016,2,13,14,3,SR-36,,31.55723333,-97.8145,32,0,1,1,0,4,1,1,2,0
48,2016481120,481120,1,1,0,1,1,261,0,28,4,2016,5,4,40,2,US-77,,26.903625,-97.7904,8,0,7,1,0,1,2,1,1,0
48,2016481121,481121,1,1,0,1,1,355,0,29,4,2016,6,17,35,3,SR-44,,27.80348889,-97.711,8,0,1,1,1,2,1,10,1,0
48,2016481122,481122,1,1,0,0,1,303,4140,30,4,2016,7,18,40,7,SL 289,,33.54288889,-101.788,59,0,1,1,0,4,1,1,1,1
48,2016481123,481123,1,1,0,0,1,85,5540,1,5,2016,1,10,8,6,FM 1461/FRONTIER PKWY,PRAIRIE CROSSING,33.26270833,-96.8015,30,0,3,3,0,4,1,1,1,0
48,2016481124,481124,1,1,0,0,2,335,0,1,5,2016,1,13,18,1,I-20,,32.41411944,-100.708,25,0,1,1,0,3,1,10,1,0
48,2016481125,481125,2,2,0,0,4,215,0,1,5,2016,1,20,25,8,FM 2812/REDBIRD ST,,26.38023056,-98.1061,12,2,1,1,0,1,2,1,1,1
48,2016481128,481128,2,2,0,0,2,491,2620,4,5,2016,4,21,5,6,SHELL RD,ROSEDALE BLVD,30.68997222,-97.7132,12,1,3,2,0,1,2,1,1,0
48,2016481129,481129,2,2,0,0,5,157,0,6,5,2016,6,12,37,3,SR-6,,29.51325,-95.4726,12,1,1,1,0,1,1,1,1,0
48,2016481130,481130,2,2,0,0,7,181,3290,6,5,2016,6,14,47,3,SR-5,BLYTHE RD,33.4654,-96.5952,12,6,2,2,0,1,1,1,1,0
48,2016481131,481131,2,2,0,0,2,439,2800,6,5,2016,6,20,50,8,SS-303,,32.71111944,-97.0361,12,1,8,1,1,1,3,1,1,0
48,2016481132,481132,2,2,0,0,3,281,0,8,5,2016,1,9,45,2,US-190,CR-2461,31.21833889,-98.5294,12,6,2,3,0,1,1,10,1,1
48,2016481133,481133,2,2,0,0,3,209,0,9,5,2016,2,17,45,8,FM 150,,30.0456,-97.9748,12,2,1,1,0,1,1,1,2,0
48,2016481134,481134,1,1,0,0,1,489,0,9,5,2016,2,17,15,2,US-77,,26.59111944,-97.7673,1,0,1,1,0,3,1,1,1,0
48,2016481135,481135,2,2,0,0,2,27,570,10,5,2016,3,20,19,8,SL 121,CONNELL ST,31.03152778,-97.4787,12,6,2,3,0,1,3,10,1,0
48,2016481136,481136,3,3,0,0,6,113,1730,10,5,2016,3,20,0,6,2ND AVE,FITZHUGH AVE,32.77195556,-96.7572,12,6,2,3,0,1,3,1,1,0
48,2016481137,481137,1,1,0,0,1,217,0,10,5,2016,3,13,50,8,FM 934,,32.09493889,-97.3409,42,0,1,1,0,4,1,1,1,0
48,2016481138,481138,2,2,0,0,2,323,0,10,5,2016,3,6,35,8,FM 2644,,28.49771111,-100.24,12,2,1,1,0,1,4,5,1,0
48,2016481139,481139,3,3,0,0,4,201,0,11,5,2016,4,12,30,8,FM 1942,,29.84771111,-94.9586,12,6,1,1,0,1,1,1,1,0
48,2016481140,481140,1,1,0,0,1,289,0,11,5,2016,4,22,0,8,FM 39,,31.07375,-96.1203,42,0,1,1,0,4,2,1,1,0
48,2016481141,481141,1,1,0,1,1,439,2450,11,5,2016,4,14,39,3,SR-180 LANCASTER AVE,SARGENT ST,32.74076667,-97.2635,8,0,3,2,1,1,1,1,1,0
48,2016481142,481142,2,2,0,0,8,141,0,13,5,2016,6,14,24,6,BUNTLINE DR,SHOGUN CT,31.81511944,-106.173,12,6,2,2,0,1,1,1,1,0
48,2016481143,481143,2,2,0,0,2,201,0,13,5,2016,6,1,32,4,CR-GREEN RIVER DR,CR-MAYHAW LN,29.83895556,-95.2063,12,6,8,1,0,1,2,1,1,1
48,2016481144,481144,2,2,0,0,4,401,0,13,5,2016,6,4,8,3,SR-315,,32.02134167,-94.6119,12,2,1,1,0,1,2,1,2,0
48,2016481145,481145,2,2,0,0,5,439,2450,13,5,2016,6,17,45,1,I-820,,32.74080278,-97.4814,12,1,18,1,0,1,1,1,1,0
48,2016481146,481146,1,1,0,1,1,453,330,13,5,2016,6,14,17,6,GAULT ST,,30.35080278,-97.718,8,0,1,1,0,1,1,1,1,0
48,2016481147,481147,1,1,0,1,3,471,3340,13,5,2016,6,22,20,3,SR-75,DAVID ST,30.69200833,-95.5285,8,0,3,2,0,1,2,1,1,0
48,2016481148,481148,3,3,0,0,5,113,1730,14,5,2016,7,22,49,1,I-35E N STEMMONS FWY,,32.88836389,-96.8982,12,1,18,1,0,1,3,1,1,0
48,2016481149,481149,1,1,0,1,2,309,0,14,5,2016,7,22,30,1,I-35,,31.77041944,-97.1037,8,0,1,1,0,1,2,1,1,0
48,2016481150,481150,2,2,0,0,2,423,7070,14,5,2016,7,21,37,6,GRANDE BLVD,,32.27993889,-95.3235,12,2,1,1,0,1,2,1,1,1
48,2016481151,481151,2,1,1,0,5,29,6090,15,5,2016,1,0,41,6,KIPLING AVE,,29.38362222,-98.4533,14,0,1,1,0,7,3,1,1,1
48,2016481152,481152,1,1,0,0,2,29,6090,15,5,2016,1,13,0,8,PA 1502 WURZBACH PKWY,,29.54239167,-98.4247,59,0,1,1,0,4,1,2,1,0
48,2016481153,481153,1,1,0,0,1,61,940,15,5,2016,1,14,27,6,PRICE RD,,25.93573333,-97.5002,42,0,1,1,0,4,1,10,1,0
48,2016481154,481154,1,1,0,1,1,201,3280,15,5,2016,1,6,24,6,CHIMNEY ROCK RD,,29.71974444,-95.4765,8,0,1,1,0,1,1,1,1,0
48,2016481155,481155,1,1,0,1,1,361,0,15,5,2016,1,17,25,8,FM 105,,30.23880833,-94.0217,8,0,1,1,0,4,1,1,1,0
48,2016481156,481156,1,1,0,0,1,41,1440,16,5,2016,2,8,9,3,SR-6 EARL RUDDER FWY,,30.59555556,-96.2903,1,0,1,1,0,1,1,2,1,0
48,2016481157,481157,2,2,0,0,2,201,3280,16,5,2016,2,23,45,8,FM 521 ALMEDA RD,ALMEDA GENOA,29.61347222,-95.4196,12,8,3,2,0,1,3,1,1,2
48,2016481158,481158,3,1,2,2,3,245,490,16,5,2016,2,13,42,2,US-69 EASTEX FWY,,30.15256389,-94.1804,14,0,1,1,0,2,1,10,1,0
48,2016481159,481159,3,3,0,0,5,381,150,16,5,2016,2,15,32,6,COULTER ST,,35.14259444,-101.92,12,6,1,1,0,1,1,1,1,1
48,2016481160,481160,1,1,0,1,1,29,3943,25,3,2016,6,2,41,1,I-410 LOOP,SR-16 BANDERA RD,29.48272222,-98.5999,8,0,19,1,0,4,3,1,1,0
48,2016481161,481161,1,1,0,0,1,461,0,19,4,2016,3,9,35,3,SR-329,,31.42999167,-102.181,1,0,1,1,0,4,1,10,1,0
48,2016481162,481162,2,2,0,0,3,135,0,5,5,2016,5,23,50,8,FM 3472,,31.84327222,-102.426,12,1,1,1,0,1,2,1,1,1
48,2016481163,481163,2,2,0,0,1,329,0,5,5,2016,5,5,10,8,FM 1788,,31.89277222,-102.209,12,6,8,1,0,1,2,1,1,0
48,2016481164,481164,3,3,0,0,3,271,0,9,5,2016,2,4,31,2,US-90,,29.36976667,-100.653,12,8,1,1,1,1,2,1,1,0
48,2016481165,481165,1,1,0,0,1,15,0,13,5,2016,6,23,4,8,FM 529,,29.36973889,-100.653,43,0,1,1,0,4,2,1,1,0
48,2016481166,481166,1,1,0,1,1,291,0,14,5,2016,7,4,51,3,SR-321,,30.11885278,-94.9262,8,0,1,1,0,1,2,5,1,0
48,2016481167,481167,2,2,0,0,4,477,0,14,5,2016,7,17,14,2,US-290,,30.17021667,-96.4427,12,8,1,1,0,1,1,2,1,0
48,2016481168,481168,1,1,0,1,3,25,0,18,5,2016,4,0,4,2,US-181,,28.30739722,-97.7033,8,0,1,1,0,1,2,10,1,0
48,2016481169,481169,2,2,0,1,2,29,6090,22,1,2016,6,21,33,8,SL-345 FREDERICKSBURG RD,,29.50421111,-98.5615,8,0,1,1,0,1,3,1,1,0
48,2016481170,481170,2,2,0,0,2,113,1730,13,2,2016,7,17,55,8,SL-12 NORTHWEST HWY,TOWN NORTH DR,32.85528611,-96.742,12,2,2,2,0,1,5,1,1,0
48,2016481171,481171,1,1,0,1,1,339,1510,12,3,2016,7,4,2,3,SR-105 DAVIS ST,,30.32826389,-95.5022,8,0,1,1,0,1,3,1,1,0
48,2016481172,481172,2,2,0,2,5,201,3280,14,4,2016,5,23,39,6,CALHOUN RD,MACGREGOR WAY,29.71271111,-95.3414,12,7,2,3,0,1,3,1,1,2
48,2016481173,481173,1,1,0,1,1,39,130,16,4,2016,7,19,46,6,SECOND ST,SNYDER ST,29.42605,-95.2554,8,0,2,2,0,1,1,10,1,0
48,2016481174,481174,1,1,0,0,1,201,0,28,4,2016,5,5,0,3,SR-99 GRAND PARKWAY,,30.04814722,-95.7527,59,0,1,1,0,4,2,5,1,0
48,2016481175,481175,1,1,0,0,1,29,6090,29,4,2016,6,12,35,6,SILICON DR,,29.55950833,-98.5927,33,0,1,1,0,4,1,1,1,0
48,2016481176,481176,1,1,0,0,3,71,0,30,4,2016,7,21,30,4,CR-CAMP CREEK RD,,29.78675,-94.8365,18,0,1,1,0,1,2,10,1,0
48,2016481177,481177,1,1,0,0,2,367,0,30,4,2016,7,20,10,3,SR-199,,32.97928889,-97.7867,1,0,1,1,0,4,5,1,1,0
48,2016481178,481178,2,2,0,0,5,453,0,30,4,2016,7,21,38,8,FM973,CR-SUNCREST RD,30.36908611,-97.5318,12,6,2,3,0,1,3,1,1,0
48,2016481179,481179,1,1,0,1,1,29,6090,1,5,2016,1,6,30,7,I-410,,29.38014444,-98.642,8,0,18,1,0,1,2,1,1,0
48,2016481180,481180,2,2,0,0,4,215,0,2,5,2016,2,0,56,4,CR-TIMOTHY DR,,26.2385,-97.9989,12,6,1,1,0,1,2,1,1,2
48,2016481181,481181,1,1,0,1,1,113,1730,3,5,2016,3,19,55,1,I-35E STEMMONS FWY,,32.81989444,-96.8695,8,0,1,1,0,1,3,1,1,0
48,2016481182,481182,1,1,0,1,1,157,3580,4,5,2016,4,9,4,8,FM1463,,29.77279444,-95.8375,8,0,1,1,0,2,1,1,1,0
48,2016481183,481183,2,2,0,0,2,39,0,7,5,2016,7,1,45,3,SR-332,,29.00376389,-95.3831,12,6,1,1,0,1,2,1,2,1
48,2016481184,481184,4,4,0,0,5,423,0,7,5,2016,7,22,18,3,SR-49 TOLL,,32.35816111,-95.4283,12,2,1,1,0,1,2,1,3,0
48,2016481185,481185,1,1,0,0,9,37,0,8,5,2016,1,4,5,1,I-30,,33.475775,-94.4265,1,0,1,1,0,1,2,1,1,0
48,2016481186,481186,2,2,0,0,2,339,0,10,5,2016,3,21,57,8,FM174,,33.57516667,-97.8968,12,6,8,1,0,1,7,1,1,0