STATE,YEAR_ST_CASE,ST_CASE,VE_TOTAL,VE_FORMS,PVH_INVL,PEDS,PERSONS,COUNTY,CITY,DAY,MONTH,YEAR,DAY_WEEK,HOUR,MINUTE,ROUTE,TWAY_ID,TWAY_ID2,LATITUDE,LONGITUD,HARM_EV,MAN_COLL,RELJCT2,TYP_INT,WRK_ZONE,REL_ROAD,LGT_COND,WEATHER,FATALS,DRUNK_DR
48,2016481187,481187,1,1,0,1,1,439,2450,10,5,2016,3,20,48,3,SR-180 LANCASTER AVE,,32.74615556,-97.3177,8,0,1,1,0,1,2,1,1,0
48,2016481188,481188,1,1,0,0,1,13,0,11,5,2016,4,14,45,3,SR-16 BLUEWIND,,29.12375,-98.5917,38,0,1,1,0,5,1,1,1,0
48,2016481189,481189,1,1,0,0,1,123,0,12,5,2016,5,0,57,8,FM766,,29.11276389,-97.2916,34,0,1,1,0,4,2,1,1,1
48,2016481190,481190,1,1,0,0,1,175,0,12,5,2016,5,23,32,2,US-183,,28.7701,-97.3886,32,0,1,1,0,4,2,1,1,0
48,2016481191,481191,2,2,0,0,2,437,0,12,5,2016,5,16,55,1,I-27,,34.35353056,-101.753,12,1,1,1,0,1,1,1,1,0
48,2016481192,481192,2,2,0,0,2,497,0,12,5,2016,5,22,27,2,US-81/US287,,33.11515,-97.4805,12,2,1,1,0,1,2,1,1,2
48,2016481193,481193,1,1,0,0,1,201,3280,13,5,2016,6,19,16,6,MEMORIAL DR,,29.76293611,-95.3912,3,0,1,1,0,5,1,1,1,1
48,2016481194,481194,3,3,0,0,4,409,0,13,5,2016,6,15,24,8,FM 666,,28.04403889,-97.7892,12,11,1,1,0,1,1,1,1,0
48,2016481195,481195,1,1,0,1,1,201,3280,14,5,2016,7,1,25,2,US-290/NORTHWEST FWY,,29.85440556,-95.5151,8,0,1,1,1,1,3,1,1,0
48,2016481196,481196,1,1,0,0,2,201,3280,14,5,2016,7,17,17,6,MACGREGOR WAY,,29.70876944,-95.369,23,0,1,1,0,4,1,2,1,1
48,2016481197,481197,1,1,0,0,2,55,0,15,5,2016,1,6,23,2,US-183,,29.74758056,-97.6547,42,0,1,1,0,4,4,10,1,1
48,2016481198,481198,1,1,0,0,1,289,0,15,5,2016,1,3,9,3,SR-7,,31.27820833,-95.9153,1,0,1,1,0,1,2,1,1,0
48,2016481199,481199,2,2,0,0,2,451,0,15,5,2016,1,12,2,4,CR-LIPAN CREEK RD,CR-PHINNEY RD,31.44448056,-100.124,12,2,2,2,0,1,1,10,1,0
48,2016481200,481200,1,1,0,0,1,91,4870,16,5,2016,2,3,23,1,I-35,,29.66386667,-98.1686,35,0,1,1,0,10,2,2,1,0
48,2016481201,481201,1,1,0,1,1,167,0,16,5,2016,2,20,45,8,FM 646/BAYSHORE,,29.49670278,-94.9248,8,0,1,1,0,1,3,1,1,0
48,2016481202,481202,2,2,0,0,2,373,0,17,5,2016,3,10,14,2,US-59,,30.6782,-94.9512,33,0,1,1,0,3,1,10,1,0
48,2016481203,481203,1,1,0,1,1,113,1730,18,5,2016,4,1,9,1,I-30/RL THORNTON HWY,,32.79724167,-96.6854,8,0,1,1,0,1,3,1,1,0
48,2016481204,481204,1,1,0,1,1,113,1730,18,5,2016,4,20,58,6,WESTMORELAND RD,BROOKLYNDELL AVE,32.73831389,-96.8741,8,0,3,3,0,1,3,2,1,0
48,2016481205,481205,1,1,0,0,1,459,0,18,5,2016,4,2,39,2,US-271,,32.84211944,-94.9517,18,0,1,1,0,1,2,1,1,0
48,2016481206,481206,1,1,0,0,1,401,0,19,5,2016,5,15,25,2,US-84,,31.92006944,-94.6614,42,0,1,1,0,4,1,2,1,0
48,2016481207,481207,2,1,1,1,1,141,2190,20,5,2016,6,19,48,6,MT DELANO DR,,31.86741944,-106.415,33,0,1,1,0,4,5,1,1,0
48,2016481208,481208,2,2,0,0,3,303,4140,20,5,2016,6,10,6,7,I-27,US-84/SLATON RD,33.53673056,-101.844,12,6,2,2,0,1,1,10,1,0
48,2016481209,481209,2,2,0,0,2,453,330,20,5,2016,6,20,35,6,DESSAU RD,,30.35190556,-97.6752,12,6,1,1,0,1,1,1,1,0
48,2016481210,481210,2,2,0,0,2,491,6780,20,5,2016,6,17,4,3,SR-95/MAIN ST,,30.60008333,-97.4163,12,6,8,1,0,1,1,1,1,0
48,2016481211,481211,2,2,0,0,2,27,6810,21,5,2016,7,15,45,3,SR-317,,31.15201667,-97.43,12,8,1,1,1,1,1,10,1,0
48,2016481212,481212,1,1,0,0,2,113,1730,21,5,2016,7,0,56,6,WEBB CHAPEL RD,,32.8603,-96.8571,44,0,1,1,0,1,3,1,1,1
48,2016481213,481213,2,2,0,0,2,183,4080,21,5,2016,7,1,21,8,FM1845 PINE TREE RD,,32.52263056,-94.8032,12,6,8,1,0,1,3,1,1,1
48,2016481214,481214,3,3,0,0,3,187,4870,21,5,2016,7,10,6,8,FM725,,29.66530556,-98.0942,12,1,1,1,0,1,1,1,1,1
48,2016481215,481215,1,1,0,0,1,113,1730,22,5,2016,1,15,20,7,I-635 LBJ FWY,,32.92495278,-96.7683,39,0,1,1,0,4,1,10,1,0
48,2016481216,481216,1,1,0,0,2,141,0,22,5,2016,1,2,0,7,I-10 GATEWAY WEST BLVD,,31.68359167,-106.264,1,0,1,1,0,4,3,1,1,1
48,2016481217,481217,2,2,0,0,2,491,2620,22,5,2016,1,12,24,6,WILLIAMS DR,,30.67901111,-97.7107,12,2,1,1,0,1,1,10,1,0
48,2016481218,481218,1,1,0,1,1,139,5685,23,5,2016,2,0,6,8,FM664 OVILLA RD,,32.531775,-96.8111,8,0,1,1,0,1,3,10,1,0
48,2016481219,481219,1,1,0,0,1,439,2850,23,5,2016,2,5,20,6,FAIRWAY DR,,32.97925556,-97.0591,59,0,1,1,0,4,2,10,1,0
48,2016481220,481220,1,1,0,0,1,29,6090,24,5,2016,3,13,25,2,US-90,,29.37761944,-98.721,32,0,1,1,0,4,1,1,1,0
48,2016481221,481221,2,2,0,0,2,439,260,24,5,2016,3,8,7,1,I-30,,32.75944167,-97.0463,24,0,1,1,0,4,1,2,1,0
48,2016481222,481222,1,1,0,1,1,85,4230,27,4,2016,4,15,39,2,US-380/UNIVERSITY DR,GRAVES ST,33.2165,-96.6289,8,0,3,2,0,1,1,1,1,0
48,2016481223,481223,1,1,0,1,1,215,2110,6,5,2016,6,21,2,8,FM 1925/MONTE CRISTO RD,ISABELLA RD,26.34295556,-98.1964,8,0,3,3,0,1,2,1,1,0
48,2016481224,481224,1,1,0,0,3,257,0,11,5,2016,4,15,4,8,FM 740,,32.70906944,-96.4896,1,0,1,1,0,4,1,1,1,0
48,2016481225,481225,1,1,0,1,1,339,0,12,5,2016,5,22,50,8,FM 1774,,30.19003056,-95.7166,8,0,1,1,0,1,2,10,1,0
48,2016481226,481226,1,1,0,0,2,113,3420,13,5,2016,6,12,11,1,I-635/LYNDON B JOHNSON FWY,,32.91468333,-96.9543,1,0,1,1,0,10,1,1,1,0
48,2016481227,481227,2,1,1,1,2,201,0,21,5,2016,7,0,1,1,I-10,,29.77071111,-95.1779,18,0,1,1,1,2,3,10,1,1
48,2016481228,481228,2,1,1,0,1,297,0,21,5,2016,7,22,41,2,US-281,,28.48535,-98.1787,14,0,1,1,1,5,2,10,1,1
48,2016481229,481229,1,1,0,0,2,361,7200,22,5,2016,1,18,20,1,I-10,,30.13596944,-94.0043,1,0,20,1,0,1,1,1,1,1
48,2016481230,481230,1,1,0,0,1,401,0,22,5,2016,1,15,20,8,FM 1797,,32.31931944,-94.5617,42,0,1,1,0,4,1,1,1,0
48,2016481231,481231,2,1,1,0,2,113,1730,30,1,2016,7,23,27,6,DALLAS NORTH TOLLWAY,,32.86150556,-96.8119,30,0,1,1,0,1,3,1,1,1
48,2016481232,481232,1,1,0,0,1,397,0,7,4,2016,5,18,45,3,SR-276,,32.90090833,-96.3677,38,0,1,1,0,5,1,1,1,0
48,2016481233,481233,2,2,0,0,3,167,1920,25,4,2016,2,16,0,3,SR-3,HUGHES RD,29.45252222,-95.0402,12,6,2,2,0,1,1,1,1,0
48,2016481234,481234,4,4,0,0,8,113,1730,5,5,2016,5,21,25,8,SS366 WOODALL RODGERS FWY,,32.78956389,-96.8016,12,1,1,1,0,1,3,1,1,0
48,2016481235,481235,2,2,0,0,4,467,0,6,5,2016,6,5,16,2,US-80,CR-1913,32.67828056,-95.7714,12,6,2,3,0,1,2,1,1,0
48,2016481236,481236,1,1,0,1,2,39,0,8,5,2016,1,22,48,3,SR-6 MORRIS AVE,,29.4979,-95.443,8,0,1,1,0,1,2,1,1,0
48,2016481237,481237,2,2,0,0,2,187,0,8,5,2016,1,2,40,3,SR-123,,29.79700833,-97.9454,12,8,1,1,0,1,2,1,1,1
48,2016481238,481238,2,2,0,0,7,209,0,8,5,2016,1,14,6,2,US-290,,30.19196944,-98.0716,12,11,1,1,0,1,1,2,5,0
48,2016481239,481239,2,1,1,0,1,453,5325,8,5,2016,1,22,16,6,EDGEMERE DR,,30.45340278,-97.6468,14,0,1,1,0,5,3,1,1,0
48,2016481240,481240,2,2,0,0,2,453,0,10,5,2016,3,10,49,8,FM1825,CR-THREE POINTS RD,30.44970833,-97.6581,12,6,2,4,0,1,1,1,1,0
48,2016481241,481241,1,1,0,0,1,201,3280,11,5,2016,4,9,0,6,MAIN ST,,29.78558611,-95.3662,33,0,1,1,0,4,1,10,1,0
48,2016481242,481242,3,3,0,0,5,201,3280,12,5,2016,5,10,58,6,SCOTT ST,YELLOWSTONE BLVD,29.69356944,-95.3616,12,6,2,2,0,1,1,1,1,1
48,2016481243,481243,2,2,0,0,3,389,0,12,5,2016,5,6,10,2,US-285,,31.59729444,-103.613,12,2,1,1,0,2,2,1,1,1
48,2016481244,481244,1,1,0,0,1,453,0,12,5,2016,5,6,0,4,CR-SPRINGDALE RD,,30.32396667,-97.6582,1,0,1,1,0,1,2,1,1,1
48,2016481245,481245,1,1,0,0,1,113,1730,13,5,2016,6,22,30,8,SL-12 BUCKNER BLVD,HUME DR,32.7571,-96.6829,40,0,8,1,0,4,3,1,1,0
48,2016481246,481246,1,1,0,0,1,339,0,13,5,2016,6,0,41,8,FM 149,,30.5439,-95.8013,1,0,1,1,0,4,2,1,1,0
48,2016481247,481247,1,1,0,1,1,439,2450,13,5,2016,6,23,48,3,SR-121 AIRPORT FWY,,32.772875,-97.292,8,0,18,1,0,1,2,1,1,0
48,2016481248,481248,3,3,0,1,2,11,0,14,5,2016,7,9,45,2,US-287,,35.14563056,-101.466,12,1,7,1,0,1,1,10,1,0
48,2016481249,481249,2,2,0,0,3,201,3280,14,5,2016,7,1,8,7,I-45,TIDWELL RD,29.84544444,-95.3923,12,6,2,2,0,1,3,1,1,1
48,2016481250,481250,2,2,0,0,3,439,260,14,5,2016,7,8,12,7,I-30,,32.76039167,-97.1016,12,1,18,1,0,1,1,10,1,0
48,2016481251,481251,1,1,0,0,1,113,1730,16,5,2016,2,11,0,8,SL 12 GREAT TRINITY FOREST WAY,,32.713275,-96.6942,30,0,1,1,0,4,1,1,1,0
48,2016481252,481252,2,2,0,0,2,439,2990,16,5,2016,2,10,56,3,SR-121,,32.7901,-97.2518,12,1,1,1,0,1,1,1,1,0
48,2016481253,481253,2,2,0,0,2,471,0,16,5,2016,2,18,20,1,I-45,,30.608475,-95.5059,57,0,1,1,0,3,1,10,1,0
48,2016481254,481254,1,1,0,1,1,167,2570,17,5,2016,3,7,10,3,SR-87,,29.29429167,-94.8136,8,0,1,1,0,1,1,1,1,0
48,2016481255,481255,1,1,0,1,1,373,0,17,5,2016,3,21,40,2,US-190,,30.72416111,-94.969,9,0,1,1,0,1,2,1,1,0
48,2016481256,481256,2,2,0,0,2,141,2190,18,5,2016,4,17,7,6,GEORGE DIETER DR,BOB MITCHELL DR,31.76073889,-106.302,12,2,2,2,0,1,1,1,1,0
48,2016481257,481257,2,2,0,1,3,113,1730,19,5,2016,5,23,43,3,SR-75 CENTRAL EXPY,,32.89071389,-96.7696,8,0,1,1,0,1,3,10,1,0
48,2016481258,481258,1,1,0,1,1,201,3280,19,5,2016,5,20,29,8,FM 865 CULLEN BLVD,,29.70152222,-95.3487,8,0,1,1,0,1,3,1,1,0
48,2016481259,481259,2,2,0,0,2,381,0,19,5,2016,5,14,43,8,SL 335,,35.12033056,-101.807,12,6,5,1,0,1,1,10,1,0
48,2016481260,481260,2,2,0,0,2,467,0,19,5,2016,5,11,26,3,SR-64,,32.43941944,-95.6828,12,1,1,1,0,2,1,2,1,0
48,2016481261,481261,2,2,0,0,5,29,6090,20,5,2016,6,2,13,2,US-281,,29.64539722,-98.4519,12,7,1,1,0,1,3,10,1,0
48,2016481262,481262,1,1,0,0,1,97,2550,20,5,2016,6,15,0,1,I-35,,33.6923,-97.1621,57,0,1,1,0,3,1,1,1,0
48,2016481263,481263,2,2,0,1,2,113,1730,20,5,2016,6,23,35,8,SL12,,32.68524722,-96.7932,8,0,1,1,0,1,2,1,1,0
48,2016481264,481264,2,2,0,0,2,201,3280,20,5,2016,6,23,29,6,PINEMONT DR,ALABONSON RD,29.84031111,-95.4781,12,6,2,3,0,1,3,1,1,0
48,2016481265,481265,2,2,0,0,5,329,4560,20,5,2016,6,21,41,6,MIDLAND DR,,31.99011667,-102.133,12,6,8,1,0,1,3,1,1,2
48,2016481266,481266,2,2,0,0,4,29,6090,21,5,2016,7,2,32,8,FM78,,29.4786,-98.3647,12,2,1,1,0,1,3,1,1,1
48,2016481267,481267,3,1,2,1,2,113,1730,21,5,2016,7,23,58,1,I-45 JULIUS FWY,,32.73939444,-96.7669,14,0,1,1,0,2,2,1,1,0
48,2016481268,481268,2,2,0,0,2,129,0,21,5,2016,7,9,35,2,US-287,,34.83735,-100.627,12,1,1,1,0,1,1,5,1,0
48,2016481269,481269,3,3,0,0,5,201,0,21,5,2016,7,0,26,8,FM2920,KUYKENDAHL RD,30.07406667,-95.5134,12,6,2,2,0,1,3,10,3,1
48,2016481270,481270,1,1,0,0,1,221,0,21,5,2016,7,12,35,8,FM4 LIPAN HWY,,32.52238611,-97.986,52,0,1,1,0,4,1,10,1,0
48,2016481271,481271,3,3,0,0,9,365,0,21,5,2016,7,10,15,3,SR-315,,32.13946389,-94.3829,12,1,8,1,0,1,1,1,4,0
48,2016481272,481272,2,2,0,0,4,491,0,21,5,2016,7,5,48,3,SR-195,,30.73575278,-97.6906,12,2,1,1,0,1,2,10,1,1
48,2016481273,481273,1,1,0,1,3,113,1730,22,5,2016,1,21,56,8,SL12 LEDBETTER DR,,32.697675,-96.7622,15,0,1,1,0,1,2,1,1,0
48,2016481274,481274,1,1,0,1,2,201,3280,22,5,2016,1,2,17,1,I-45 GULF FWY,,29.54268333,-95.1439,8,0,1,1,1,1,2,10,1,1
48,2016481275,481275,1,1,0,0,2,233,0,22,5,2016,1,21,14,3,SR-152,,35.66560833,-101.353,24,0,1,1,0,4,2,1,2,1
48,2016481276,481276,2,2,0,0,4,113,1730,23,5,2016,2,22,20,6,MOCKINGBIRD LN,,32.80100556,-96.8738,12,1,1,1,0,1,3,10,1,0
48,2016481277,481277,2,2,0,0,4,147,0,23,5,2016,2,6,45,3,SR-11,,33.39193611,-96.0968,12,6,1,1,0,1,1,2,3,0
48,2016481278,481278,5,5,0,0,6,313,0,23,5,2016,2,13,58,1,I-45,,30.91048056,-95.792,12,1,1,1,0,1,1,1,1,0
48,2016481279,481279,2,2,0,0,3,39,4306,24,5,2016,3,16,5,8,FM1128 MASTERS RD,,29.51209167,-95.3306,12,2,1,1,0,1,1,1,2,1
48,2016481280,481280,1,1,0,0,3,291,1770,24,5,2016,3,13,5,6,BROWN RD,,30.03238889,-94.8843,1,0,1,1,0,4,1,1,1,0
48,2016481281,481281,2,2,0,0,2,201,3280,25,5,2016,4,11,47,6,MYRTLE ST,BOBBY LEE LN,29.70959722,-95.3021,12,6,2,2,0,1,1,1,1,0
48,2016481282,481282,2,2,0,0,2,439,2450,25,5,2016,4,17,30,3,SR-183/28TH ST,,32.79526111,-97.3522,12,6,8,1,1,1,1,1,1,0
48,2016481283,481283,1,1,0,1,1,453,330,25,5,2016,4,23,22,1,I-35,,30.311975,-97.709,8,0,1,1,0,1,3,10,1,0
48,2016481284,481284,2,2,0,0,2,73,0,26,5,2016,5,13,27,3,SR-135,,31.99,-95.2393,12,6,1,1,0,1,1,2,1,0
48,2016481285,481285,2,2,0,0,4,113,1730,26,5,2016,5,18,42,6,CLARK RD,CLARKRIDGE DR,32.66678611,-96.9453,12,6,2,2,0,1,1,10,1,0
48,2016481286,481286,2,1,1,1,1,161,0,26,5,2016,5,0,56,1,I-45,,31.81298889,-96.2714,8,0,1,1,0,1,2,10,1,0
48,2016481287,481287,2,2,0,0,2,259,740,26,5,2016,5,13,10,3,SR-46/RIVER RD,,29.78920833,-98.7106,12,6,8,1,0,1,1,1,1,0
48,2016481288,481288,2,2,0,0,2,329,0,26,5,2016,5,14,48,3,SR-349,,31.84548889,-102.034,12,2,1,1,0,1,1,10,1,0
48,2016481289,481289,1,1,0,0,1,121,1840,27,5,2016,6,1,5,8,FM 2449,,33.176725,-97.1921,42,0,1,1,0,4,2,2,1,1
48,2016481290,481290,2,2,0,0,5,161,0,27,5,2016,6,5,12,1,I-45,,31.56855,-96.1418,12,2,1,1,0,1,2,2,2,1
48,2016481291,481291,2,1,1,0,1,29,6090,28,5,2016,7,0,46,8,SL 345/FREDERICKSBURG RD,,29.47410556,-98.5357,40,0,1,1,0,4,3,1,1,1
48,2016481292,481292,2,2,0,0,3,59,0,28,5,2016,7,22,2,3,SR-36,,32.30671944,-99.6178,24,0,1,1,1,4,2,10,2,2
48,2016481293,481293,1,1,0,1,1,215,5330,28,5,2016,7,4,32,8,FM 3072/DICKER RD,,26.12414444,-98.2029,38,0,1,1,0,5,3,1,1,1
48,2016481294,481294,2,2,0,0,3,27,3690,29,5,2016,1,19,23,8,FM 3470/STAN SCHUETER LOOP,LEDGESTONE DR,31.08095278,-97.7689,12,6,2,3,0,1,1,1,1,0
48,2016481295,481295,2,2,0,0,4,29,6090,30,5,2016,2,1,21,8,SL 13/MILITARY DR,NORMA ST,29.35670833,-98.497,12,6,2,3,0,1,3,1,1,1
48,2016481296,481296,2,2,0,0,2,29,6090,30,5,2016,2,12,4,6,MARBACH RD,,29.41770556,-98.6257,12,2,1,1,0,1,1,10,1,0
48,2016481297,481297,1,1,0,0,4,347,4810,30,5,2016,2,1,20,8,FM 1878/STARR AVE,,31.62267222,-94.6274,42,0,1,1,0,4,3,1,3,1
48,2016481298,481298,1,1,0,1,1,113,3420,31,5,2016,3,1,12,6,BELT LINE RD,,32.87304722,-96.9917,9,0,1,1,0,1,3,1,1,0
48,2016481299,481299,4,4,0,0,4,339,4667,23,3,2016,4,16,50,1,I-69/EASTEX FWY,,30.05116944,-95.2521,12,6,1,1,0,1,1,10,1,0
48,2016481300,481300,2,2,0,0,2,465,0,18,4,2016,2,23,5,2,US-90,,29.781,-101.399,12,2,1,1,0,1,2,2,1,0
48,2016481301,481301,2,2,0,0,3,135,5030,24,4,2016,1,10,10,6,TANGLEWOOD LN,MCM PROMENADE CROSS,31.89500556,-102.343,12,1,3,3,0,1,1,1,1,0
48,2016481302,481302,1,1,0,0,1,201,3890,29,4,2016,6,7,36,7,FAIRMONT PKWY,,29.651675,-95.0395,33,0,1,1,0,4,4,1,1,0
48,2016481303,481303,1,1,0,0,6,27,0,5,5,2016,5,16,42,4,CR-SHAW RD,,30.95836111,-97.2567,38,0,1,1,0,5,1,1,1,0
48,2016481304,481304,2,2,0,0,2,251,2690,5,5,2016,5,5,48,3,SR-171,,32.49190278,-97.581,12,2,1,1,0,1,2,1,1,0
48,2016481305,481305,1,1,0,1,1,183,0,7,5,2016,7,5,51,3,SR-31,,32.37728056,-94.9786,8,0,1,1,0,1,2,1,1,0
48,2016481306,481306,1,1,0,1,1,99,0,11,5,2016,4,7,10,4,CR-CACTUS LN,CR-WEDGEWOOD LN,31.19640278,-97.9251,8,0,2,2,0,1,1,1,1,0
48,2016481307,481307,3,3,0,0,5,507,0,11,5,2016,4,17,56,2,US-57,,28.94771944,-99.6829,12,1,1,1,1,1,1,1,1,0
48,2016481308,481308,2,2,0,0,2,355,1550,14,5,2016,7,1,26,8,FM 43/WEBER RD,,27.71064444,-97.4055,12,7,1,1,0,1,3,1,1,0
48,2016481309,481309,1,1,0,0,1,381,0,14,5,2016,7,13,55,8,FM 168,,34.9023,-102.107,1,0,1,1,0,4,1,1,1,0
48,2016481310,481310,1,1,0,1,1,339,0,15,5,2016,1,1,28,1,I-69,,30.11655556,-95.2328,8,0,1,1,0,1,2,1,1,0
48,2016481311,481311,2,2,0,0,2,97,0,20,5,2016,6,15,36,2,US-82,,33.64404444,-97.2852,12,1,8,1,0,1,1,1,1,0
48,2016481312,481312,2,2,0,0,3,65,0,21,5,2016,7,12,0,3,SR-207,,35.45715,-101.382,5,0,1,1,1,1,1,1,1,0
48,2016481313,481313,1,1,0,1,1,201,3280,21,5,2016,7,20,45,6,BISSONNET ST,,29.67410833,-95.5699,15,0,1,1,0,1,3,10,1,0
48,2016481314,481314,1,1,0,1,1,201,3280,22,5,2016,1,2,30,6,HOMESTEAD RD,,29.85854722,-95.3006,8,0,1,1,0,1,6,5,1,0
48,2016481315,481315,1,1,0,0,2,247,3080,22,5,2016,1,7,25,3,SR-16,,27.33552222,-98.6764,32,0,1,1,0,4,1,10,1,1
48,2016481316,481316,1,1,0,0,10,479,0,22,5,2016,1,17,50,7,I-35,,28.01573611,-99.3628,1,0,1,1,0,1,1,1,1,0
48,2016481317,481317,1,1,0,0,2,55,0,23,5,2016,2,6,22,8,FM 1984,,29.887375,-97.8367,30,0,1,1,0,4,1,10,1,0
48,2016481318,481318,2,2,0,0,2,113,2590,23,5,2016,2,22,58,1,I-30,,32.85567778,-96.5564,12,1,5,1,0,1,3,1,1,0
48,2016481319,481319,2,2,0,0,2,39,0,25,5,2016,4,15,40,3,SR-6,CR-146,29.44717778,-95.2972,12,6,2,2,0,1,1,1,1,0
48,2016481320,481320,1,1,0,0,1,71,0,25,5,2016,4,21,0,3,SR-61,,29.88611111,-94.6136,1,0,1,1,0,4,2,10,1,0
48,2016481321,481321,1,1,0,0,2,215,1970,26,5,2016,5,21,29,8,FM 493,,26.22712222,-98.0371,1,0,1,1,0,4,2,1,1,1
48,2016481322,481322,1,1,0,0,5,497,0,26,5,2016,5,9,35,2,US-81,,33.39374444,-97.7284,42,0,1,1,0,4,1,2,1,0
48,2016481323,481323,2,2,0,0,6,143,0,27,5,2016,6,14,3,2,US-67,FM 219,32.09625,-98.3388,12,6,2,2,0,1,1,1,1,0
48,2016481324,481324,1,1,0,0,1,201,0,27,5,2016,6,3,25,4,CR-BELLAIRE BLVD,,29.70110278,-95.6533,33,0,1,1,0,3,3,10,1,1
48,2016481325,481325,2,2,0,0,4,321,0,27,5,2016,6,7,27,3,SR-35,FM 1728,29.06299167,-95.8402,12,6,2,3,0,1,1,10,1,0
48,2016481326,481326,1,1,0,0,1,471,0,27,5,2016,6,2,25,2,US-190,,30.73714167,-95.3431,42,0,1,1,0,4,2,2,1,0
48,2016481327,481327,1,1,0,0,1,15,0,28,5,2016,7,20,45,3,SR-36,,29.89751944,-96.2194,11,0,1,1,0,1,2,10,1,0
48,2016481328,481328,3,3,0,0,3,29,6090,28,5,2016,7,0,30,1,I-35,,29.53438889,-98.388,12,7,18,1,0,1,3,10,1,1
48,2016481330,481330,2,2,0,0,2,401,0,28,5,2016,7,2,45,2,US-259,,32.35541944,-94.8552,12,2,1,1,0,1,2,1,1,0
48,2016481331,481331,2,2,0,1,9,177,0,29,5,2016,1,22,54,2,US-87,,29.27386111,-97.6905,8,0,1,1,0,1,2,1,1,0
48,2016481332,481332,1,1,0,0,1,201,0,29,5,2016,1,6,44,4,CR-INDEPENDENCE PKWY,,29.76995,-95.0691,1,0,1,1,0,1,9,10,1,1
48,2016481333,481333,2,2,0,0,2,215,0,29,5,2016,1,12,39,3,SR-107,,26.29408889,-98.1169,12,6,1,1,0,1,1,1,1,0
48,2016481334,481334,1,1,0,1,1,245,490,29,5,2016,1,2,16,6,FRANKLIN ST,,30.06481389,-94.1131,8,0,1,1,0,1,2,99,1,0
48,2016481335,481335,1,1,0,1,8,257,2430,29,5,2016,1,22,30,2,US-80,,32.76659167,-96.4858,8,0,1,1,0,1,2,10,1,0
48,2016481336,481336,2,2,0,0,2,265,0,29,5,2016,1,12,45,8,FM 1340,,30.06360833,-99.3909,1,0,1,1,0,1,1,1,1,0
48,2016481337,481337,2,2,0,0,8,297,0,29,5,2016,1,12,53,2,US-59,FM 624,28.10466389,-98.3245,12,6,2,2,0,1,1,10,1,0
48,2016481338,481338,1,1,0,0,2,423,0,29,5,2016,1,2,20,8,FM 2493,,32.22246667,-95.3511,42,0,1,1,0,4,2,1,1,1
48,2016481339,481339,2,2,0,0,6,59,0,30,5,2016,2,13,35,8,FM 18,FM 603,32.41085278,-99.5619,12,6,2,2,0,1,1,1,1,0
48,2016481340,481340,1,1,0,0,1,201,3280,30,5,2016,2,18,52,3,SR-225 LA PORTE FWY,,29.70677222,-95.2507,25,0,1,1,0,4,1,1,1,0
48,2016481341,481341,1,1,0,0,1,255,0,30,5,2016,2,10,27,4,CR-182,,28.73548889,-97.9541,1,0,1,1,1,1,1,10,1,0
48,2016481342,481342,3,3,0,0,3,135,0,31,5,2016,3,12,13,2,US-385,SL338,31.96028056,-102.41,12,6,2,2,0,1,1,1,1,0
48,2016481343,481343,2,2,0,0,3,201,3280,31,5,2016,3,23,45,6,POST OAK LN,LONGMONT DR,29.75572222,-95.4632,12,6,2,3,0,1,3,10,1,1
48,2016481344,481344,2,2,0,0,2,251,3593,31,5,2016,3,15,20,2,US-67 KATHERINE P RAINS,,32.38570556,-97.3439,12,6,1,1,1,2,1,10,1,0
48,2016481346,481346,4,2,2,0,3,245,490,1,6,2016,4,0,48,2,US-69 EASTEX FWY,,30.10475,-94.1368,12,1,1,1,1,1,3,10,1,1
48,2016481348,481348,2,2,0,0,2,183,4080,2,6,2016,5,13,6,2,US-80 MARSHALL AVE,,32.51118611,-94.8234,12,1,8,1,0,1,1,2,1,0
48,2016481349,481349,1,1,0,1,1,201,3280,2,6,2016,5,4,40,8,BU90U BEAUMONT HWY,,29.81833889,-95.2435,8,0,1,1,0,1,2,2,1,0
48,2016481350,481350,1,1,0,0,1,491,330,2,6,2016,5,1,26,6,LAKELINE MALL DR,,30.47324444,-97.8041,59,0,1,1,0,4,2,1,1,1
48,2016481351,481351,1,1,0,1,2,201,0,3,6,2016,6,13,58,4,CR-MONTGOMERY RD,,29.887125,-95.4531,8,0,8,1,0,1,1,10,1,0
48,2016481352,481352,1,1,0,1,1,439,260,4,6,2016,7,23,53,6,PARK ROW DR,,32.72090556,-97.0827,8,0,1,1,0,1,3,1,1,0
48,2016481353,481353,1,1,0,0,1,85,5390,5,6,2016,1,20,13,6,MIDWAY RD,PELICAN BAY DR,33.03413611,-96.8387,33,0,3,3,0,3,1,1,1,1