STATE,YEAR_ST_CASE,ST_CASE,VE_TOTAL,VE_FORMS,PVH_INVL,PEDS,PERSONS,COUNTY,CITY,DAY,MONTH,YEAR,DAY_WEEK,HOUR,MINUTE,ROUTE,TWAY_ID,TWAY_ID2,LATITUDE,LONGITUD,HARM_EV,MAN_COLL,RELJCT2,TYP_INT,WRK_ZONE,REL_ROAD,LGT_COND,WEATHER,FATALS,DRUNK_DR
48,2016481354,481354,2,2,0,0,2,113,1730,5,6,2016,1,9,15,8,SL12 LEDBETTER DR,HAMPTON RD,32.69131389,-96.857,12,6,2,2,0,1,1,1,1,0
48,2016481355,481355,1,1,0,0,1,147,0,6,6,2016,2,2,0,8,FM2456,,33.41303889,-95.8985,11,0,1,1,0,1,2,1,1,0
48,2016481356,481356,1,1,0,1,1,29,6090,22,4,2016,6,10,11,6,GENERAL MCMULLEN DR,COMMERCE ST,29.43093056,-98.554,9,0,3,2,0,1,1,1,1,0
48,2016481357,481357,2,2,0,0,3,29,6090,22,4,2016,6,12,59,7,US-90,SL1604,29.383725,-98.7012,12,2,2,2,0,1,1,1,1,0
48,2016481358,481358,1,1,0,0,1,113,2590,20,5,2016,6,1,13,1,I-635 LBJ FWY,,32.86465556,-96.6627,52,0,19,1,0,10,2,10,1,1
48,2016481359,481359,2,2,0,0,4,353,0,25,5,2016,4,14,50,3,SR-70,,32.31380556,-100.344,12,2,1,1,0,1,1,1,1,0
48,2016481360,481360,1,1,0,0,2,239,0,28,5,2016,7,1,38,2,US-59,,28.93958611,-96.7232,1,0,1,1,0,4,2,10,1,1
48,2016481361,481361,4,4,0,0,6,201,3320,29,5,2016,1,22,24,1,I-69,,30.01573611,-95.2628,12,1,1,1,0,1,3,1,1,1
48,2016481362,481362,1,1,0,0,2,395,0,29,5,2016,1,21,13,4,CR-BOONE PRAIRIE RD,,31.14175,-96.49,18,0,1,1,0,1,2,1,1,0
48,2016481363,481363,1,1,0,0,2,29,6090,30,5,2016,2,6,0,6,COMMERCE ST,,29.41978611,-98.4396,25,0,1,1,1,4,3,10,1,0
48,2016481364,481364,1,1,0,1,1,99,0,2,6,2016,5,16,40,8,FM 1829,,31.37151944,-97.6287,8,0,1,1,0,4,1,10,1,0
48,2016481365,481365,1,1,0,0,1,113,2590,3,6,2016,6,21,47,7,I-30,SR-190/GEORGE BUSH HWY,32.85661944,-96.5542,25,0,3,3,0,4,3,1,1,1
48,2016481366,481366,1,1,0,1,4,121,1840,4,6,2016,7,1,41,8,SL 288,,33.19815556,-97.0913,8,0,1,1,0,1,3,10,1,0
48,2016481367,481367,2,2,0,0,3,339,0,4,6,2016,7,20,20,3,SR-105,,30.38328889,-95.6548,12,6,8,1,0,1,2,10,2,1
48,2016481368,481368,1,1,0,0,2,201,3280,5,6,2016,1,0,43,6,AIRLINE DR,,29.87203333,-95.3849,33,0,1,1,0,3,3,10,1,1
48,2016481369,481369,1,1,0,0,4,331,0,5,6,2016,1,21,46,2,US-79,,30.80351944,-96.6958,59,0,1,1,0,4,2,1,1,0
48,2016481370,481370,2,2,0,0,2,439,5745,8,6,2016,4,8,12,3,SR-183/BAKER BLVD,,32.80907222,-97.2291,12,1,1,1,0,1,1,1,1,0
48,2016481371,481371,1,1,0,0,3,139,4570,8,5,2016,1,0,11,4,CR-JUDY RD,,32.52228889,-96.9124,32,0,1,1,0,4,3,1,1,0
48,2016481372,481372,3,2,1,0,5,113,2590,21,5,2016,7,15,28,6,BROADWAY BLVD,,32.84888889,-96.5972,12,7,1,1,0,1,1,1,1,0
48,2016481373,481373,2,2,0,0,4,423,0,28,5,2016,7,1,30,1,I-20,,32.49630278,-95.5723,12,1,1,1,0,1,2,1,2,0
48,2016481374,481374,1,1,0,1,1,29,6090,6,6,2016,2,0,18,6,RITTIMAN RD,,29.48406389,-98.4014,8,0,1,1,0,1,3,1,1,0
48,2016481376,481376,1,1,0,1,3,113,2590,7,6,2016,3,22,20,1,I-30,,32.83955833,-96.5965,8,0,18,1,0,1,3,1,1,0
48,2016481378,481378,1,1,0,1,1,85,5730,8,6,2016,4,6,15,2,US-75/CENTRAL EXPY,,32.99462222,-96.7094,8,0,1,1,0,1,4,1,1,0
48,2016481379,481379,2,2,0,0,2,183,4080,8,6,2016,4,20,46,8,SL 281,,32.53305556,-94.7711,33,0,1,1,0,3,3,1,1,1
48,2016481380,481380,1,1,0,0,52,479,0,14,5,2016,7,11,21,2,US-83,,28.13921944,-99.5959,1,0,1,1,0,4,1,2,9,0
48,2016481382,481382,1,1,0,2,1,141,2190,20,5,2016,6,19,53,3,SR-20/ALAMEDA,,31.70024167,-106.34,8,0,1,1,0,1,1,1,1,0
48,2016481384,481384,2,2,0,0,3,435,0,26,5,2016,5,14,58,1,I-10,,30.45133056,-100.175,12,1,1,1,0,1,1,1,1,0
48,2016481385,481385,3,3,0,0,4,21,460,27,5,2016,6,11,50,3,SR-71,TAHITIAN DR/LOOP 150,30.10229444,-97.2843,12,6,2,3,1,1,1,2,1,0
48,2016481386,481386,2,2,0,0,3,453,330,29,5,2016,1,9,39,8,FM 1325/BURNET RD,BRAKER LN,30.39106389,-97.7219,12,6,2,2,0,1,1,10,1,0
48,2016481387,481387,2,2,0,0,3,189,0,30,5,2016,2,22,53,1,I-27,,33.96021944,-101.854,12,6,1,1,0,1,2,2,1,1
48,2016481388,481388,2,2,0,0,3,361,0,30,5,2016,2,23,29,8,FM 1442,CR-CAJUN WAY/JAPANESE WAY,30.09333889,-93.9051,12,6,2,2,0,1,2,1,1,0
48,2016481390,481390,1,1,0,1,1,201,3280,2,6,2016,5,3,30,1,I-610/NORTH LP,,29.80096944,-95.2778,8,0,17,1,0,1,3,10,1,0
48,2016481391,481391,2,2,0,0,3,231,0,3,6,2016,6,9,19,2,US-69,CR-1180,33.27028611,-96.1861,12,6,2,3,0,1,1,10,2,0
48,2016481392,481392,2,2,0,0,5,459,0,3,6,2016,6,23,2,3,SR-154,,32.74645,-95.0565,12,2,1,1,0,1,2,10,2,1
48,2016481393,481393,2,2,0,1,2,453,0,4,6,2016,7,4,29,1,I-35,,30.44930556,-97.6669,8,0,1,1,0,1,3,10,1,0
48,2016481394,481394,2,2,0,0,5,223,0,5,6,2016,1,6,37,3,SR-19,,33.2758,-95.5845,59,0,1,1,0,4,1,1,1,0
48,2016481395,481395,1,1,0,0,3,225,0,5,6,2016,1,15,30,3,SR-7,,31.2928,-95.5733,59,0,1,1,0,4,1,1,1,0
48,2016481396,481396,1,1,0,0,1,49,0,6,6,2016,2,7,3,4,CR-213,,31.50776389,-99.0833,1,0,1,1,0,4,1,1,1,0
48,2016481397,481397,2,2,0,0,4,343,0,6,6,2016,2,14,6,2,US-259,CR-4200,33.09425833,-94.7072,12,6,2,3,0,1,1,1,1,0
48,2016481398,481398,1,1,0,0,2,1,1223,7,6,2016,3,1,20,2,US-287,,31.95819722,-95.9828,42,0,1,1,0,4,2,10,1,0
48,2016481399,481399,2,2,0,0,4,201,0,7,6,2016,3,8,32,3,SR-249 MOUNT HOUSTON RD,,29.89779722,-95.4422,12,6,1,1,0,1,1,1,1,0
48,2016481400,481400,2,2,0,0,5,251,0,7,6,2016,3,20,19,8,FM1902,CR-920,32.54594722,-97.4252,12,6,2,2,0,1,1,1,1,0
48,2016481401,481401,4,4,0,0,4,471,0,8,6,2016,4,19,20,3,SR-30,,30.69626944,-95.6424,12,8,1,1,0,1,1,1,1,0
48,2016481402,481402,2,2,0,0,2,15,0,9,6,2016,5,13,52,1,I-10,,29.77278889,-96.0701,12,6,1,1,0,1,1,10,1,0
48,2016481403,481403,2,2,0,0,2,423,7070,9,6,2016,5,7,50,8,SL323,,32.38488056,-95.3224,12,99,1,1,0,1,1,1,1,0
48,2016481404,481404,2,2,0,0,3,39,2490,10,6,2016,6,9,0,3,SR-288 BRAZOSPORT BLVD,,28.96810833,-95.3711,12,2,1,1,0,1,1,1,1,0
48,2016481405,481405,2,2,0,0,2,41,970,10,6,2016,6,21,36,7,SR-6 EARL RUDDER HWY,,30.69236389,-96.3539,12,2,1,1,1,1,2,1,1,1
48,2016481407,481407,2,2,0,0,4,339,6884,10,6,2016,6,18,30,4,CR-WOODLANDS PKWY,CR-FOREST GATE DR,30.18157222,-95.5436,12,6,2,2,0,1,1,1,1,0
48,2016481408,481408,3,3,0,0,5,347,0,10,6,2016,6,18,5,2,US-59,FM2864,31.70852222,-94.6336,12,6,2,3,0,1,1,1,1,0
48,2016481409,481409,2,2,0,0,3,441,30,10,6,2016,6,8,22,6,CLINTON ST,AMBLER AVE,32.47443889,-99.7428,12,6,2,2,0,1,1,1,1,0
48,2016481410,481410,1,1,0,1,4,29,6090,11,6,2016,7,22,39,7,SL1604,GOLD CANYON RD,29.60577222,-98.4577,8,0,18,1,0,1,3,1,1,0
48,2016481411,481411,1,1,0,1,1,201,3280,11,6,2016,7,0,10,6,SAN JACINTO ST,HADLEY ST,29.74623333,-95.3709,8,0,2,2,0,1,3,1,1,0
48,2016481412,481412,1,1,0,0,1,329,4560,11,6,2016,7,22,26,7,I-20,,31.96353056,-102.111,1,0,1,1,0,10,2,1,1,1
48,2016481413,481413,2,2,0,0,2,93,1480,12,6,2016,1,19,25,3,SR-16 AUSTIN ST,WRIGHTS AVE,31.90553333,-98.6036,12,6,2,3,0,1,1,1,1,0
48,2016481414,481414,1,1,0,0,4,221,6960,12,6,2016,1,20,0,8,FM56 TOLAR HWY,,32.39328611,-97.9229,38,0,1,1,0,5,1,1,1,1
48,2016481415,481415,1,1,0,0,1,439,2450,13,6,2016,2,0,56,1,I-820,,32.71999167,-97.2251,24,0,1,1,0,4,3,1,1,1
48,2016481416,481416,1,1,0,0,1,459,0,13,6,2016,2,11,35,2,US-259,,32.68369444,-94.7501,42,0,1,1,0,4,1,2,1,1
48,2016481417,481417,1,1,0,2,1,215,50,15,4,2016,6,21,22,7,I-2,,26.19253611,-98.1291,8,0,1,1,0,1,3,1,1,0
48,2016481418,481418,1,1,0,0,5,453,4290,8,5,2016,1,13,55,2,US-290,,30.35151944,-97.4641,1,0,1,1,0,3,1,2,2,0
48,2016481419,481419,2,2,0,0,2,455,7020,10,5,2016,3,21,14,3,SR-19 PROSPECT DR,ROBB ST,30.95076944,-95.3754,12,2,3,4,0,1,2,1,1,1
48,2016481420,481420,3,3,0,0,3,29,6090,20,5,2016,6,13,17,1,I-410,,29.46459722,-98.6203,12,1,1,1,0,1,1,1,1,0
48,2016481421,481421,1,1,0,0,1,113,3880,22,5,2016,1,8,0,1,I-20,,32.64205,-96.8026,1,0,19,1,0,10,1,10,1,0
48,2016481422,481422,1,1,0,1,1,453,330,22,5,2016,1,17,5,6,CAMERON RD,BRIARCLIFF BLVD,30.31723889,-97.6997,8,0,2,2,0,1,1,1,1,0
48,2016481423,481423,1,1,0,1,1,89,1470,26,5,2016,5,10,30,8,FM 806 CARDINAL LN,,29.69821389,-96.5629,8,0,1,1,0,1,1,10,1,0
48,2016481424,481424,1,1,0,1,2,303,4140,1,6,2016,4,22,12,2,US-84 AVENUE Q,41ST ST,33.55679444,-101.855,8,0,3,2,0,1,3,10,1,0
48,2016481425,481425,2,2,0,0,3,39,4306,5,6,2016,1,1,50,3,SR-288,,29.51463611,-95.3874,12,2,1,1,0,1,3,1,2,0
48,2016481427,481427,1,1,0,0,1,439,2450,6,6,2016,2,23,24,6,30TH ST,,32.79928889,-97.3578,44,0,1,1,0,1,2,1,1,0
48,2016481428,481428,1,1,0,1,1,139,7270,7,6,2016,3,21,45,2,US-77,,32.35078611,-96.8542,8,0,1,1,0,1,2,1,1,0
48,2016481429,481429,3,3,0,0,5,321,0,7,6,2016,3,14,21,3,SR-60,FM 521,28.81444444,-95.9328,12,1,2,3,0,1,1,2,1,0
48,2016481430,481430,1,1,0,0,1,41,0,8,6,2016,4,21,0,6,WILCOX LN,,30.74944167,-96.3553,11,0,1,1,0,1,2,1,1,0
48,2016481431,481431,2,2,0,0,3,491,6780,10,6,2016,6,19,12,3,SR-95/MAIN STREET,,30.59391111,-97.4137,12,6,8,1,0,1,1,1,1,0
48,2016481432,481432,2,2,0,0,2,491,0,11,6,2016,7,3,25,3,SR-195,,30.72721111,-97.6748,12,2,1,1,0,1,2,1,2,1
48,2016481433,481433,1,1,0,0,1,1,0,13,6,2016,2,6,0,8,SP-324,,31.83168889,-95.8317,1,0,1,1,0,5,4,2,1,0
48,2016481434,481434,2,2,0,0,3,309,7210,13,6,2016,2,12,6,6,NEW RD,,31.52224167,-97.169,12,6,8,1,0,1,1,1,1,0
48,2016481435,481435,1,1,0,1,1,29,6090,15,6,2016,4,17,51,6,HACKBERRY ST,SHERMAN ST,29.43389444,-98.4733,9,0,2,2,0,1,1,1,1,0
48,2016481436,481436,1,1,0,0,1,29,0,16,6,2016,5,2,36,2,US-281,,29.68036944,-98.4538,42,0,1,1,0,4,3,1,1,0
48,2016481437,481437,1,1,0,0,3,265,0,10,6,2016,6,13,51,1,I-10,,29.99333056,-98.9322,1,0,1,1,0,4,1,10,1,0
48,2016481438,481438,2,2,0,0,2,257,1590,11,2,2016,5,23,32,2,US-175,,32.62631944,-96.446,12,2,1,1,0,1,2,1,2,2
48,2016481439,481439,2,1,1,1,2,479,3899,19,2,2016,6,17,46,6,BURKE DR,,27.5785,-99.463,14,0,1,1,0,7,1,1,1,0
48,2016481440,481440,1,1,0,1,3,479,3899,16,5,2016,2,22,50,8,FM 1472/MINES RD,,27.58623611,-99.5102,8,0,1,1,0,1,3,1,1,0
48,2016481441,481441,1,1,0,0,1,187,0,30,5,2016,2,21,7,8,FM 78,,29.58718056,-98.0799,24,0,1,1,0,4,2,1,1,1
48,2016481442,481442,1,1,0,1,1,201,3280,2,6,2016,5,21,32,6,LEE RD,,29.94276389,-95.3036,8,0,1,1,0,1,2,10,1,0
48,2016481443,481443,2,2,0,0,3,85,0,5,6,2016,1,21,11,3,SR-78,,33.10093889,-96.4114,12,2,1,1,1,1,2,1,2,2
48,2016481444,481444,2,2,0,0,2,423,7070,7,6,2016,3,4,50,3,SR-31,,32.33079722,-95.3941,12,6,7,1,0,1,2,1,1,0
48,2016481445,481445,1,1,0,0,1,41,1440,10,6,2016,6,19,51,3,SR-9/EARL RUDDER FWY,,30.59239167,-96.2904,23,0,5,1,0,10,1,1,1,1
48,2016481446,481446,1,1,0,0,2,121,9997,11,6,2016,7,21,32,8,FM 455,,33.35768889,-97.2821,42,0,1,1,0,4,2,10,1,0
48,2016481447,481447,2,2,0,0,5,225,0,13,6,2016,2,5,55,2,US-287,,31.56178056,-95.4906,12,6,1,1,0,1,4,2,1,0
48,2016481448,481448,1,1,0,0,1,339,1510,14,6,2016,3,16,17,6,AVENUE M EXTENSION,,30.30838056,-95.4191,42,0,1,1,0,4,1,1,1,0
48,2016481449,481449,3,3,0,0,3,221,0,15,6,2016,4,18,55,8,FM 51,,32.4937,-97.7961,12,7,1,1,1,1,1,1,1,0
48,2016481450,481450,1,1,0,0,1,215,5330,16,6,2016,5,23,49,6,VETERANS BLVD,,26.12083333,-98.1798,43,0,1,1,0,4,2,1,1,0
48,2016481451,481451,2,2,0,0,2,441,30,16,6,2016,5,12,28,7,US-83 DANVILLE DR,SOUTHWEST DR,32.41303056,-99.7742,46,0,3,2,0,8,1,1,1,0
48,2016481452,481452,1,1,0,0,1,479,3899,13,3,2016,1,18,4,7,I-35 SANTA MARIA,,27.56966111,-99.5035,21,0,19,1,0,10,1,1,1,0
48,2016481453,481453,2,2,0,0,2,113,7520,16,4,2016,7,3,16,1,I-45,,32.59792222,-96.6826,25,0,1,1,0,3,2,10,1,1
48,2016481454,481454,1,1,0,0,2,479,3899,19,4,2016,3,2,14,6,DEL MAR BLVD,,27.57779167,-99.4633,38,0,1,1,0,4,3,4,1,1
48,2016481455,481455,1,1,0,0,1,479,3899,28,4,2016,5,3,17,8,SL-20 CUATRO VIENTOS BLVD,LOMAS DEL SUR BLVD,27.46209444,-99.452,46,0,3,3,0,8,2,1,1,1
48,2016481456,481456,1,1,0,0,2,141,2190,30,4,2016,7,1,1,6,SAN MARCIAL ST,DOUGLASS,31.7866,-106.458,43,0,1,1,0,5,3,1,1,1
48,2016481457,481457,1,1,0,0,2,201,0,3,5,2016,3,20,55,4,CR-TREASCHWIG RD,,30.03522222,-95.365,38,0,1,1,0,5,2,10,1,0
48,2016481458,481458,6,6,0,0,12,113,1730,21,5,2016,7,16,55,1,I-635 LBJ FWY,,32.92569167,-96.8136,12,6,18,1,0,1,1,10,1,1
48,2016481459,481459,12,12,0,0,18,141,2190,23,5,2016,2,18,11,1,I-10,,31.81458333,-106.549,12,6,18,1,0,1,1,1,2,0
48,2016481460,481460,2,2,0,0,4,143,6590,26,5,2016,5,10,12,2,US-281 EAST RD,US-377,32.21603611,-98.1875,12,6,2,2,0,1,1,10,1,0
48,2016481461,481461,1,1,0,1,1,113,1730,3,6,2016,6,16,53,6,LEMMON AVE,,32.82663889,-96.8228,8,0,1,1,0,1,1,10,1,0
48,2016481462,481462,1,1,0,1,1,201,0,4,6,2016,7,2,0,8,FM 2100,ULRICH RD,29.90232222,-95.0636,9,0,3,3,0,1,3,10,1,0
48,2016481463,481463,1,1,0,1,1,375,150,5,6,2016,1,4,40,7,I-40,ALICE ST,35.19117222,-101.9,8,0,2,3,0,1,2,1,1,0
48,2016481464,481464,2,2,0,0,6,49,0,6,6,2016,2,20,11,2,US-84,,31.72061389,-98.8941,12,2,1,1,0,2,5,1,2,0
48,2016481465,481465,1,1,0,0,1,423,0,7,6,2016,3,23,14,4,CR-4114,,32.55774444,-95.4081,42,0,1,1,0,4,2,1,1,1
48,2016481466,481466,2,2,0,0,2,367,0,8,6,2016,4,16,41,4,CR-CATTLEBARON DR,,32.77963333,-97.5546,5,0,1,1,0,1,1,1,1,0
48,2016481467,481467,2,2,0,0,2,423,0,8,6,2016,4,12,58,7,I-20,US-271,32.44120833,-95.1326,12,6,2,2,0,1,1,1,1,0
48,2016481468,481468,2,2,0,0,2,489,0,8,6,2016,4,5,0,1,I-69E,,26.44103056,-97.7846,57,0,19,1,0,3,3,1,1,0
48,2016481469,481469,3,3,0,0,4,217,0,9,6,2016,5,13,30,3,SR-171,,31.95615,-96.9876,12,2,1,1,0,1,1,1,2,0
48,2016481470,481470,1,1,0,0,2,245,490,9,6,2016,5,0,34,6,10TH ST,HAZEL AVE,30.08881944,-94.1273,42,0,3,2,0,4,3,1,2,0
48,2016481471,481471,2,2,0,0,4,339,0,9,6,2016,5,11,33,8,FM 2854,,30.31717778,-95.64,12,6,1,1,0,1,1,10,1,0
48,2016481472,481472,1,1,0,1,1,113,1730,10,6,2016,6,23,45,3,SR-352 ROBERT B. CULLUM BLVD,HAMILTON AVE,32.77023056,-96.7568,8,0,3,3,0,1,3,1,1,0
48,2016481473,481473,1,1,0,1,1,469,7190,10,6,2016,6,23,7,8,BU-77 NAVARRO ST,TRINITY ST,28.81126389,-96.9998,8,0,2,2,0,1,2,1,1,0
48,2016481474,481474,2,2,0,0,2,215,2110,11,6,2016,7,21,39,1,I-69 C,,26.323725,-98.147,12,2,18,1,0,1,3,10,1,1
48,2016481475,481475,2,2,0,0,5,293,0,11,6,2016,7,13,41,2,US-84,CR-300,31.64388056,-96.8589,12,6,2,3,0,1,1,1,1,0
48,2016481476,481476,2,2,0,0,2,313,0,11,6,2016,7,22,45,8,FM 39,,30.87164722,-96.098,12,2,1,1,0,1,2,1,1,0
48,2016481477,481477,2,2,0,0,5,85,1730,12,6,2016,1,21,5,6,TRINITY MILLS RD,,32.988275,-96.8362,12,6,8,1,0,1,2,10,1,0
48,2016481478,481478,1,1,0,1,1,201,0,12,6,2016,1,23,55,3,SR-6,,29.91409722,-95.6214,8,0,18,1,0,1,2,1,1,0
48,2016481479,481479,2,2,0,0,3,387,0,12,6,2016,1,14,26,2,US-82,,33.61413056,-95.1199,12,6,1,1,0,1,1,2,2,0
48,2016481480,481480,1,1,0,0,1,29,6090,13,6,2016,2,11,55,7,I-410 LOOP,,29.43604444,-98.6434,52,0,19,1,0,4,1,1,1,0
48,2016481481,481481,2,2,0,0,2,61,940,13,6,2016,2,15,55,6,TULIPAN AVE,EAST AVE,25.89959444,-97.4578,1,0,2,2,0,1,1,1,1,0
48,2016481482,481482,2,1,1,0,3,113,1539,13,6,2016,2,13,43,6,SAM RAYBURN TLWY,,32.98617222,-96.9869,25,0,1,1,0,3,1,1,1,0
48,2016481483,481483,2,2,0,0,3,25,0,15,6,2016,4,12,58,8,FM673,CR-136,28.62349167,-98.0025,12,6,2,2,0,1,1,1,1,0
48,2016481484,481484,2,2,0,0,2,91,0,15,6,2016,4,14,52,4,CR-ACCESS RD,,29.86953611,-98.196,1,0,1,1,0,1,1,1,1,0
48,2016481485,481485,1,1,0,0,1,167,6860,15,6,2016,4,2,2,8,SL197,,29.408175,-94.9415,59,0,1,1,0,4,2,1,1,1
48,2016481486,481486,2,2,0,0,2,201,3280,15,6,2016,4,20,18,8,FM525 ALDINE BENDER RD,LILLJA RD,29.93189722,-95.391,12,6,2,3,0,1,1,1,1,0
48,2016481487,481487,1,1,0,1,1,201,3280,15,6,2016,4,22,55,6,GREENS RD,,29.95356389,-95.3785,8,0,1,1,0,1,2,1,1,0
48,2016481488,481488,1,1,0,1,1,213,2938,15,6,2016,4,22,53,3,SR-198,,32.31130556,-96.1122,8,0,1,1,0,1,2,1,1,0
48,2016481489,481489,2,2,0,0,2,217,0,15,6,2016,4,6,2,8,FM1713,,31.9778,-97.3486,12,2,8,1,0,1,1,1,1,0
48,2016481490,481490,2,2,0,0,2,395,3070,15,6,2016,4,22,11,2,US-79/190,,30.886225,-96.5981,12,6,1,1,0,1,2,1,1,0
48,2016481491,481491,2,2,0,0,2,121,9997,16,6,2016,5,15,11,2,US-377,,33.28152778,-96.9863,12,6,8,1,0,1,1,1,1,0
48,2016481492,481492,2,2,0,0,3,201,3280,16,6,2016,5,0,6,1,I-610,,29.68027778,-95.3949,12,1,1,1,0,1,3,1,2,1
48,2016481493,481493,1,1,0,0,1,215,4197,16,6,2016,5,2,17,6,MAIN ST,ZINNIA AVE,26.25078611,-98.2265,30,0,3,3,0,4,3,1,1,1
48,2016481494,481494,2,2,0,0,2,291,0,16,6,2016,5,6,27,2,US-90,FM1413,29.98814167,-94.9657,12,6,2,2,0,1,1,1,1,0
48,2016481495,481495,1,1,0,1,1,423,0,16,6,2016,5,3,20,1,I-20,,32.43914167,-95.0912,8,0,1,1,0,1,2,10,1,0
48,2016481497,481497,1,1,0,0,1,439,2450,17,6,2016,6,5,52,6,LONG AVE,,32.80496111,-97.3626,44,0,1,1,0,1,1,1,1,0
48,2016481498,481498,3,3,0,0,8,37,6850,18,6,2016,7,14,26,1,I-30,,33.45458611,-94.1338,12,1,1,1,0,1,1,1,2,0
48,2016481499,481499,1,1,0,0,2,201,3280,18,6,2016,7,2,46,7,I-20,,29.78446389,-95.6269,25,0,1,1,0,10,3,1,1,1
48,2016481501,481501,2,2,0,0,2,41,970,20,6,2016,2,18,20,3,SR-47,,30.59412778,-96.3914,12,1,18,1,0,1,1,10,1,0
48,2016481502,481502,2,2,0,0,4,423,7070,21,6,2016,3,20,10,8,FM756 PALUXY DR,,32.25463611,-95.2778,12,2,1,1,0,1,5,1,1,1
48,2016481503,481503,1,1,0,1,1,439,2450,21,6,2016,3,3,47,7,I-35W SOUTH FWY,,32.60791111,-97.3205,8,0,1,1,0,10,2,1,1,0
48,2016481504,481504,1,1,0,0,1,201,9997,6,5,2016,6,2,53,3,SR-288,,29.596275,-95.3862,30,0,1,1,0,4,3,1,1,0
48,2016481505,481505,3,1,2,0,3,201,0,6,6,2016,2,23,21,4,CR-HOLLYVALE DR,,29.91483889,-95.3864,44,0,1,1,4,4,2,1,1,1
48,2016481506,481506,3,2,1,0,4,201,0,8,6,2016,4,23,49,1,I-45,SR-99,30.09270278,-95.4358,46,0,3,2,1,4,3,1,1,1
48,2016481507,481507,1,1,0,1,1,29,6090,12,6,2016,1,7,25,6,NEW SULPHUR SPRINGS RD,,29.36716944,-98.3786,8,0,1,1,0,2,6,10,1,0
48,2016481508,481508,1,1,0,0,1,343,0,12,6,2016,1,12,25,2,US-259,,33.11553889,-94.698,1,0,19,1,0,4,1,10,1,0
48,2016481509,481509,5,5,0,1,7,141,2190,16,6,2016,5,22,12,1,I-10,,31.7588,-106.499,8,0,1,1,0,1,3,1,1,0
48,2016481510,481510,2,1,1,1,1,113,1730,19,6,2016,1,3,25,2,US-75 CENTRAL EXPY,,32.81495833,-96.7896,14,0,1,1,0,2,3,10,1,1
48,2016481511,481511,1,1,0,0,2,121,3960,19,6,2016,1,20,48,1,I-35 E/STEMMONS FWY,,33.01178056,-96.9782,25,0,1,1,1,3,2,1,1,1
48,2016481512,481512,1,1,0,0,1,201,480,19,6,2016,1,17,28,3,SR-146 BUSINESS,,29.71564722,-94.9772,59,0,19,1,1,8,1,1,1,0
48,2016481513,481513,1,1,0,0,1,203,0,19,6,2016,1,4,15,8,FM1997,,32.61393056,-94.3919,1,0,1,1,0,4,2,1,1,1
48,2016481514,481514,1,1,0,1,1,439,2450,19,6,2016,1,1,41,1,I-20,,32.66863611,-97.313,8,0,1,1,0,1,3,1,1,0
48,2016481515,481515,1,1,0,0,1,187,6290,21,6,2016,3,5,52,2,US-90/KINGSBURY ST,,29.58015,-97.9792,53,0,1,1,0,4,2,1,1,0
48,2016481516,481516,1,1,0,0,2,439,2450,21,6,2016,3,18,50,1,I-35/SOUTH FWY,,32.74470278,-97.3194,33,0,19,1,0,4,1,1,1,0
48,2016481517,481517,2,2,0,0,2,423,7070,22,6,2016,4,6,0,8,SL 323,,32.39170833,-95.2679,12,2,8,1,0,1,1,1,1,0
48,2016481518,481518,2,2,0,0,2,113,1730,9,3,2016,4,1,26,1,I-35/STEMMONS FWY,,32.79988611,-96.821,12,2,1,1,0,1,3,2,1,0
48,2016481519,481519,2,2,0,0,4,147,7010,22,1,2016,6,17,30,3,SR-121,,33.44431944,-96.3127,12,6,8,1,0,1,1,1,2,0
48,2016481520,481520,2,2,0,0,3,141,2190,16,2,2016,3,8,28,3,SR-20/ALAMEDA AVE,DURHILL RD,31.744475,-106.381,12,6,2,3,0,1,1,1,1,0
48,2016481521,481521,1,1,0,0,1,201,3280,5,3,2016,7,10,0,1,I-45 NORTH FWY,,29.82922222,-95.3815,1,0,1,1,0,1,1,1,1,0
48,2016481522,481522,1,1,0,0,1,29,6090,1,4,2016,6,1,1,6,BERYL DR,,29.49737778,-98.5354,33,0,1,1,0,4,3,1,1,1
48,2016481524,481524,1,1,0,0,3,155,0,22,5,2016,1,4,25,3,SR-6,,33.86499167,-99.7736,1,0,1,1,0,4,2,1,1,0
48,2016481525,481525,4,4,0,0,6,209,3760,22,5,2016,1,0,49,7,I-35,,30.03247222,-97.8468,1,0,1,1,0,10,3,1,1,1
48,2016481526,481526,1,1,0,1,1,215,0,30,5,2016,2,21,41,3,SR-107,,26.29256389,-98.1068,8,0,1,1,0,1,3,1,1,0
48,2016481527,481527,2,2,0,0,3,213,6983,3,6,2016,6,14,18,3,SR-274 TOOL DR,ASHBY LN,32.239375,-96.1448,12,2,1,1,0,1,1,10,1,0