STATE,YEAR_ST_CASE,ST_CASE,VE_TOTAL,VE_FORMS,PVH_INVL,PEDS,PERSONS,COUNTY,CITY,DAY,MONTH,YEAR,DAY_WEEK,HOUR,MINUTE,ROUTE,TWAY_ID,TWAY_ID2,LATITUDE,LONGITUD,HARM_EV,MAN_COLL,RELJCT2,TYP_INT,WRK_ZONE,REL_ROAD,LGT_COND,WEATHER,FATALS,DRUNK_DR
48,2016481528,481528,1,1,0,1,1,439,260,7,6,2016,3,19,14,6,MCQUEARY ST,,32.74030556,-97.1357,8,0,1,1,0,1,1,1,1,0
48,2016481529,481529,1,1,0,1,1,453,330,7,6,2016,3,22,14,6,SPICEWOOD SPRINGS RD,RUSTIC ROCK DR,30.43009444,-97.7812,8,0,3,3,0,1,3,1,1,0
48,2016481531,481531,2,2,0,0,5,299,0,8,6,2016,4,5,10,3,SR-29,SR-71,30.76935,-98.7207,12,6,2,3,0,1,3,1,2,0
48,2016481532,481532,2,2,0,0,3,303,4140,8,6,2016,4,17,1,8,SL 289,,33.53157222,-101.909,54,11,1,1,0,1,1,1,1,0
48,2016481533,481533,2,2,0,0,3,323,0,8,6,2016,4,15,10,2,US-277,SR-131,28.86360833,-100.546,12,6,2,3,0,1,1,1,1,0
48,2016481534,481534,2,2,0,0,3,361,0,8,6,2016,4,8,25,3,SR-62,NORTHRIDGE DRIVE,30.23203056,-93.8882,12,1,3,3,0,1,1,1,1,0
48,2016481535,481535,2,2,0,0,2,473,0,8,6,2016,4,17,11,8,FM 529/FREEMAN RD,FM 2855/MORRISON RD,29.87428889,-95.8906,12,2,3,2,0,1,1,1,1,0
48,2016481536,481536,2,2,0,0,3,325,0,10,6,2016,6,14,15,3,SR-173,,29.44126944,-99.1169,12,6,1,1,0,1,1,1,1,0
48,2016481537,481537,1,1,0,0,1,351,0,11,6,2016,7,7,52,8,FM 1004,,30.61268889,-93.8388,53,0,1,1,0,4,1,10,1,0
48,2016481538,481538,1,1,0,0,1,353,6720,11,6,2016,7,0,7,1,I-20,,32.45348889,-100.464,52,0,19,1,0,3,3,1,1,1
48,2016481539,481539,2,2,0,1,2,27,6810,12,6,2016,1,2,9,7,I-35/GENERAL BRUCE DR,,31.09306944,-97.3797,8,0,1,1,1,1,2,1,1,0
48,2016481540,481540,3,3,0,0,7,427,2246,12,6,2016,1,17,58,2,US-83,,26.4104,-98.9602,12,2,1,1,0,1,1,1,2,1
48,2016481541,481541,3,2,1,1,1,113,3880,13,6,2016,2,23,46,3,SR-342,,32.63756111,-96.777,12,1,1,1,0,1,2,1,1,0
48,2016481542,481542,2,2,0,0,2,39,0,14,6,2016,3,12,30,3,SR-6,CR-146,29.44718611,-95.2972,12,1,2,2,0,1,1,1,1,0
48,2016481543,481543,4,4,0,0,6,65,0,15,6,2016,4,20,45,1,I-40,,35.2193,-101.389,12,1,1,1,0,1,1,7,1,0
48,2016481544,481544,3,3,0,0,4,245,490,17,6,2016,6,9,7,2,US-69/96/287 CARDINAL DR,,30.03471667,-94.1011,12,6,1,1,1,1,1,1,1,0
48,2016481545,481545,3,3,0,0,6,291,0,17,6,2016,6,7,22,3,SR-105,,30.24715,-94.7337,12,8,1,1,0,1,1,1,2,0
48,2016481546,481546,8,1,7,0,4,141,2190,18,6,2016,7,2,9,8,FM659,,31.72522222,-106.302,59,0,1,1,0,4,3,1,1,1
48,2016481547,481547,1,1,0,1,1,201,3280,18,6,2016,7,2,20,1,I-45 RAMP NORTH FWY,,29.98772222,-95.4234,8,0,20,1,0,1,2,1,1,0
48,2016481548,481548,2,2,0,0,2,41,970,19,6,2016,1,11,17,8,FM2818,,30.63624444,-96.3789,12,2,1,1,0,1,1,10,1,0
48,2016481549,481549,2,2,0,0,7,201,0,19,6,2016,1,18,54,8,FM529,,29.87514722,-95.774,12,2,1,1,0,1,1,1,2,2
48,2016481550,481550,1,1,0,1,1,201,0,19,6,2016,1,23,10,8,FM1960 CYPRESS CREEK PKWY,,30.02325556,-95.4222,8,0,1,1,0,1,2,1,1,0
48,2016481551,481551,1,1,0,0,1,105,0,20,6,2016,2,7,45,4,CR-205,,30.97981667,-101.31,1,0,1,1,0,4,2,1,1,0
48,2016481552,481552,1,1,0,1,1,113,1730,20,6,2016,2,22,45,8,SL 12/LEDBETTER DR,,32.69115833,-96.8412,8,0,1,1,0,1,3,1,1,0
48,2016481553,481553,2,2,0,0,2,251,0,20,6,2016,2,19,14,8,FM 2135,CR-310,32.30448611,-97.3355,1,0,2,2,0,1,1,1,1,0
48,2016481554,481554,1,1,0,0,2,423,0,20,6,2016,2,2,5,3,SR-31,,32.35893056,-95.1904,1,0,1,1,0,4,2,10,1,0
48,2016481555,481555,2,2,0,0,3,41,0,21,6,2016,3,11,30,8,FM 60/RAYMOND STOTZER PKWY,CR-LIGHTSEY LN,30.57561667,-96.3972,12,1,3,3,0,1,1,1,1,0
48,2016481556,481556,2,1,1,0,5,71,0,21,6,2016,3,1,20,1,I-20,,29.83075556,-94.4891,14,0,1,1,0,2,2,1,2,0
48,2016481557,481557,2,2,0,0,2,223,0,21,6,2016,3,9,36,3,SR-11,,33.07483889,-95.5286,12,1,8,1,0,1,1,10,1,0
48,2016481558,481558,1,1,0,0,1,251,1370,21,6,2016,3,22,50,8,FM 1718/COUNTRY CLUB RD,,32.32731667,-97.3939,33,0,1,1,0,4,2,1,1,0
48,2016481559,481559,3,3,0,0,3,439,260,21,6,2016,3,11,0,8,FM 157/COLLINS ST,MOSIER VALLEY RD,32.80759444,-97.0998,1,0,3,3,0,1,1,1,1,0
48,2016481560,481560,1,1,0,1,1,201,3280,22,6,2016,4,20,57,6,KERRY GLEN LN,,29.85589167,-95.2539,9,0,1,1,0,1,3,1,1,0
48,2016481561,481561,2,2,0,0,6,201,3280,22,6,2016,4,21,59,3,SR-3 GALVESTON RD,CORONATION DR,29.64363611,-95.2173,12,1,3,3,0,1,3,1,1,0
48,2016481562,481562,3,3,0,0,4,205,0,22,6,2016,4,8,12,2,US-385,,35.66555278,-102.336,12,1,1,1,1,1,1,1,1,0
48,2016481563,481563,2,2,0,0,3,347,0,22,6,2016,4,13,25,2,US-259,,31.71338889,-94.6781,12,2,1,1,0,1,1,1,1,0
48,2016481564,481564,1,1,0,0,1,21,0,23,6,2016,5,6,29,3,SR-304,,30.02911944,-97.3034,42,0,1,1,0,4,4,1,1,0
48,2016481565,481565,2,2,0,0,3,339,0,23,6,2016,5,2,0,3,SR-242,FM 1488,30.22962778,-95.5114,1,0,2,3,0,1,2,1,1,0
48,2016481566,481566,1,1,0,0,1,201,3280,24,6,2016,6,12,24,6,BELLFORT ST,,29.66620556,-95.3375,33,0,1,1,0,4,1,1,1,0
48,2016481567,481567,3,3,0,0,4,29,6090,25,6,2016,7,21,18,1,I-410 LOOP,,29.51612778,-98.4249,12,7,18,1,0,1,3,1,1,0
48,2016481568,481568,1,1,0,1,3,245,490,25,6,2016,7,21,16,2,US-90 COLLEGE ST,,30.06765,-94.1711,8,0,1,1,0,1,3,1,1,0
48,2016481569,481569,2,2,0,0,2,439,7460,25,6,2016,7,17,36,8,SS 341,,32.74287778,-97.445,12,7,1,1,0,1,1,1,1,0
48,2016481570,481570,2,2,0,0,3,21,0,26,6,2016,1,1,45,3,SR-95,,30.27488889,-97.1999,12,1,1,1,2,1,2,1,2,1
48,2016481571,481571,3,3,0,0,4,201,3280,26,6,2016,1,13,5,6,LOCKWOOD DR,CROSSTIMBERS ST,29.83103611,-95.3188,12,6,2,2,0,1,1,1,1,0
48,2016481572,481572,1,1,0,1,1,201,3280,26,6,2016,1,3,45,6,WALLISVILLE RD,,29.79222222,-95.2601,8,0,1,1,0,1,3,1,1,0
48,2016481573,481573,1,1,0,0,1,203,0,26,6,2016,1,15,4,3,SR-154,,32.60673056,-94.4927,42,0,1,1,0,4,1,1,1,0
48,2016481574,481574,1,1,0,0,1,407,0,26,6,2016,1,0,57,8,FM 1127,,30.54988333,-94.9032,1,0,1,1,0,4,2,5,1,1
48,2016481575,481575,2,2,0,0,2,423,7070,26,6,2016,1,9,35,3,SR-31 FRONT ST,DOUGLAS BLVD,32.34665833,-95.292,12,6,2,3,0,1,1,1,1,0
48,2016481576,481576,2,2,0,0,5,157,4655,27,6,2016,2,21,7,8,FM 1092,5TH ST,29.59098333,-95.5641,12,6,3,3,0,1,3,1,1,0
48,2016481577,481577,1,1,0,1,1,29,6090,26,4,2016,3,18,3,6,LAKEWOOD DR,PROVIDENCE,29.40269722,-98.4076,15,0,3,2,0,1,1,10,1,0
48,2016481578,481578,2,2,0,0,4,491,0,16,6,2016,5,12,24,8,RM 2338,CR-RONALD REAGAN BLVD,30.74000556,-97.8012,12,6,2,2,0,1,1,1,1,0
48,2016481579,481579,1,1,0,0,2,29,6090,18,6,2016,7,2,33,1,I-410 LOOP,,29.42657778,-98.3892,24,0,19,1,0,10,3,10,1,1
48,2016481580,481580,1,1,0,0,2,467,0,20,6,2016,2,19,22,8,FM 1805,,32.54569722,-95.6248,1,0,1,1,0,4,1,1,1,1
48,2016481581,481581,1,1,0,1,1,29,6090,21,6,2016,3,8,5,1,I-410 LOOP,,29.36068889,-98.6329,8,0,18,1,0,1,1,1,1,0
48,2016481582,481582,2,2,0,0,4,201,3280,22,6,2016,4,9,30,1,I-10 EAST FWY,,29.77043889,-95.2171,12,1,18,1,0,1,1,1,1,1
48,2016481583,481583,3,3,0,0,3,201,0,23,6,2016,5,5,54,8,FM 1960,,30.00436944,-95.3083,12,1,1,1,0,1,4,1,1,0
48,2016481584,481584,2,2,0,0,2,257,0,23,6,2016,5,9,8,8,FM 1391,,32.43301389,-96.1311,12,2,1,1,0,1,1,1,1,0
48,2016481585,481585,1,1,0,1,2,29,6090,28,6,2016,3,23,43,2,US-281 ROOSEVELT AVE,SANCO ST,29.31700556,-98.4763,8,0,3,3,0,1,2,1,1,0
48,2016481586,481586,2,2,0,0,2,29,6090,29,6,2016,4,19,46,7,I-10,COLONIAL SQUARE,29.53196944,-98.5636,12,6,2,3,0,1,1,1,1,0
48,2016481587,481587,1,1,0,0,1,121,1840,28,6,2016,3,0,49,2,US-377 FORTH WORTH DR,COLLINS ST,33.20443333,-97.1352,38,0,1,1,0,5,3,1,1,1
48,2016481588,481588,2,1,1,1,1,29,6090,18,6,2016,7,17,29,1,I-35,,29.40719444,-98.5099,8,0,1,1,0,3,1,1,1,0
48,2016481589,481589,1,1,0,1,1,439,260,28,6,2016,3,21,22,3,SR-360 ANGUS G. WYNNE FWY,,32.76813333,-97.0628,8,0,18,1,0,1,2,1,1,0
48,2016481590,481590,1,1,0,1,2,479,3899,17,2,2016,4,19,40,2,US-83,NAPOLEON ST,27.48486667,-99.4717,8,0,3,3,0,1,3,1,1,0
48,2016481591,481591,2,1,1,0,6,113,1730,13,3,2016,1,5,4,1,I-20 LBJ FWY,,32.65425833,-96.754,14,0,1,1,0,2,3,1,2,0
48,2016481592,481592,1,1,0,0,1,201,3280,25,5,2016,4,18,33,6,ALDON ST,,29.84963611,-95.3469,34,0,1,1,0,4,1,1,1,0
48,2016481593,481593,1,1,0,0,1,477,0,26,5,2016,5,17,30,3,SR-105,,30.22020278,-96.3032,3,0,1,1,0,1,1,2,1,0
48,2016481594,481594,1,1,0,0,1,477,0,27,5,2016,6,7,0,8,FM50,,30.36770833,-96.3437,3,0,1,1,0,1,2,2,1,0
48,2016481595,481595,1,1,0,0,1,477,0,27,5,2016,6,9,0,4,CR-PRAIRIE HILL RD,,30.24981389,-96.367,3,0,1,1,0,1,1,2,1,0
48,2016481596,481596,1,1,0,0,2,29,0,29,5,2016,1,17,40,4,CR-QUESENBERRY RD,,29.29000833,-98.6042,17,0,1,1,0,4,1,10,1,0
48,2016481597,481597,1,1,0,1,1,453,0,30,5,2016,2,6,57,8,FM812,,30.123175,-97.6382,8,0,1,1,0,2,1,2,1,0
48,2016481598,481598,2,2,0,0,2,339,0,4,6,2016,7,4,5,8,FM1485,,30.19836944,-95.2537,12,6,1,1,0,1,2,1,1,0
48,2016481599,481599,2,2,0,0,3,17,0,11,6,2016,7,1,30,3,SR-214,,34.24680556,-102.724,12,2,1,1,0,1,2,1,1,0
48,2016481600,481600,2,2,0,0,6,453,0,11,6,2016,7,13,39,8,SL360 CAPITAL OF TX HWY,WILD BASIN RD,30.30530833,-97.8252,12,6,2,3,0,1,1,10,1,0
48,2016481601,481601,2,2,0,0,2,135,5030,13,6,2016,2,22,38,3,SR-385/ANDREWS HWY,38TH ST,31.87981111,-102.384,12,6,2,2,0,1,6,1,1,1
48,2016481602,481602,2,2,0,0,2,375,150,12,6,2016,1,22,11,6,GRAND ST,,35.21008889,-101.795,12,1,1,1,0,1,3,1,1,0
48,2016481603,481603,1,1,0,0,1,119,0,14,6,2016,3,17,35,3,SR-24,,33.3199,-95.8039,1,0,1,1,1,1,1,1,1,0
48,2016481604,481604,2,2,0,0,2,439,2850,14,6,2016,3,14,42,3,SR-26 IRA E WOODS AVE,BAYLOR PKWY,32.93138333,-97.0923,12,6,2,2,0,1,1,10,1,0
48,2016481605,481605,2,2,0,0,2,453,3541,15,6,2016,4,7,36,8,FM 1431,,30.49217778,-97.9237,12,2,1,1,0,1,1,1,1,0
48,2016481606,481606,1,1,0,0,1,1,0,17,6,2016,6,14,18,3,SR-155,,31.84766944,-95.5847,1,0,1,1,0,4,1,1,1,0
48,2016481607,481607,2,2,0,0,5,203,0,18,6,2016,7,16,6,3,SR-43,,32.40166111,-94.44,12,6,1,1,0,1,1,2,3,0
48,2016481608,481608,1,1,0,0,1,215,0,18,6,2016,7,13,36,4,CR-MILE 16 NORTH RD,,26.28591111,-98.0094,38,0,1,1,0,5,1,1,1,0
48,2016481609,481609,2,2,0,0,7,321,0,18,6,2016,7,18,57,3,SR-35,CR-323/HARRISON,28.75723889,-96.2099,12,6,2,2,0,1,1,10,1,0
48,2016481610,481610,1,1,0,0,1,29,6090,19,6,2016,1,1,29,6,INGRAM RD,,29.45917778,-98.6385,30,0,1,1,0,4,3,1,1,1
48,2016481611,481611,2,2,0,0,6,187,3698,19,6,2016,1,9,15,2,US-90,GANDER SLOUGH RD,29.66030833,-97.7152,12,6,3,3,0,1,1,1,3,0
48,2016481612,481612,3,3,0,0,10,339,0,19,6,2016,1,19,35,3,SR-242,FM1485,30.21505833,-95.2801,12,6,2,2,0,1,1,1,2,0
48,2016481613,481613,1,1,0,0,4,33,0,21,6,2016,3,10,37,2,US-180,,32.7557,-101.243,1,0,1,1,0,4,1,1,1,0
48,2016481614,481614,2,2,0,0,2,113,1730,21,6,2016,3,9,41,6,POLK ST,,32.64667222,-96.8402,12,6,8,1,0,1,1,1,1,0
48,2016481615,481615,3,3,0,0,4,321,0,21,6,2016,3,17,34,8,FM457,,28.94994444,-95.7655,12,6,1,1,0,1,1,1,1,0
48,2016481616,481616,2,2,0,0,2,321,0,22,6,2016,4,9,15,8,FM1728,,29.16801111,-95.9066,12,6,1,1,0,1,1,10,1,0
48,2016481617,481617,2,2,0,0,4,141,2190,23,6,2016,5,20,40,6,DIANA DR,GUADALUPE DR,31.86056389,-106.423,12,6,2,2,0,1,3,1,2,0
48,2016481618,481618,2,2,0,0,2,491,1242,23,6,2016,5,8,4,6,LAKELINE BLVD,RIVIERA DR,30.47540833,-97.8151,12,2,2,3,0,1,1,1,1,0
48,2016481619,481619,2,2,0,0,2,29,6090,24,6,2016,6,3,27,2,US-90,,29.40780556,-98.5883,12,2,1,1,0,1,3,1,2,0
48,2016481620,481620,2,2,0,0,2,367,0,24,6,2016,6,14,0,1,I-20,,32.70130556,-97.9602,52,0,1,1,0,3,1,1,1,0
48,2016481622,481622,1,1,0,0,1,499,0,24,6,2016,6,22,16,4,CR-3273,,32.75410278,-95.3236,30,0,1,1,0,4,2,1,1,0
48,2016481623,481623,2,2,0,0,6,171,0,25,6,2016,7,20,57,3,SR-16,,30.22109722,-98.9357,12,6,1,1,0,1,2,2,1,0
48,2016481624,481624,3,3,0,0,4,373,0,25,6,2016,7,21,9,8,FM356,,30.83434167,-95.1579,12,8,1,1,0,1,2,1,1,0
48,2016481625,481625,2,2,0,0,2,143,0,26,6,2016,1,1,45,2,US-281,,32.367,-98.1754,12,2,1,1,0,2,2,1,2,2
48,2016481626,481626,1,1,0,0,2,187,1325,26,6,2016,1,16,36,6,BORGFELD RD,,29.57012222,-98.2418,42,0,1,1,0,4,1,2,1,0
48,2016481627,481627,1,1,0,0,4,225,0,26,6,2016,1,4,0,8,FM357,,31.32203333,-95.1061,42,0,1,1,0,4,2,1,2,1
48,2016481628,481628,2,2,0,0,3,375,150,26,6,2016,1,22,0,6,24TH AVE M L KING BLVD,HIGHLAND ST,35.236475,-101.803,12,6,2,2,0,1,3,1,1,1
48,2016481629,481629,3,2,1,0,2,61,940,29,6,2016,4,20,9,6,LEVEE ST,2ND ST,25.90721111,-97.506,44,0,2,2,0,1,1,1,1,0
48,2016481630,481630,2,1,1,1,2,113,1190,29,6,2016,4,3,26,3,SR-161 PRES GEORGE BUSH TPKE,,32.93660556,-96.9303,25,0,1,1,0,4,2,1,1,0
48,2016481631,481631,1,1,0,0,1,339,0,29,6,2016,4,19,8,8,FM 1314,,30.20783056,-95.3551,1,0,1,1,0,1,1,1,1,1
48,2016481632,481632,2,2,0,0,3,417,0,30,6,2016,5,15,25,3,SR-351,,32.56261111,-99.5457,12,2,1,1,0,1,1,1,1,1
48,2016481633,481633,1,1,0,0,1,113,1730,1,7,2016,6,23,55,8,SL 12/BUCKNER BLVD,,32.84311389,-96.71,33,0,1,1,0,4,3,1,1,1
48,2016481634,481634,1,1,0,1,1,471,3340,1,7,2016,6,12,7,2,US-190,,30.72158611,-95.5344,9,0,1,1,0,1,1,1,1,0
48,2016481635,481635,1,1,0,1,1,439,2450,2,7,2016,7,18,45,6,LONG AVE,LORAINE ST,32.79965833,-97.3754,8,0,3,2,0,1,1,1,1,0
48,2016481636,481636,2,2,0,0,5,439,2420,3,7,2016,1,0,35,1,I-20/SE LOOP 820,,32.66135833,-97.2582,24,0,1,1,0,4,3,1,1,1
48,2016481637,481637,2,2,0,0,2,439,2450,3,7,2016,1,23,14,2,US-287P BUSINESS ROSEDALE,FREEMAN ST,32.7318,-97.3094,12,6,2,2,0,1,3,10,1,1
48,2016481638,481638,2,2,0,0,2,85,5390,4,7,2016,2,19,5,7,US-75/CENTRAL EXPY,REPUBLIC DR,33.03121944,-96.7073,12,6,3,3,0,1,1,10,1,1
48,2016481639,481639,1,1,0,0,1,141,2190,4,7,2016,2,2,19,8,SP 601,,31.84118333,-106.325,46,0,19,1,0,4,3,1,1,0
48,2016481640,481640,1,1,0,0,1,439,2450,4,7,2016,2,21,19,6,BERRY ST,,32.70603889,-97.3518,33,0,1,1,0,4,3,10,1,0
48,2016481641,481641,2,2,0,0,2,491,330,4,7,2016,2,22,15,7,US-183,,30.43968056,-97.7789,12,98,1,1,0,1,3,1,1,1
48,2016481642,481642,2,2,0,0,4,229,0,11,6,2016,7,13,45,1,I-10,,31.11532222,-105.155,12,1,1,1,0,1,1,1,1,1
48,2016481643,481643,1,1,0,1,1,489,0,19,6,2016,1,22,0,8,FM 1018,,26.35743889,-97.6589,8,0,1,1,0,1,2,1,1,0
48,2016481644,481644,1,1,0,1,1,439,260,21,6,2016,3,3,52,3,SR-360,,32.68378889,-97.0624,9,0,20,1,0,1,2,1,1,0
48,2016481645,481645,1,1,0,0,1,113,2590,25,6,2016,7,1,59,1,I-635 LBJ FWY,,32.86928333,-96.6696,24,0,19,1,0,10,3,1,1,1
48,2016481646,481646,1,1,0,1,1,215,114,25,6,2016,7,20,11,6,MOOREFIELD RD,,26.315175,-98.3397,9,0,1,1,0,1,1,1,1,0
48,2016481647,481647,1,1,0,0,1,325,0,2,7,2016,7,16,12,2,US-90,,29.3523,-99.0033,52,0,1,1,0,3,1,1,1,1
48,2016481648,481648,1,1,0,0,1,371,0,2,7,2016,7,4,0,2,US-67,,30.73341111,-103.188,32,0,1,1,0,4,2,1,1,0
48,2016481649,481649,4,1,3,0,4,441,30,3,7,2016,1,5,5,6,10TH ST,,32.46195278,-99.7753,30,0,1,1,0,4,3,1,1,1
48,2016481650,481650,1,1,0,1,1,29,6090,6,7,2016,4,5,38,6,GOLIAD RD,,29.33933611,-98.4231,33,0,1,1,0,4,3,1,1,0
48,2016481651,481651,2,2,0,1,2,397,9997,1,1,2016,6,5,24,1,I-30,,32.8775,-96.5157,8,0,1,1,0,1,2,1,1,0
48,2016481652,481652,1,1,0,0,3,27,3230,9,4,2016,7,1,14,3,SR-95,ANTONE ST,30.88766667,-97.3955,18,0,1,1,0,1,2,1,1,1
48,2016481653,481653,1,1,0,0,1,29,6090,4,5,2016,4,19,17,6,APPLEWHITE RD,,29.308925,-98.5495,43,0,1,1,0,4,2,1,1,0
48,2016481654,481654,1,1,0,0,1,113,1730,16,5,2016,2,5,27,3,SR-12 / SL 12 NORTHWEST HWY,STOREY LN,32.85777778,-96.8818,24,0,3,4,0,4,3,10,1,0
48,2016481655,481655,2,2,0,0,2,167,3850,12,6,2016,1,6,22,8,FM 2004,,29.39248889,-95.031,12,2,1,1,0,1,4,1,1,0
48,2016481656,481656,2,1,1,0,2,339,1510,15,6,2016,4,10,50,1,I-45,,30.25866944,-95.4567,14,0,1,1,0,2,1,1,1,0
48,2016481657,481657,1,1,0,0,1,157,0,16,6,2016,5,9,51,2,US-59,,29.48721667,-95.9289,25,0,1,1,1,10,1,1,1,0
48,2016481658,481658,2,2,0,0,2,205,0,17,6,2016,6,2,59,2,US-54,,35.76485556,-102.875,12,8,1,1,0,1,2,1,1,0
48,2016481659,481659,1,1,0,0,2,299,0,19,6,2016,1,7,9,3,SR-29,,30.74325278,-98.897,52,0,1,1,0,4,1,10,1,0
48,2016481660,481660,1,1,0,0,1,201,0,21,6,2016,3,23,10,4,CR-GRANT RD,,30.01076667,-95.6415,1,0,1,1,0,4,2,10,1,0
48,2016481661,481661,1,1,0,1,1,491,3478,21,6,2016,3,2,3,1,I-35,,30.83755556,-97.5981,18,0,1,1,0,1,2,1,1,0
48,2016481662,481662,2,2,0,0,5,201,3280,25,6,2016,7,0,43,1,I-45 GULF FWY,,29.56719722,-95.1667,25,0,1,1,0,3,2,1,1,1
48,2016481663,481663,2,2,0,0,2,201,3280,25,6,2016,7,5,46,2,US-90,,29.77984722,-95.2525,12,1,18,1,0,1,4,10,1,0
48,2016481664,481664,1,1,0,0,2,213,0,25,6,2016,7,1,5,4,CR-4712,,32.15653056,-95.7172,42,0,1,1,0,4,2,1,1,0
48,2016481665,481665,1,1,0,0,5,27,0,26,6,2016,1,19,0,8,FM 1237,,31.19031944,-97.3899,59,0,1,1,0,4,1,1,1,0
48,2016481666,481666,1,1,0,0,3,105,0,26,6,2016,1,9,30,1,I-10,,30.73075278,-101.579,1,0,1,1,0,4,1,1,1,0
48,2016481667,481667,2,2,0,0,2,201,3280,26,6,2016,1,6,40,6,GREENS RD,LEE RD,29.95221111,-95.3043,12,6,2,2,0,1,1,1,1,0
48,2016481668,481668,1,1,0,0,1,273,0,26,6,2016,1,1,0,4,CR-1060,,27.40077222,-97.8231,38,0,1,1,0,5,2,1,1,1
48,2016481669,481669,2,2,0,0,6,3,0,27,6,2016,2,6,16,3,SR-115,FM 181,32.182,-102.749,12,6,2,2,0,1,4,2,1,0
48,2016481670,481670,2,2,0,0,2,99,1540,27,6,2016,2,18,37,3,SR-9,FM 116,31.14124444,-97.9004,12,6,2,2,0,1,1,10,1,0
48,2016481671,481671,2,2,0,0,3,341,0,28,6,2016,3,18,23,8,FM2203,FM119,35.92428056,-101.963,12,6,2,2,0,1,1,1,2,0
48,2016481672,481672,1,1,0,0,1,349,0,29,6,2016,4,12,30,8,FM85,,32.30602222,-96.3736,32,0,1,1,0,4,1,1,1,0
48,2016481673,481673,2,2,0,0,6,389,0,29,6,2016,4,1,45,2,US-285,,31.47625278,-103.521,12,2,1,1,0,2,2,1,3,0
48,2016481674,481674,2,2,0,0,5,201,0,1,7,2016,6,1,43,8,FM1960 HUMBLE WESTFIELD RD,,30.01086944,-95.3285,12,1,1,1,0,1,2,1,1,0
48,2016481675,481675,2,2,0,0,2,167,3850,2,7,2016,7,18,38,3,SR-3,FM1765,29.37897778,-94.9701,12,6,2,2,0,1,1,1,1,1
48,2016481676,481676,2,2,0,1,2,201,3280,2,7,2016,7,2,20,1,I-45 GULF FWY,,29.73056389,-95.3405,8,0,1,1,0,1,2,1,1,1
48,2016481677,481677,1,1,0,0,1,257,0,2,7,2016,7,17,45,2,US-80,,32.72002222,-96.1511,58,0,1,1,0,4,1,1,1,1
48,2016481678,481678,2,2,0,0,2,359,0,2,7,2016,7,13,11,1,I-40,,35.25275278,-102.472,12,8,1,1,0,1,1,1,1,0
48,2016481679,481679,2,2,0,0,4,29,6090,3,7,2016,1,18,52,3,SR-151 RAMP,SL1604,29.48494722,-98.7098,26,0,19,1,1,4,1,1,2,0
48,2016481680,481680,2,2,0,0,2,265,3670,3,7,2016,1,13,39,6,PARK LN,,30.04413611,-99.1442,12,2,1,1,0,1,1,1,1,0
48,2016481681,481681,1,1,0,0,1,339,0,3,7,2016,1,10,50,8,FM149,,30.5332,-95.7372,1,0,1,1,0,4,1,1,1,0
48,2016481682,481682,3,3,0,0,3,201,3280,4,7,2016,2,1,0,1,I-69/US-59 SOUTHWEST FWY,,29.70266389,-95.5149,12,1,1,1,0,1,3,1,1,2
48,2016481683,481683,2,2,0,0,2,201,0,4,7,2016,2,21,40,3,SR-6,CR-RIDGE PARK DR,29.88651944,-95.644,12,6,2,2,0,1,2,1,1,0
48,2016481684,481684,2,2,0,0,2,245,5430,4,7,2016,2,5,29,6,25TH ST,,29.903175,-93.9378,12,2,1,1,0,1,2,1,1,0
48,2016481685,481685,1,1,0,0,1,491,0,4,7,2016,2,10,6,3,SR-195,,30.76069167,-97.7384,59,0,1,1,0,4,1,1,1,0
48,2016481686,481686,2,2,0,0,3,79,0,5,7,2016,3,17,20,3,SR-214,,33.43379444,-102.821,12,2,1,1,0,1,1,10,1,0
48,2016481687,481687,2,2,0,0,2,181,6350,5,7,2016,3,22,32,3,SR-56 HOUSTON ST,,33.62577222,-96.6548,12,1,8,1,0,1,2,1,1,0
48,2016481688,481688,2,2,0,0,4,395,0,5,7,2016,3,21,17,2,US-79/190,,30.83154444,-96.646,12,1,8,1,0,1,2,1,2,0
48,2016481689,481689,3,3,0,0,8,201,3280,6,7,2016,4,22,40,1,I-610,,29.81394722,-95.3696,12,1,1,1,0,1,2,10,1,2
48,2016481690,481690,1,1,0,0,2,407,0,6,7,2016,4,14,0,8,FM1514,,30.61781667,-95.119,1,0,1,1,0,4,1,1,1,0
48,2016481691,481691,3,3,0,0,6,453,330,6,7,2016,4,15,16,7,US-290,DECKER LN,30.33656944,-97.5999,12,6,2,2,0,1,1,1,1,0
48,2016481692,481692,2,2,0,0,4,15,6280,7,7,2016,5,10,2,3,SR-36/MEYER ST,,29.77031111,-96.1548,50,0,1,1,0,1,1,1,1,0
48,2016481693,481693,2,2,0,0,7,369,0,7,7,2016,5,7,54,3,SR-86,SR-214,34.8988,-102.224,12,6,2,2,0,1,1,1,1,0