STATE,YEAR_ST_CASE,ST_CASE,VE_TOTAL,VE_FORMS,PVH_INVL,PEDS,PERSONS,COUNTY,CITY,DAY,MONTH,YEAR,DAY_WEEK,HOUR,MINUTE,ROUTE,TWAY_ID,TWAY_ID2,LATITUDE,LONGITUD,HARM_EV,MAN_COLL,RELJCT2,TYP_INT,WRK_ZONE,REL_ROAD,LGT_COND,WEATHER,FATALS,DRUNK_DR
48,2016481694,481694,2,2,0,0,2,439,260,7,7,2016,5,23,18,6,PLEASANT RIDGE RD,WINDHURST DR,32.67764167,-97.1443,12,6,2,3,0,1,3,1,1,0
48,2016481695,481695,1,1,0,0,1,201,0,8,7,2016,6,2,0,4,CR-COSSEY RD,,30.01118889,-95.5772,1,0,1,1,0,4,2,1,1,1
48,2016481696,481696,2,2,0,0,2,215,4650,8,7,2016,6,11,36,8,FM 495,,26.223625,-98.2802,12,6,8,1,0,1,1,1,1,0
48,2016481697,481697,3,3,0,0,8,303,4140,8,7,2016,6,21,27,2,US-84/AVE Q,,33.56415833,-101.855,12,2,1,1,0,1,3,10,1,2
48,2016481698,481698,2,2,0,0,3,379,0,8,7,2016,6,16,55,2,US-69,,32.81216111,-95.6639,12,2,1,1,0,1,1,1,1,0
48,2016481699,481699,1,1,0,0,4,341,0,9,7,2016,7,0,26,8,FM 119,,35.94256944,-101.874,1,0,1,1,0,4,2,1,2,0
48,2016481700,481700,1,1,0,1,1,453,330,9,7,2016,7,5,50,8,FM 734/PARMER LN,HARRISGLEN DR,30.39945833,-97.655,8,0,3,3,0,1,2,1,1,0
48,2016481701,481701,1,1,0,0,4,29,0,10,7,2016,1,19,45,4,CR-NELSON RD,,29.31942778,-98.6506,21,0,1,1,0,4,1,1,1,0
48,2016481702,481702,2,2,0,0,3,113,1730,10,7,2016,1,18,30,6,ABRAMS RD,RICHMOND AVE,32.816125,-96.753,12,6,2,2,0,1,1,1,1,0
48,2016481703,481703,1,1,0,0,3,401,0,10,7,2016,1,10,2,2,US-259,,32.34652778,-94.8642,1,0,1,1,0,1,1,10,2,0
48,2016481704,481704,1,1,0,0,1,453,330,10,7,2016,1,6,40,6,STECK AVE,MESA DR,30.37432778,-97.7556,33,0,3,2,0,8,4,10,1,0
48,2016481705,481705,3,3,0,0,5,141,0,1,7,2016,6,22,55,1,I-10,,31.45866389,-106.046,12,6,1,1,0,1,2,1,1,0
48,2016481706,481706,2,2,0,0,2,257,0,1,7,2016,6,19,15,2,US-80,,32.73043333,-96.2316,12,1,1,1,0,1,5,1,1,0
48,2016481707,481707,2,2,0,0,4,91,4870,5,7,2016,3,11,34,1,I-35,,29.69981389,-98.0942,12,1,1,1,0,2,1,1,1,0
48,2016481708,481708,1,1,0,0,1,325,1890,8,7,2016,6,2,0,1,I-35,,29.11759167,-98.9186,24,0,1,1,0,4,2,1,1,0
48,2016481709,481709,2,1,1,0,3,257,0,9,7,2016,7,3,46,2,US-80,,32.71571111,-96.1184,14,0,1,1,0,2,2,1,1,1
48,2016481710,481710,1,1,0,0,1,329,4560,9,7,2016,7,19,52,6,TRADEWINDS BLVD,,31.98421944,-102.155,33,0,1,1,0,4,1,1,1,1
48,2016481711,481711,2,2,0,0,2,61,3780,30,5,2016,2,11,11,8,FM506,,26.1437,-97.8238,12,2,1,1,0,1,1,1,1,0
48,2016481712,481712,1,1,0,1,4,479,3899,24,6,2016,6,1,30,6,HAYNES AVE,,27.54570833,-99.4945,8,0,1,1,0,1,2,1,1,0
48,2016481713,481713,1,1,0,1,1,361,7200,25,6,2016,7,23,8,7,I-10,,30.13017222,-93.9735,8,0,1,1,0,1,2,1,1,0
48,2016481714,481714,1,1,0,0,1,157,0,30,6,2016,5,19,46,3,SR-16,,29.34954167,-95.7779,53,0,1,1,0,4,1,1,1,0
48,2016481715,481715,2,2,0,0,2,165,0,30,6,2016,5,14,58,3,SR-83,SR-214,32.943975,-102.809,12,6,2,2,0,1,1,1,1,0
48,2016481716,481716,1,1,0,0,4,113,1730,2,7,2016,7,2,0,6,LINDSLEY AVE,,32.78867778,-96.7601,30,0,1,1,0,4,3,1,1,0
48,2016481717,481717,2,1,1,0,2,215,4650,2,7,2016,7,23,43,8,FM1016,,26.169575,-98.3337,1,0,1,1,0,4,2,1,1,1
48,2016481718,481718,1,1,0,0,1,187,0,3,7,2016,1,2,23,7,I-10,,29.53275278,-98.0972,1,0,1,1,0,1,2,1,1,1
48,2016481719,481719,4,4,0,0,8,85,7620,4,7,2016,2,1,8,3,SR-78 LAVON PKWY,,33.0227,-96.5069,12,2,1,1,0,1,2,1,1,0
48,2016481720,481720,3,3,0,0,5,231,0,5,7,2016,3,15,55,2,US-69 JOE RAMSEY BLVD,,33.15720278,-96.1354,12,2,1,1,0,1,1,1,1,0
48,2016481721,481721,1,1,0,0,1,303,0,6,7,2016,4,16,0,8,FM 2150,,33.41793889,-101.563,1,0,1,1,0,4,1,1,1,0
48,2016481722,481722,3,3,0,0,10,113,1730,9,7,2016,7,14,25,6,AUDELIA RD,FOREST LN,32.90940833,-96.7178,12,6,2,2,0,1,1,10,1,0
48,2016481723,481723,1,1,0,0,2,37,0,10,7,2016,1,4,23,2,US-82,,33.53901944,-94.695,1,0,1,1,0,4,2,1,2,1
48,2016481724,481724,1,1,0,0,1,473,0,11,7,2016,2,20,36,4,CR-RILEY RD,,30.24133056,-95.8312,59,0,1,1,0,4,1,1,1,0
48,2016481725,481725,2,1,1,0,1,201,3280,12,7,2016,3,13,45,6,FERRIS LN,,29.68816667,-95.4719,1,0,1,1,0,7,1,1,1,0
48,2016481726,481726,2,2,0,0,4,7,5890,13,7,2016,4,15,41,3,SR-35 BUSINESS,,28.01563333,-97.0624,12,2,1,1,0,1,1,1,1,0
48,2016481727,481727,2,2,0,0,2,259,740,13,7,2016,4,17,42,7,I-10,US-87/MAIN ST,29.81875,-98.7523,12,6,2,2,0,1,1,1,1,0
48,2016481728,481728,1,1,0,1,1,441,30,13,7,2016,4,1,34,6,T & P LANE,,32.43771667,-99.7117,8,0,1,1,0,1,2,1,1,0
48,2016481729,481729,1,1,0,0,1,29,6090,14,7,2016,5,0,32,6,CESAR CHAVEZ BLVD,,29.4168,-98.4844,33,0,1,1,0,4,3,1,1,1
48,2016481730,481730,1,1,0,0,4,113,6260,4,4,2016,2,0,0,2,US-175/CF HAWN FWY,,32.67023611,-96.59,42,0,5,1,0,4,3,1,1,0
48,2016481731,481731,1,1,0,0,2,113,1730,6,5,2016,6,5,46,6,DALLAS NORTH TOLLWAY,,32.95106111,-96.8234,25,0,19,1,0,8,3,1,1,1
48,2016481732,481732,1,1,0,0,1,309,7210,12,6,2016,1,6,34,6,RICHTER ST,SPEIGHT AVE,31.52043056,-97.147,1,0,2,2,0,1,4,10,1,1
48,2016481733,481733,1,1,0,0,2,329,0,20,6,2016,2,2,31,4,CR-55,CR-1130,32.07125,-101.999,1,0,1,1,0,1,2,1,1,1
48,2016481734,481734,1,1,0,0,2,109,0,26,6,2016,1,11,55,1,I-10,,31.05066667,-104.64,1,0,1,1,0,1,1,1,1,0
48,2016481735,481735,2,2,0,0,2,119,1530,28,6,2016,3,18,5,3,SR-24,,33.37093889,-95.7089,12,6,1,1,0,1,1,1,1,1
48,2016481736,481736,1,1,0,1,1,229,0,28,6,2016,3,20,39,7,I-10,,31.2166,-105.488,9,0,1,1,0,1,2,1,1,0
48,2016481737,481737,2,2,0,0,2,29,6090,1,7,2016,6,14,3,6,SHAENFIELD RD,,29.51603333,-98.6943,12,6,8,1,0,1,1,1,1,0
48,2016481738,481738,1,1,0,0,1,19,410,5,7,2016,3,4,5,3,SR-16,,29.73186944,-99.0797,1,0,1,1,0,4,3,1,1,0
48,2016481739,481739,1,1,0,1,2,113,1730,5,7,2016,3,19,39,1,I-635 LBJ FWY,,32.921175,-96.7505,8,0,18,1,0,1,1,1,1,0
48,2016481740,481740,2,2,0,0,6,185,0,5,7,2016,3,23,26,3,SR-90,,30.61975278,-95.9525,12,2,1,1,0,1,2,10,2,1
48,2016481741,481741,2,2,0,0,2,65,0,6,7,2016,4,17,10,3,SR-152,,35.61176944,-101.231,12,2,1,1,0,1,1,1,1,0
48,2016481742,481742,1,1,0,0,3,337,0,8,7,2016,6,18,25,8,FM 1816,,33.67588611,-97.8407,1,0,1,1,0,4,1,1,1,1
48,2016481743,481743,1,1,0,0,2,467,0,8,7,2016,6,4,0,1,I-20,,32.55531944,-95.7943,1,0,1,1,0,10,2,1,1,0
48,2016481744,481744,2,2,0,0,3,181,0,9,7,2016,7,18,0,2,US-377,,33.59745,-96.9114,12,6,1,1,0,4,1,2,1,1
48,2016481745,481745,1,1,0,0,1,201,3280,9,7,2016,7,18,50,8,SL 8 SAM HOUSTON PKWY,,29.93908056,-95.397,25,0,19,1,0,3,1,1,1,0
48,2016481746,481746,3,3,0,0,6,161,0,9,7,2016,7,11,46,2,US-79,,31.57463056,-95.8801,12,6,1,1,0,1,1,1,1,0
48,2016481747,481747,1,1,0,1,2,91,1012,10,7,2016,1,0,21,2,US-281,,29.80982778,-98.4181,8,0,1,1,0,1,2,1,1,0
48,2016481748,481748,2,2,0,0,4,147,0,10,7,2016,1,16,21,2,US-82,,33.60515556,-96.1957,12,2,19,1,0,10,1,1,2,0
48,2016481749,481749,2,2,0,0,3,299,0,10,7,2016,1,15,18,3,SR-71,,30.51439167,-98.3929,12,2,1,1,0,1,1,10,1,0
48,2016481750,481750,2,2,0,0,2,71,0,13,7,2016,4,12,42,1,I-10,,29.85303056,-94.3632,12,1,1,1,0,1,1,1,1,0
48,2016481751,481751,1,1,0,0,1,139,0,14,7,2016,5,21,15,8,FM 813,,32.44874167,-96.7951,1,0,1,1,0,4,2,1,1,0
48,2016481753,481753,2,2,0,0,2,253,0,14,7,2016,5,13,47,8,FM 707,,32.62003611,-99.9197,12,6,1,1,0,1,1,1,1,0
48,2016481754,481754,1,1,0,0,2,491,0,14,7,2016,5,13,10,8,FM 1331,,30.67291944,-97.3521,1,0,1,1,0,1,1,1,1,0
48,2016481755,481755,1,1,0,0,1,21,0,15,7,2016,6,4,58,8,FM 3000,,30.35671111,-97.3526,1,0,1,1,0,4,2,1,1,1
48,2016481756,481756,1,1,0,0,1,85,2282,15,7,2016,6,22,40,6,STONE CREEK DR,,33.14462222,-96.6085,43,0,1,1,0,5,3,1,1,1
48,2016481757,481757,2,2,0,1,1,439,2450,15,7,2016,6,3,9,1,I-820 LOOP,,32.77061944,-97.4757,12,1,18,1,0,1,2,1,1,0
48,2016481758,481758,1,1,0,1,1,29,6090,16,7,2016,7,2,58,7,I-35,,29.53873889,-98.3805,8,0,18,1,0,1,3,1,1,0
48,2016481759,481759,2,2,0,2,3,29,6090,16,7,2016,7,3,50,1,I-10,WEST AVE,29.48123889,-98.526,12,1,18,1,0,1,3,1,2,1
48,2016481760,481760,2,2,0,0,2,439,2450,17,7,2016,1,2,7,8,FM 1220 BOAT CLUB RD,PINIONPARK WAY,32.83873611,-97.4253,12,2,2,3,0,1,2,1,1,1
48,2016481761,481761,1,1,0,0,2,441,0,17,7,2016,1,12,54,8,FM613,,32.24134722,-99.843,1,0,1,1,0,4,1,6,1,0
48,2016481762,481762,2,2,0,0,2,141,0,17,7,2016,1,3,43,1,I-10,,31.50331944,-106.117,12,6,18,1,0,1,3,1,1,1
48,2016481764,481764,5,5,0,0,6,113,4530,24,6,2016,6,23,50,1,I-30,,32.81674444,-96.6407,12,1,1,1,0,1,3,1,1,1
48,2016481765,481765,3,3,0,0,3,397,6010,29,6,2016,4,4,53,1,I-30,,32.974425,-96.3191,18,0,1,1,0,1,2,1,3,0
48,2016481766,481766,2,2,0,0,3,201,0,6,7,2016,4,15,10,4,CR-GREENHOUSE RD,CR-OAK RIDGE PARK DR,29.81176389,-95.7039,12,6,2,2,0,1,1,1,1,0
48,2016481767,481767,1,1,0,0,1,419,0,11,7,2016,2,20,15,3,SR-147,,31.70996389,-94.0639,42,0,1,1,0,4,5,1,1,1
48,2016481768,481768,3,3,0,0,4,215,5330,15,7,2016,6,12,57,8,FM3461 NOLANA LP,VETERANS RD,26.23103056,-98.161,12,6,2,2,0,1,1,1,1,0
48,2016481769,481769,2,2,0,0,4,407,0,15,7,2016,6,17,14,2,US-59,CR-REGENCY DR,30.43468889,-95.0357,12,6,2,2,1,1,1,1,1,0
48,2016481770,481770,1,1,0,0,1,485,7490,16,7,2016,7,23,37,8,SL11,,33.92670556,-98.5361,33,0,1,1,0,4,2,1,1,0
48,2016481771,481771,1,1,0,0,1,407,0,17,7,2016,1,0,23,8,FM1127,,30.54930556,-94.92,1,0,1,1,0,4,2,1,1,1
48,2016481772,481772,1,1,0,0,4,161,2280,18,7,2016,2,9,45,1,I-45,,31.70338611,-96.173,1,0,1,1,0,1,1,1,1,0
48,2016481773,481773,1,1,0,0,1,113,1730,23,6,2016,5,2,0,6,INWOOD RD,,32.88761111,-96.8211,39,0,1,1,0,5,3,1,1,1
48,2016481774,481774,1,1,0,1,1,113,1730,25,6,2016,7,1,30,1,I-635 LBJ FWY,,32.8812,-96.6925,8,0,1,1,0,1,3,1,1,0
48,2016481775,481775,2,2,0,0,3,113,4530,12,7,2016,3,2,36,1,I-635,,32.80447778,-96.6267,12,2,1,1,0,1,3,10,2,1
48,2016481776,481776,1,1,0,0,1,141,2190,14,2,2016,1,13,27,7,I-10,,31.70965,-106.294,26,0,1,1,0,10,1,1,1,0
48,2016481777,481777,1,1,0,1,3,21,0,8,7,2016,6,15,9,3,SR-71,,30.05186389,-97.1965,9,0,1,1,0,1,1,1,1,0
48,2016481778,481778,2,2,0,0,2,471,5812,8,7,2016,6,13,10,8,FM980,,30.84001944,-95.3939,12,6,8,1,0,1,1,1,1,0
48,2016481779,481779,1,1,0,0,2,471,0,10,7,2016,1,7,33,3,SR-75,,30.75240278,-95.6447,38,0,1,1,0,5,1,1,1,0
48,2016481780,481780,1,1,0,0,1,121,0,14,7,2016,5,23,30,8,FM2931,,33.24807778,-96.9568,52,0,1,1,0,4,2,1,1,0
48,2016481781,481781,1,1,0,0,1,303,4140,15,7,2016,6,22,50,8,FM 1294/DREW ST,,33.69395556,-101.821,43,0,1,1,0,4,2,10,1,0
48,2016481782,481782,1,1,0,0,1,141,2190,17,7,2016,1,5,20,6,HONDO PASS DR,,31.86981944,-106.43,30,0,1,1,0,4,3,1,1,1
48,2016481783,481783,1,1,0,0,1,209,0,17,7,2016,1,22,4,4,CR-163/NUTTY BROWN RD,,30.17698889,-97.9647,32,0,1,1,0,4,2,1,1,0
48,2016481784,481784,1,1,0,0,1,475,0,6,6,2016,2,21,40,1,I-20,,31.49655833,-103.249,1,0,1,1,0,3,2,1,1,0
48,2016481785,481785,1,1,0,0,1,119,0,16,6,2016,5,7,0,8,FM 1533,,33.42633611,-95.7446,1,0,1,1,0,4,1,1,1,1
48,2016481786,481786,1,1,0,0,1,139,0,27,6,2016,2,7,0,8,FM 85,,32.3183,-96.5274,1,0,1,1,0,4,1,1,1,0
48,2016481787,481787,1,1,0,1,1,201,0,12,7,2016,3,0,50,4,CR-WEST RD,,29.91463333,-95.4346,8,0,1,1,0,1,2,1,1,0
48,2016481788,481788,2,2,0,0,2,141,2190,14,7,2016,5,22,59,7,SL 375/JOE BATTLE BLVD,,31.75402222,-106.268,12,1,1,1,0,1,3,1,1,1
48,2016481789,481789,2,2,0,0,2,349,0,15,7,2016,6,14,30,2,US-287,,31.98285,-96.1174,12,6,1,1,0,1,1,1,1,0
48,2016481790,481790,2,2,0,0,3,39,0,18,7,2016,2,12,53,8,FM 523,,29.18903889,-95.3877,12,2,1,1,0,1,1,2,2,0
48,2016481791,481791,1,1,0,0,1,117,0,18,7,2016,2,1,3,4,CR-TIERRA BLANCA RD,,34.82431111,-102.459,38,0,1,1,0,4,2,1,1,1
48,2016481792,481792,1,1,0,0,1,147,0,18,7,2016,2,15,28,8,FM 64,,33.43421111,-95.8964,42,0,1,1,0,4,1,1,1,0
48,2016481793,481793,2,2,0,0,6,61,940,19,7,2016,3,12,14,7,SR-550/FRONTAGE RD,FM 1847,26.013075,-97.4816,12,6,2,2,0,1,1,1,1,0
48,2016481794,481794,1,1,0,1,1,141,2190,21,7,2016,5,13,2,7,SL 375/AMERICAS AVE,,31.68881667,-106.296,8,0,1,1,0,1,1,1,1,0
48,2016481795,481795,2,2,0,0,3,167,3220,17,7,2016,1,19,6,8,FM 2004,,29.321525,-95.0607,12,1,8,1,0,1,1,1,1,1
48,2016481796,481796,1,1,0,1,1,355,5850,23,4,2016,7,22,5,3,SR-44/ J AVE,,27.79963611,-97.6822,8,0,1,1,0,1,3,1,1,0
48,2016481797,481797,2,2,0,0,3,485,7490,2,5,2016,2,22,46,7,US-82/KELL BLVD,TAFT BLVD,33.889125,-98.5188,12,6,2,2,0,1,3,1,1,1
48,2016481798,481798,2,2,0,0,3,257,0,5,7,2016,3,2,19,3,SR-243,,32.57504167,-96.1956,12,6,1,1,0,1,2,2,1,0
48,2016481799,481799,1,1,0,0,5,141,0,21,6,2016,3,2,6,4,CR-FLAGER ST,,31.82896389,-106.199,43,0,1,1,0,5,2,1,1,0
48,2016481800,481800,1,1,0,0,6,355,1550,4,7,2016,2,22,56,1,I-37,,27.80518611,-97.4857,1,0,1,1,0,4,3,1,1,0
48,2016481801,481801,1,1,0,0,1,55,0,10,7,2016,1,5,20,4,CR-191 LONG HOLLOW RD,,30.05954167,-97.6395,42,0,1,1,0,4,2,1,1,1
48,2016481802,481802,2,2,0,0,2,175,0,12,7,2016,3,11,44,2,US-59,OLD US-59,28.7029,-97.2044,12,6,2,3,0,1,1,1,1,0
48,2016481804,481804,2,2,0,0,2,401,0,14,7,2016,5,21,48,3,SR-315,,31.943025,-94.6721,12,2,1,1,0,1,2,1,1,0
48,2016481805,481805,1,1,0,0,2,39,0,15,7,2016,6,19,33,8,FM523,,29.07300556,-95.3604,1,0,1,1,0,4,1,1,1,1
48,2016481807,481807,1,1,0,1,1,201,0,15,7,2016,6,22,45,3,SR-6,,29.84620278,-95.6458,8,0,1,1,0,1,2,1,1,0
48,2016481808,481808,1,1,0,0,1,367,0,15,7,2016,6,1,40,4,CR-OLD AGNES RD,,32.86655278,-97.7808,42,0,1,1,0,4,2,1,1,0
48,2016481809,481809,3,3,0,0,9,303,0,16,7,2016,7,13,43,8,FM179,CR-6520 EVANS ST,33.60310278,-102.009,12,1,3,3,0,1,1,1,2,1
48,2016481810,481810,1,1,0,1,1,375,0,17,7,2016,1,21,47,7,I-40,,35.19113889,-102.071,9,0,1,1,0,1,2,1,1,1
48,2016481811,481811,1,1,0,1,2,423,0,17,7,2016,1,3,45,1,I-20,,32.44135278,-95.0619,8,0,1,1,0,2,2,1,1,0
48,2016481812,481812,1,1,0,0,5,25,0,18,7,2016,2,22,39,3,SR-202,,28.38536944,-97.5719,42,0,1,1,1,4,2,1,1,0
48,2016481813,481813,3,1,2,1,1,167,2570,18,7,2016,2,7,32,6,N 1/2 AVE,,29.28619444,-94.8229,14,0,1,1,0,7,1,1,1,0
48,2016481814,481814,1,1,0,1,1,201,0,18,7,2016,2,4,30,3,SR-249/TOMBALL PKWY,,29.92393056,-95.4992,8,0,1,1,0,1,2,1,1,0
48,2016481815,481815,1,1,0,0,1,203,0,18,7,2016,2,22,24,7,I-20,,32.45493056,-94.694,1,0,1,1,0,10,2,1,1,1
48,2016481816,481816,2,2,0,0,4,289,0,20,7,2016,4,15,28,8,FM 1146,,31.26906944,-96.2595,12,2,1,1,0,1,1,1,2,0
48,2016481817,481817,1,1,0,0,1,439,260,20,7,2016,4,2,23,3,SR-360,,32.69471389,-97.0629,59,0,1,1,0,4,2,1,1,0
48,2016481818,481818,2,2,0,0,4,113,1730,21,7,2016,5,15,40,8,SL 12/GREAT TRINITY FOREST WAY,,32.71298333,-96.7025,12,2,1,1,0,1,1,1,2,1
48,2016481819,481819,1,1,0,1,1,201,3280,21,7,2016,5,20,42,6,COOK RD,,29.69997778,-95.5961,8,0,1,1,0,1,3,10,1,0
48,2016481820,481820,3,3,0,1,7,113,1730,22,7,2016,6,21,56,6,BONNIEVIEW RD,HIGHLAND HILLS DR,32.67071389,-96.7616,12,6,2,2,0,1,3,1,1,0
48,2016481821,481821,2,2,0,0,2,167,6860,24,7,2016,1,2,12,3,SR-146,,29.48606111,-94.9878,12,1,1,1,0,1,2,1,1,2
48,2016481822,481822,2,2,0,0,4,201,0,24,7,2016,1,17,55,4,CR-BARBERS HILL RD,CR-HANEY RD,29.84232222,-95.0028,12,6,2,3,0,1,1,10,2,1
48,2016481823,481823,2,2,0,0,2,375,150,24,7,2016,1,2,46,1,I-40,,35.19270278,-101.726,12,6,1,1,0,1,3,1,1,0
48,2016481824,481824,2,2,0,1,2,439,2450,24,7,2016,1,4,37,1,I-30 WEST FWY,,32.72370556,-97.516,12,6,1,1,0,1,3,1,1,0
48,2016481825,481825,1,1,0,1,1,439,6060,24,7,2016,1,20,50,8,BU-287 P SAGINAW BLVD,FRANKLIN AVE,32.85687222,-97.3616,8,0,3,3,0,1,1,1,1,0
48,2016481826,481826,1,1,0,0,1,453,330,24,7,2016,1,2,25,8,SL 1 MOPAC ST,,30.25295556,-97.7364,59,0,1,1,0,3,3,1,1,1
48,2016481827,481827,2,2,0,0,4,113,1730,25,7,2016,2,2,50,8,SL 354 HARRY HINES BLVD,SL 12 NORTHWEST HWY,32.85866944,-96.881,12,6,2,2,0,1,3,1,1,1
48,2016481828,481828,1,1,0,1,1,183,4080,25,7,2016,2,20,57,8,SL 281,,32.49834167,-94.7888,9,0,1,1,0,1,2,1,1,1
48,2016481829,481829,2,2,0,0,2,251,1370,26,7,2016,3,8,28,3,SR-174 MAIN ST,,32.38709444,-97.3909,12,6,1,1,1,1,1,1,1,0
48,2016481830,481830,3,3,0,0,7,479,3899,27,5,2016,6,2,17,8,BU-59Z SAUNDERS ST,SAN FRANCISCO AVE,27.53064722,-99.4999,12,2,2,2,0,1,3,1,1,2
48,2016481831,481831,3,3,0,0,3,215,50,6,7,2016,4,14,26,1,I-2 / US-83,6TH ST,26.18976389,-98.1122,12,1,1,1,0,1,1,1,1,0
48,2016481832,481832,1,1,0,1,4,113,1730,9,7,2016,7,0,36,2,US-175 SM WRIGHT HWY,,32.76294722,-96.7727,8,0,18,1,0,1,2,1,1,0
48,2016481833,481833,1,1,0,0,2,347,0,15,7,2016,6,22,45,8,FM 95,PINE ST,31.47201667,-94.3407,11,0,1,1,0,1,2,1,1,1
48,2016481834,481834,2,2,0,0,5,371,0,18,7,2016,2,9,25,3,SR-18,FM 1450,31.24980278,-102.891,12,6,2,2,0,1,1,1,2,0
48,2016481835,481835,1,1,0,0,1,187,0,22,7,2016,6,22,5,8,FM 1044,,29.60355833,-98.1145,59,0,1,1,0,4,2,1,1,1
48,2016481836,481836,2,2,0,0,4,423,0,27,7,2016,4,13,55,1,I-20,,32.46736389,-95.341,12,1,1,1,1,1,1,1,2,0
48,2016481837,481837,1,1,0,0,1,397,5910,26,5,2016,5,14,3,1,I-30,,32.90155278,-96.4573,73,0,1,1,0,1,1,10,1,0
48,2016481838,481838,1,1,0,1,1,439,260,1,7,2016,6,21,57,8,FM 157 COOPER ST,,32.70017222,-97.1223,8,0,1,1,0,1,3,1,1,0
48,2016481839,481839,1,1,0,0,1,149,0,3,7,2016,1,18,54,4,CR-MAKINSON RD,CR-OLD LOCKHART RD,29.90173611,-97.0549,34,0,3,3,0,4,1,1,1,0
48,2016481840,481840,1,1,0,1,1,453,330,3,7,2016,1,22,29,6,BURNET RD,,30.35890556,-97.7301,8,0,1,1,0,1,3,1,1,0
48,2016481841,481841,2,2,0,0,2,53,0,8,7,2016,6,10,55,2,US-281,FM1855,30.64126389,-98.2602,12,6,2,3,0,1,1,1,1,0
48,2016481842,481842,2,2,0,0,7,201,0,8,7,2016,6,23,20,3,SR-249 MOUNT HOUSTON RD,,29.89793333,-95.4318,12,6,8,1,0,1,3,1,1,0
48,2016481843,481843,2,2,0,0,7,303,4140,8,7,2016,6,23,8,6,AVE P,38TH ST,33.55968889,-101.853,12,6,2,2,0,1,2,10,1,1
48,2016481844,481844,2,2,0,0,2,391,0,14,7,2016,5,18,25,8,FM136,CR-CHURCHILL RD,28.22495556,-97.3042,12,8,2,2,0,1,1,1,1,0
48,2016481845,481845,1,1,0,0,1,215,0,16,7,2016,7,13,30,4,CR-MILE 10 N RD,,26.20040833,-97.9364,30,0,1,1,0,4,1,1,1,1
48,2016481846,481846,3,3,0,0,5,21,0,21,7,2016,5,14,0,3,SR-21,CR-PINE VALLEY CT,30.16760833,-97.1985,12,1,3,3,0,1,1,1,1,0
48,2016481847,481847,1,1,0,3,1,303,0,21,7,2016,5,21,29,4,CR-6520 EVANS ST,,33.60310833,-102.018,8,0,1,1,0,1,2,1,2,0
48,2016481848,481848,1,1,0,1,1,141,2190,23,7,2016,7,20,38,6,DIANA DR,,31.87377222,-106.423,8,0,1,1,0,1,3,1,1,0
48,2016481849,481849,2,2,0,0,3,201,0,23,7,2016,7,0,2,4,CR-KUYKENDAHL RD,,30.01607778,-95.4703,12,2,1,1,0,1,2,1,1,1
48,2016481850,481850,2,1,1,0,2,141,0,25,7,2016,2,11,45,1,I-10,,31.65759722,-106.238,14,0,1,1,0,10,1,1,1,0
48,2016481851,481851,1,1,0,0,2,85,4230,8,7,2016,6,22,45,7,US-75 CENTRAL EXPWY,WHITE AVE,33.20975278,-96.6375,33,0,19,1,0,4,3,1,1,0
48,2016481852,481852,1,1,0,0,1,255,0,14,7,2016,5,5,30,4,CR-208,,28.93281389,-97.9929,38,0,1,1,0,5,2,10,1,0
48,2016481853,481853,1,1,0,1,2,201,0,15,7,2016,6,0,1,3,SR-249 TOMBALL PKWY,CR-SMILING WOOD LN,29.91590278,-95.4875,8,0,3,2,0,1,2,1,1,0
48,2016481854,481854,2,2,0,0,2,215,0,21,7,2016,5,14,40,4,CR-MILE 14 RD,,26.41358333,-98.2955,12,1,1,1,0,1,1,1,1,0
48,2016481856,481856,1,1,0,1,1,439,2990,21,7,2016,5,23,45,7,I-820,,32.84004444,-97.2858,9,0,1,1,0,1,3,1,1,0
48,2016481857,481857,1,1,0,0,1,493,0,21,7,2016,5,4,25,2,US-181,,29.19638889,-98.2051,1,0,1,1,0,3,2,1,1,0
48,2016481859,481859,2,2,0,0,2,497,0,24,7,2016,1,1,56,8,FM51,,33.17413056,-97.6222,12,2,1,1,0,1,2,1,2,1
48,2016481860,481860,1,1,0,1,2,29,6090,28,7,2016,5,1,57,1,I-35,,29.40278611,-98.5118,8,0,1,1,0,1,2,10,1,0
48,2016481861,481861,3,3,0,0,7,113,1730,4,3,2016,6,21,50,2,US-75 CENTRAL EXPY,,32.91703056,-96.767,25,0,1,1,0,4,3,1,1,0
48,2016481862,481862,2,2,0,0,2,85,4230,13,6,2016,2,23,45,3,SR-5 MCDONALD ST,,33.24363056,-96.6093,12,2,1,1,0,1,2,1,2,0
48,2016481863,481863,3,1,2,1,1,317,0,16,6,2016,5,10,1,3,SR-349,,32.24210556,-102.146,14,0,1,1,0,2,1,1,1,0
48,2016481864,481864,2,2,0,0,3,113,1730,6,7,2016,4,13,25,6,HAMPTON RD,BARLOW AVE,32.71596111,-96.8569,12,6,2,3,0,1,1,1,1,0