STATE,YEAR_ST_CASE,ST_CASE,VE_TOTAL,VE_FORMS,PVH_INVL,PEDS,PERSONS,COUNTY,CITY,DAY,MONTH,YEAR,DAY_WEEK,HOUR,MINUTE,ROUTE,TWAY_ID,TWAY_ID2,LATITUDE,LONGITUD,HARM_EV,MAN_COLL,RELJCT2,TYP_INT,WRK_ZONE,REL_ROAD,LGT_COND,WEATHER,FATALS,DRUNK_DR
48,2016481865,481865,1,1,0,1,1,113,1730,9,7,2016,7,5,5,6,OVERTON RD,,32.70083056,-96.8197,8,0,1,1,0,1,2,1,1,0
48,2016481866,481866,2,2,0,0,3,229,0,10,7,2016,1,21,45,1,I-10,,31.417075,-105.987,12,1,1,1,0,1,2,1,1,0
48,2016481867,481867,2,2,0,0,2,299,0,14,7,2016,5,23,11,3,SR-71,,30.51654167,-98.3542,12,8,1,1,0,1,2,1,1,1
48,2016481868,481868,1,1,0,1,1,489,0,15,7,2016,6,20,45,4,CR-BAY AVE,,26.504525,-97.6686,9,0,1,1,0,1,5,1,1,0
48,2016481869,481869,2,1,1,1,2,355,1550,16,7,2016,7,1,7,1,I-37,,27.82757778,-97.5361,14,0,1,1,0,2,3,1,1,0
48,2016481870,481870,2,2,0,1,2,53,4310,19,7,2016,3,5,15,2,US-281,,30.60260556,-98.2678,8,0,1,1,0,1,2,1,1,0
48,2016481871,481871,3,3,0,0,5,113,1730,20,7,2016,4,19,15,1,I-20 LBJ FWY,,32.67051944,-96.9724,12,1,1,1,0,1,1,1,1,2
48,2016481872,481872,1,1,0,1,1,113,1730,20,7,2016,4,20,15,8,SL12 BUCKNER BLVD,,32.76743333,-96.6826,8,0,1,1,0,1,1,1,1,0
48,2016481873,481873,1,1,0,1,1,355,1550,20,7,2016,4,6,10,3,SR-358 PADRE ISLAND DR,,27.68641389,-97.3258,9,0,1,1,0,1,4,1,1,0
48,2016481874,481874,1,1,0,0,2,453,330,20,7,2016,4,17,10,3,SR-130,,30.19990556,-97.6225,1,0,1,1,0,3,1,1,1,0
48,2016481875,481875,1,1,0,2,1,201,0,21,7,2016,5,20,40,4,CR-FALLBROOK DR,,29.92049167,-95.4516,8,0,1,1,0,1,3,10,1,0
48,2016481876,481876,2,2,0,0,4,39,0,22,7,2016,6,16,44,3,SR-35,,29.14357778,-95.5532,12,6,1,1,0,1,1,1,1,0
48,2016481877,481877,1,1,0,0,1,157,0,22,7,2016,6,21,53,4,CR-BLASE RD,,29.48795,-95.8791,59,0,1,1,0,4,2,1,1,0
48,2016481878,481878,2,2,0,0,2,209,6170,22,7,2016,6,2,43,1,I-35,,29.90395833,-97.9028,12,1,1,1,0,1,2,1,1,0
48,2016481879,481879,1,1,0,0,2,113,4530,23,7,2016,7,1,42,1,I-635,,32.82478333,-96.6303,43,0,5,1,1,8,3,1,1,1
48,2016481880,481880,1,1,0,0,1,439,0,23,7,2016,7,5,18,8,FM1886 CONFEDERATE PARK RD,CR-CATTLEBARON RD,32.82549444,-97.5436,30,0,1,1,0,4,2,1,1,0
48,2016481881,481881,1,1,0,0,2,29,0,24,7,2016,1,4,56,8,FM 2790,,29.21723889,-98.6625,53,0,1,1,0,4,2,1,1,0
48,2016481882,481882,2,2,0,0,2,245,490,24,7,2016,1,15,32,8,SP 380/ML KING PKWY,CALDER AVE,30.08563056,-94.1109,12,2,2,2,0,1,1,10,1,0
48,2016481883,481883,1,1,0,0,2,267,0,24,7,2016,1,13,34,1,I-10,,30.46251667,-99.7288,52,0,1,1,0,3,1,1,1,0
48,2016481884,481884,2,2,0,0,2,439,364,24,7,2016,1,13,41,8,FM 730/BOYD RD,,32.32211111,-95.4186,12,6,8,1,0,1,1,1,1,0
48,2016481885,481885,1,1,0,0,1,117,0,25,7,2016,2,16,3,2,US-60,,34.76741111,-102.458,31,0,1,1,0,3,1,1,1,0
48,2016481886,481886,2,2,0,0,2,423,0,25,7,2016,2,15,54,3,SR-49 LOOP TEXAS TOLL,,32.32211111,-95.4186,12,6,1,1,0,1,1,10,1,0
48,2016481887,481887,1,1,0,0,1,131,0,26,7,2016,3,10,18,3,SR-359,,27.51518056,-98.4805,23,0,1,1,0,4,1,10,1,0
48,2016481888,481888,2,2,0,0,2,213,0,26,7,2016,3,1,3,2,US-175,,32.09421111,-95.6351,12,2,1,1,1,1,2,1,1,0
48,2016481889,481889,1,1,0,0,1,467,0,26,7,2016,3,6,45,8,FM 16,,32.51248889,-95.7423,18,0,1,1,0,1,1,5,1,0
48,2016481890,481890,2,2,0,0,2,487,0,27,7,2016,4,7,54,2,US-70,,34.13491111,-99.3365,12,2,1,1,0,1,1,1,1,0
48,2016481891,481891,2,2,0,0,2,91,4870,28,7,2016,5,9,43,7,I-35,,29.72985278,-98.0765,12,1,8,1,0,1,1,10,1,0
48,2016481892,481892,1,1,0,1,1,201,0,28,7,2016,5,22,35,7,I-10/EAST FWY,,29.77091944,-95.1524,8,0,19,1,0,2,2,1,1,0
48,2016481893,481893,1,1,0,1,1,329,4560,28,7,2016,5,22,39,1,I-20 BUSINESS FRONT ST,TYLER ST,32.00172778,-102.063,8,0,3,3,0,1,2,1,1,0
48,2016481894,481894,1,1,0,0,1,277,0,29,7,2016,6,23,5,8,FM 38,,33.70645,-95.8113,30,0,1,1,0,4,2,1,1,0
48,2016481895,481895,1,1,0,0,1,323,0,29,7,2016,6,2,57,8,FM 1021,,28.57941111,-100.353,1,0,1,1,0,4,2,2,1,1
48,2016481896,481896,2,2,0,0,6,423,0,29,7,2016,6,14,33,3,SR-155/FRANKSTON HWY,,32.28013056,-95.3615,12,6,8,1,0,1,1,1,1,0
48,2016481897,481897,1,1,0,0,3,29,6090,30,7,2016,7,1,30,6,ZARZAMORA ST,,29.32661389,-98.5327,33,0,1,1,0,4,3,1,3,0
48,2016481898,481898,1,1,0,1,2,29,6090,30,7,2016,7,5,51,8,SP 368/AUSTIN HWY,,29.49630833,-98.4283,8,0,1,1,0,1,2,1,1,0
48,2016481899,481899,2,2,0,0,2,141,2190,30,7,2016,7,16,19,6,LOMALAND DR,BURNHAM RD,31.74109167,-106.333,12,6,2,2,0,1,1,1,1,0
48,2016481900,481900,1,1,0,0,2,181,6350,30,7,2016,7,15,12,6,FRISCO RD,,33.67684167,-96.586,19,0,1,1,0,5,1,1,1,1
48,2016481901,481901,3,3,0,0,5,439,2255,30,7,2016,7,14,54,7,SR-360,HARWOOD RD,32.85164167,-97.0652,12,6,2,2,0,1,1,1,2,0
48,2016481902,481902,2,2,0,0,3,141,2190,31,7,2016,1,0,13,2,US-85 PAISANO,SPUR 1966,31.76264722,-106.508,12,6,2,3,0,1,3,1,1,1
48,2016481903,481903,3,3,0,0,3,27,3690,1,8,2016,2,9,15,3,SR-201 CLEAR CREEK RD,JANELLE DR,31.10161389,-97.8041,12,6,2,3,0,1,1,1,1,0
48,2016481904,481904,1,1,0,0,1,139,7270,1,8,2016,2,13,32,8,BU-287R MAIN ST,,32.39366944,-96.8583,33,0,1,1,0,4,1,1,1,0
48,2016481905,481905,2,2,0,0,2,163,0,1,8,2016,2,5,41,8,FM 117,,28.78765556,-99.3212,12,2,1,1,0,1,2,1,1,0
48,2016481906,481906,1,1,0,0,1,439,9997,1,8,2016,2,23,43,8,FM 2499 INTERNATIONAL PKWY,,32.98402222,-97.0401,5,0,1,1,0,1,2,1,1,0
48,2016481907,481907,2,2,0,0,2,329,4560,2,8,2016,3,7,47,3,SR-158B BUSINESS ANDREWS HWY,,32.00325278,-102.131,12,6,1,1,0,1,1,1,1,0
48,2016481908,481908,1,1,0,1,4,215,4650,23,7,2016,7,20,44,3,SR-107 CONWAY AVE,9TH ST,26.21444444,-98.3259,8,0,3,2,0,1,3,1,1,0
48,2016481909,481909,2,2,0,0,3,29,6090,7,7,2016,5,11,0,6,LOOP 13 WW WHITE RD,LORD RD,29.41358889,-98.4055,12,2,2,2,0,1,1,1,1,0
48,2016481910,481910,2,2,0,0,6,91,0,9,7,2016,7,14,14,8,FM 306,CR-PURGATORY RD,29.84661944,-98.119,12,6,2,3,0,1,1,1,1,0
48,2016481911,481911,2,2,0,0,3,99,0,9,7,2016,7,20,0,4,CR-WHISPERING OAKS DR,,31.17463333,-97.9147,12,2,1,1,0,1,1,1,1,1
48,2016481912,481912,1,1,0,1,1,453,330,10,7,2016,1,23,40,6,BLUFF SPRINGS RD,CHATEAU VILLAGE WAY,30.17343889,-97.7688,9,0,3,3,0,1,2,1,1,0
48,2016481913,481913,1,1,0,0,1,135,5030,21,7,2016,5,19,1,6,EASTRIDGE RD,,31.89738889,-102.308,30,0,1,1,0,4,1,1,1,0
48,2016481914,481914,1,1,0,0,1,143,0,21,7,2016,5,12,27,2,US-67,,32.19340833,-98.128,52,0,1,1,0,4,1,1,1,0
48,2016481915,481915,2,2,0,0,2,401,0,22,7,2016,6,8,45,2,US-59,,31.8485,-94.4731,12,1,1,1,0,1,1,1,2,0
48,2016481916,481916,1,1,0,0,1,425,0,23,7,2016,7,11,10,8,FM 51,,32.19985278,-97.9003,42,0,1,1,0,4,1,1,1,0
48,2016481917,481917,2,2,0,0,3,91,0,25,7,2016,2,19,19,8,FM 3159,,29.81761111,-98.2957,12,2,1,1,0,1,1,10,2,0
48,2016481918,481918,2,2,0,0,4,201,0,27,7,2016,4,19,40,7,SR-249 TOMBALL PKWY,,30.04800833,-95.6135,12,7,18,1,0,1,1,1,1,0
48,2016481919,481919,1,1,0,0,1,265,3670,29,7,2016,6,1,8,3,SR-173 BANDERA HWY,,30.01851111,-99.1262,38,0,1,1,0,5,6,1,1,1
48,2016481920,481920,1,1,0,0,2,113,1730,30,7,2016,7,13,1,6,HAMPTON RD,,32.71439167,-96.8569,33,0,1,1,0,4,1,1,1,0
48,2016481921,481921,2,2,0,0,2,201,3280,1,8,2016,2,1,20,1,I-610 N LP E,,29.80932222,-95.3176,12,6,1,1,0,1,3,1,1,2
48,2016481922,481922,1,1,0,0,1,201,3280,2,8,2016,3,1,25,6,BAY AREA BLVD,SEAWOLF DR,29.55050278,-95.1264,42,0,3,2,0,3,3,1,1,1
48,2016481923,481923,2,2,0,0,2,39,5249,12,6,2016,1,3,4,8,FM518 BROADWAY ST,,29.55282222,-95.2559,12,6,1,1,0,1,3,10,1,1
48,2016481924,481924,1,1,0,2,1,113,1730,13,6,2016,2,4,51,1,I-35E STEMMONS FWY,,32.82245,-96.8705,8,0,1,1,0,1,3,10,2,0
48,2016481925,481925,1,1,0,0,1,491,1242,26,6,2016,1,3,54,6,TX HILL COUNTRY TRL 183A TLWY,,30.49343333,-97.8021,35,0,1,1,0,4,2,1,1,1
48,2016481926,481926,2,2,0,0,3,177,0,21,7,2016,5,16,28,8,FM108,,29.15100833,-97.1511,12,2,1,1,0,1,1,10,3,0
48,2016481927,481927,1,1,0,0,3,361,5100,23,7,2016,7,15,20,1,I-10,,30.11848611,-93.7898,25,0,1,1,0,3,1,1,1,0
48,2016481928,481928,1,1,0,1,3,201,3280,26,7,2016,3,6,0,2,US-59 SOUTHWEST FWY,,29.72929722,-95.4352,8,0,1,1,0,1,1,1,1,0
48,2016481929,481929,2,2,0,0,2,303,0,26,7,2016,3,10,49,2,US-62,,33.66251111,-101.694,12,1,1,1,0,1,1,1,1,0
48,2016481930,481930,3,3,0,0,3,31,0,27,7,2016,4,18,4,2,US-281,,30.15033611,-98.3941,12,8,1,1,0,1,1,1,1,0
48,2016481931,481931,1,1,0,1,1,419,0,28,7,2016,5,23,44,3,SR-7,,31.71556111,-94.2731,8,0,1,1,0,1,2,10,1,0
48,2016481932,481932,2,2,0,0,2,255,0,29,7,2016,6,7,20,2,US-181,,28.7658,-97.8521,12,2,1,1,0,1,1,1,1,0
48,2016481933,481933,1,1,0,0,1,29,6090,30,7,2016,7,12,54,2,US-281 MCALLISTER FWY,,29.4932,-98.4838,25,0,1,1,0,3,1,10,1,0
48,2016481934,481934,2,2,0,0,7,201,0,31,7,2016,1,3,8,3,SR-8 LOOP SAM HOUSTON TLWY,,29.891,-95.5494,12,1,1,1,0,1,3,10,1,1
48,2016481935,481935,2,2,0,0,3,209,6170,2,8,2016,3,18,5,3,SR-21 AIRPORT HWY,,29.8787,-97.9019,12,2,1,1,0,1,1,1,1,1
48,2016481936,481936,1,1,0,0,4,89,0,17,7,2016,1,9,31,1,I-10,,29.71899444,-96.4423,1,0,1,1,0,10,1,10,1,0
48,2016481937,481937,2,2,0,0,2,141,2190,19,7,2016,3,12,20,6,MONTWOOD DR,MERMAID DR,31.76941667,-106.311,12,6,2,3,0,1,1,1,1,1
48,2016481938,481938,2,1,1,2,1,355,1550,20,7,2016,4,0,56,6,GULF BEACH RD,,27.55044722,-97.2368,14,0,1,1,0,1,2,1,2,1
48,2016481939,481939,2,2,0,0,2,59,0,21,7,2016,5,0,54,1,I-20,,32.43372778,-99.6142,12,2,1,1,0,1,2,1,1,1
48,2016481940,481940,1,1,0,0,1,175,0,24,7,2016,1,23,11,2,US-59,,28.68171667,-97.3106,1,0,1,1,1,4,2,1,1,1
48,2016481941,481941,1,1,0,0,3,143,0,25,7,2016,2,13,30,2,US-67,,32.05802778,-98.3739,1,0,1,1,0,3,1,1,1,0
48,2016481942,481942,2,2,0,0,4,157,0,25,7,2016,2,18,0,3,SR-36,FM1489,29.60393333,-95.9779,12,6,2,2,0,1,1,2,1,0
48,2016481943,481943,3,3,0,0,3,85,92,26,7,2016,3,19,31,6,BETHANY DR,,33.09038056,-96.6734,58,0,1,1,0,3,1,1,1,1
48,2016481944,481944,1,1,0,0,2,287,0,26,7,2016,3,4,40,8,FM448,,30.13210278,-96.9713,1,0,1,1,1,4,2,1,1,0
48,2016481945,481945,1,1,0,0,1,339,0,26,7,2016,3,13,16,8,FM1314 CONROE PORTER RD,,30.26101111,-95.4019,1,0,1,1,0,4,1,1,1,0
48,2016481946,481946,2,2,0,0,2,463,0,27,7,2016,4,15,50,2,US-90,,29.24291944,-100.082,12,2,1,1,0,1,1,10,1,0
48,2016481947,481947,1,1,0,0,1,61,0,28,7,2016,5,11,5,8,FM1847 PAREDES LINE RD,,26.2432,-97.4611,30,0,1,1,0,4,1,1,1,0
48,2016481948,481948,3,3,0,0,7,469,0,28,7,2016,5,8,15,2,US-59,,28.85493611,-96.8851,12,2,1,1,0,1,1,10,1,0
48,2016481949,481949,3,3,0,0,4,113,2800,29,7,2016,6,14,28,7,SR-161/190,SS303 WARRIOR TRL,32.69860833,-97.0252,12,11,2,2,0,1,1,1,1,0
48,2016481950,481950,1,1,0,0,1,287,0,30,7,2016,7,18,28,3,SR-21,,30.32668889,-96.9198,38,0,1,1,0,5,1,1,1,0
48,2016481951,481951,1,1,0,0,1,113,0,31,7,2016,1,12,0,4,CR-BECKETT RD,,32.64821389,-96.6101,42,0,1,1,0,4,1,1,1,0
48,2016481952,481952,1,1,0,1,1,113,3420,31,7,2016,1,2,34,3,SR-12 LOOP WALTON WALKER BLVD,,32.84131944,-96.9149,8,0,20,1,1,1,2,1,1,0
48,2016481953,481953,1,1,0,0,1,129,0,31,7,2016,1,3,50,2,US-287,,34.88784167,-100.75,24,0,1,1,0,3,2,1,1,1
48,2016481954,481954,1,1,0,1,1,201,3280,31,7,2016,1,3,54,1,I-45 NORTH FWY,,29.86282222,-95.4039,8,0,20,1,0,1,3,1,1,0
48,2016481955,481955,2,2,0,0,3,363,4630,31,7,2016,1,16,29,2,US-180 HWY,FM 1821,32.81076944,-98.0829,12,98,2,2,0,1,1,1,1,0
48,2016481956,481956,2,2,0,0,2,423,0,31,7,2016,1,11,52,3,SR-31,,32.35917222,-95.1892,12,6,8,1,0,1,1,1,1,0
48,2016481957,481957,2,1,1,0,1,85,7620,1,8,2016,2,15,53,3,SR-78,,33.01060833,-96.5417,30,0,1,1,0,4,1,1,1,0
48,2016481958,481958,1,1,0,1,1,203,4360,1,8,2016,2,23,25,3,SR-32 KARNACK HWY,,32.55719444,-94.3196,8,0,1,1,0,1,3,1,1,0
48,2016481959,481959,2,2,0,0,2,315,0,1,8,2016,2,13,0,8,FM 729,,32.82980833,-94.6163,12,2,1,1,0,4,1,1,1,0
48,2016481960,481960,2,1,1,1,1,381,0,1,8,2016,2,23,21,1,I-27,,35.03180278,-101.919,14,0,1,1,0,2,2,1,1,1
48,2016481961,481961,1,1,0,0,1,293,0,2,8,2016,3,14,30,2,US-84,,31.68575278,-96.4349,1,0,1,1,0,1,1,1,1,0
48,2016481962,481962,2,2,0,0,5,325,0,2,8,2016,3,19,0,8,FM 471,,29.46681944,-98.8792,12,2,1,1,0,1,1,1,1,0
48,2016481963,481963,1,1,0,0,1,339,0,2,8,2016,3,7,48,3,SR-99 TOLL,,30.13057778,-95.2427,26,0,1,1,0,3,2,1,1,1
48,2016481964,481964,2,2,0,0,2,201,3280,3,8,2016,4,16,31,6,JEANETTA ST,,29.72516944,-95.5251,12,2,1,1,0,1,1,1,1,0
48,2016481965,481965,1,1,0,0,4,209,0,3,8,2016,4,0,44,8,FM 150,,30.07853889,-98.0046,42,0,1,1,0,4,2,1,1,0
48,2016481966,481966,1,1,0,0,1,361,0,3,8,2016,4,23,0,8,FM 2802,,30.23330278,-94.0033,11,0,1,1,0,1,2,1,1,1
48,2016481967,481967,2,1,1,0,3,403,0,3,8,2016,4,9,2,3,SR-87,SR-21,31.43210556,-93.8463,1,0,3,2,0,5,1,1,1,0
48,2016481968,481968,2,2,0,0,3,1,5170,5,8,2016,6,8,8,2,US-79 OAK ST,,31.74951944,-95.6505,12,2,1,1,0,1,1,1,1,0
48,2016481969,481969,1,1,0,0,1,27,6810,5,8,2016,6,5,47,7,US-190 HK DODGEN LOOP,,31.08405278,-97.3848,25,0,1,1,0,4,3,1,1,0
48,2016481970,481970,3,3,0,0,6,161,0,5,8,2016,6,0,30,1,I-45,,31.58638611,-96.1506,12,1,1,1,0,1,2,10,1,0
48,2016481971,481971,2,2,0,0,2,303,0,5,8,2016,6,4,27,2,US-62,FM 1585,33.49044167,-102.043,12,6,2,2,0,1,2,1,1,1
48,2016481973,481973,1,1,0,0,2,217,0,6,8,2016,7,20,10,4,CR-2115,,31.90413889,-97.2967,35,0,1,1,0,4,1,1,1,0
48,2016481974,481974,1,1,0,0,2,41,970,7,8,2016,1,0,12,8,FM 1179 VILLA MARIA RD,JONES RD,30.60921944,-96.4072,31,0,3,2,0,5,2,1,1,0
48,2016481975,481975,2,2,0,0,2,201,3280,7,8,2016,1,5,40,7,SL-8 SAM HOUSTON PKWY,GENOA RED BLUFF RD,29.63071667,-95.171,12,1,3,2,0,1,2,10,1,0
48,2016481976,481976,1,1,0,1,1,407,6344,9,8,2016,3,2,39,7,US-59,,30.48753611,-94.9945,8,0,1,1,0,1,3,1,1,0
48,2016481977,481977,2,2,0,0,2,367,0,15,7,2016,6,8,0,3,SR-171,,32.68568611,-97.7566,12,8,1,1,0,1,1,10,1,0
48,2016481978,481978,1,1,0,1,1,141,2190,27,7,2016,4,19,14,6,PENDALE,,31.70701944,-106.332,8,0,1,1,0,1,5,1,1,0
48,2016481979,481979,3,3,0,0,7,199,0,29,7,2016,6,6,40,3,SR-105,CR-STONE WALL RD,30.15441944,-94.4671,12,1,3,3,0,1,1,1,1,0
48,2016481980,481980,3,3,0,0,4,85,92,31,7,2016,1,1,29,2,US-85 / SR-75 CENTRAL EXPY,,33.09997778,-96.6784,12,2,18,1,1,1,2,1,1,0
48,2016481981,481981,2,2,0,0,2,113,1730,31,7,2016,1,1,41,8,SL12 WALTON WALKER FWY,,32.74212222,-96.9193,12,7,1,1,0,1,3,1,1,1
48,2016481982,481982,1,1,0,1,2,113,2590,31,7,2016,1,3,23,1,I-635 LBJ FWY,,32.86386944,-96.6612,8,0,1,1,0,1,3,1,1,0
48,2016481983,481983,1,1,0,0,1,305,0,3,8,2016,4,15,20,8,FM2192,,33.38911111,-101.774,1,0,1,1,0,1,1,1,1,1
48,2016481984,481984,8,1,7,1,4,113,1730,5,8,2016,6,21,45,6,LAKE JUNE RD,HOLCOMB RD,32.73426667,-96.6743,8,0,3,2,0,1,3,1,1,0
48,2016481985,481985,2,2,0,0,4,5,0,6,8,2016,7,15,2,2,US-69,CR-CHIMNEY ROCK,31.38361667,-94.7724,12,6,2,3,0,1,1,1,1,0
48,2016481986,481986,1,1,0,0,1,29,6090,6,8,2016,7,2,34,7,I-10,,29.56806944,-98.592,33,0,8,1,0,4,3,1,1,1
48,2016481987,481987,1,1,0,0,1,339,0,6,8,2016,7,0,3,4,CR-2432 WILLIS WAUKEGAN RD,,30.38379444,-95.4011,18,0,1,1,0,4,2,1,1,1
48,2016481988,481988,1,1,0,0,2,485,7490,6,8,2016,7,1,25,6,HARDING ST,,33.91389722,-98.4632,33,0,1,1,0,4,3,1,2,1
48,2016481989,481989,2,2,0,0,3,29,6090,7,8,2016,1,21,15,1,I-10,,29.39609167,-98.4979,12,1,1,1,0,1,3,1,1,1
48,2016481990,481990,2,2,0,0,5,91,4870,7,8,2016,1,22,51,8,FM306,HUNTER RD,29.74415556,-98.0978,12,6,2,2,0,1,3,1,1,0
48,2016481991,481991,1,1,0,1,1,113,3420,7,8,2016,1,5,58,6,SHADY GROVE RD,,32.80110833,-96.952,9,0,1,1,0,1,3,1,1,0
48,2016481992,481992,3,3,0,0,3,29,6090,8,8,2016,2,16,32,1,I-410 RAMP,,29.39640278,-98.4796,12,1,20,1,0,1,1,1,1,0
48,2016481993,481993,1,1,0,1,1,29,6090,8,8,2016,2,22,34,8,FM 2696/BLANCO AVE,,29.54876389,-98.5105,8,0,1,1,0,11,3,1,1,0
48,2016481994,481994,1,1,0,0,1,113,1730,8,8,2016,2,1,5,6,WESTMORELAND RD,,32.79743056,-96.8737,25,0,1,1,0,3,3,1,1,1
48,2016481995,481995,1,1,0,0,1,403,0,8,8,2016,2,7,25,8,FM 1/BRONSON RD,,31.37108056,-93.9959,1,0,1,1,0,4,1,1,1,0
48,2016481996,481996,2,2,0,0,3,113,1730,9,8,2016,3,23,33,1,I-45/JULIUS SCHEPPS FWY,,32.76448333,-96.7757,12,1,1,1,1,1,3,1,1,1
48,2016481997,481997,1,1,0,0,1,291,1770,9,8,2016,3,18,1,2,US-90,,30.00035556,-94.9494,58,0,1,1,0,5,1,1,1,1
48,2016481998,481998,1,1,0,1,2,29,6090,10,8,2016,4,22,39,6,CULEBRA RD,,29.44930833,-98.5684,8,0,1,1,0,1,3,10,1,0
48,2016481999,481999,1,1,0,0,5,479,3899,9,1,2016,7,10,30,2,US-83/ZAPATA HWY,,27.39293611,-99.4765,5,0,7,1,0,1,1,1,1,0
48,2016482000,482000,1,1,0,1,2,479,3899,31,3,2016,5,9,33,6,SAN LORENZO DR,,27.58669167,-99.508,8,0,1,1,0,1,1,1,1,0
48,2016482001,482001,2,1,1,0,1,215,0,3,7,2016,1,0,20,8,FM 2812,,26.38298889,-98.1262,38,0,1,1,0,5,2,1,1,0
48,2016482002,482002,1,1,0,0,2,479,3899,3,6,2016,6,8,11,6,SANTA MARIA AVE,,27.5152,-99.5102,38,0,1,1,0,5,1,1,1,1
48,2016482003,482003,2,2,0,0,3,39,0,15,7,2016,6,12,24,3,SR-6,CR-146/SCHROEDER LN,29.44716111,-95.2976,12,1,3,2,0,1,1,1,1,0
48,2016482004,482004,1,1,0,1,1,167,0,17,7,2016,1,19,34,4,CR-10TH ST,,29.50688056,-94.9888,8,0,1,1,0,1,1,1,1,1
48,2016482005,482005,3,3,0,0,7,39,0,19,7,2016,3,14,45,3,SR-36,,28.95033889,-95.3898,12,2,1,1,0,1,1,10,2,1
48,2016482006,482006,2,2,0,0,2,135,0,24,7,2016,1,23,4,2,US-385,,31.72316944,-102.352,12,2,1,1,0,1,2,1,1,1
48,2016482008,482008,2,2,0,0,2,497,0,27,7,2016,4,15,22,2,US-81,,33.34018056,-97.6779,12,1,1,1,0,1,7,2,1,0
48,2016482009,482009,1,1,0,0,1,27,6810,29,7,2016,6,19,21,8,FM 93,,31.04170833,-97.414,59,0,1,1,0,4,1,1,1,1
48,2016482010,482010,1,1,0,0,2,215,0,29,7,2016,6,2,36,4,CR-VICTORIA RD,,26.16066944,-98.0315,1,0,1,1,0,4,2,1,1,1
48,2016482011,482011,2,2,0,0,4,113,2590,26,7,2016,3,23,25,1,I-30,,32.84114444,-96.5931,12,1,1,1,0,1,2,1,1,1
48,2016482012,482012,2,2,0,0,2,201,0,31,7,2016,1,18,17,3,SR-249/MOUNT HOUSTON RD,,29.89796389,-95.4328,12,2,1,1,0,1,1,1,1,1
48,2016482013,482013,2,2,0,0,2,423,0,1,8,2016,2,13,0,1,I-20,,32.44868889,-95.1842,12,1,1,1,1,1,1,1,1,0
48,2016482014,482014,1,1,0,0,2,273,0,2,8,2016,3,18,0,2,US-77,,27.43978889,-97.8559,42,0,1,1,0,4,1,1,1,0
48,2016482015,482015,1,1,0,0,1,473,0,2,8,2016,3,0,25,4,CR-COCHRAN RD,CR-BETKA RD,30.02155,-95.9898,42,0,3,2,0,4,2,1,1,0
48,2016482016,482016,1,1,0,0,1,61,0,3,8,2016,4,17,50,4,CR-FM 1575/OLD ALICE RD,CR-GAYNOR ST,26.06728056,-97.5002,1,0,3,3,0,4,1,1,1,1
48,2016482017,482017,2,2,0,0,2,453,0,3,8,2016,4,5,31,3,SR-71,,30.18007778,-97.5362,12,6,7,1,0,1,2,1,1,0
48,2016482018,482018,2,2,0,0,4,409,0,4,8,2016,5,16,52,8,FM 631,,27.93988333,-97.4571,12,1,1,1,0,1,1,1,1,0
48,2016482019,482019,2,2,0,0,2,61,940,5,8,2016,6,2,37,1,I-69E,,26.04594444,-97.5506,12,2,1,1,0,1,3,10,1,0
48,2016482020,482020,1,1,0,0,1,291,0,5,8,2016,6,21,8,4,CR-FM 1010/PLUM GROVE RD,,30.1859,-95.0956,32,0,1,1,0,4,2,1,1,0
48,2016482021,482021,1,1,0,0,1,389,0,5,8,2016,6,17,30,4,CR-409,,31.39125,-103.602,10,0,6,1,0,1,1,1,1,0
48,2016482022,482022,2,2,0,0,3,113,1730,6,8,2016,7,22,17,3,SR-180 DAVIS ST,CHALK HILL RD,32.74975,-96.9023,12,1,3,3,0,1,3,1,1,1
48,2016482023,482023,2,2,0,0,2,201,0,6,8,2016,7,3,10,2,US-90,CR-LINDSTROM RD,29.92291111,-95.0414,12,1,2,2,0,1,2,1,1,1
48,2016482024,482024,1,1,0,1,1,225,0,6,8,2016,7,20,43,3,SR-7,,31.30568889,-95.5032,49,0,1,1,0,1,5,1,1,0
48,2016482025,482025,1,1,0,0,1,401,0,6,8,2016,7,19,15,2,US-79,,32.0231,-94.9526,1,0,1,1,0,4,1,1,1,1
48,2016482026,482026,1,1,0,1,4,439,260,6,8,2016,7,21,20,3,SR-360,,32.76238333,-97.0632,8,0,1,1,0,1,3,1,1,0
48,2016482027,482027,1,1,0,0,5,201,3280,7,8,2016,1,15,28,1,I-69/EASTEX FWY,,29.97907778,-95.278,1,0,1,1,0,10,1,1,1,0
48,2016482028,482028,1,1,0,1,2,321,0,7,8,2016,1,20,50,8,FM 457,,28.92855,-95.7143,8,0,8,1,0,1,2,1,1,0
48,2016482029,482029,2,2,0,0,5,201,0,8,8,2016,2,22,40,3,SR-99/GRAND PKWY,,29.77206944,-95.7774,12,6,1,1,0,1,3,1,1,0
48,2016482030,482030,1,1,0,1,1,201,0,9,8,2016,3,10,40,8,FM 1960,CR-LAKE HOUSTON PKWY,30.01901944,-95.1103,9,0,3,2,0,1,1,1,1,0