STATE,YEAR_ST_CASE,ST_CASE,VE_TOTAL,VE_FORMS,PVH_INVL,PEDS,PERSONS,COUNTY,CITY,DAY,MONTH,YEAR,DAY_WEEK,HOUR,MINUTE,ROUTE,TWAY_ID,TWAY_ID2,LATITUDE,LONGITUD,HARM_EV,MAN_COLL,RELJCT2,TYP_INT,WRK_ZONE,REL_ROAD,LGT_COND,WEATHER,FATALS,DRUNK_DR
48,2016482031,482031,1,1,0,0,1,375,150,9,8,2016,3,0,40,6,LAWRENCE BLVD,,35.19539444,-101.898,31,0,1,1,0,4,2,2,1,0
48,2016482032,482032,2,2,0,0,4,409,3380,9,8,2016,3,18,16,3,SR-361,AVENUE A,27.87423611,-97.1952,12,6,2,2,0,1,1,1,1,0
48,2016482033,482033,1,1,0,0,1,29,6090,10,8,2016,4,7,9,3,SR-151,,29.43203889,-98.6356,24,0,1,1,1,3,1,1,1,0
48,2016482034,482034,1,1,0,0,2,231,0,10,8,2016,4,19,0,8,FM 1565,,32.86943056,-96.2598,53,0,1,1,0,4,1,1,1,0
48,2016482035,482035,3,2,1,1,4,297,0,10,8,2016,4,5,0,2,US-59,,28.21161111,-98.2328,12,11,1,1,0,1,2,10,1,0
48,2016482036,482036,1,1,0,1,2,113,1730,11,8,2016,5,22,13,1,I-635/LYNDON B JOHNSON FWY,,32.89693889,-96.7133,8,0,1,1,0,1,3,1,1,0
48,2016482037,482037,2,2,0,0,3,407,0,11,8,2016,5,8,38,3,SR-150,,30.55415,-95.2631,12,1,1,1,0,1,1,1,1,0
48,2016482038,482038,1,1,0,1,1,423,0,11,8,2016,5,5,50,3,SR-110,,32.39021944,-95.3658,9,0,1,1,0,1,2,1,1,0
48,2016482039,482039,1,1,0,0,1,439,2450,11,8,2016,5,1,6,6,ANGLE AVE,,32.80436944,-97.3652,17,0,1,1,0,4,2,1,1,1
48,2016482040,482040,3,2,1,0,1,27,3690,12,8,2016,6,4,27,2,US-190 BUSINESS VETERANS MEM,TWIN CREEK DR,31.098325,-97.6942,14,0,3,2,0,5,3,10,1,1
48,2016482041,482041,2,2,0,0,2,99,1540,12,8,2016,6,7,6,2,US-190E BUSINESS,,31.12004167,-97.8918,12,2,1,1,0,1,1,1,1,1
48,2016482042,482042,1,1,0,0,1,113,3420,12,8,2016,6,5,58,1,I-635 LBJ FWY,VALLEY VIEW LN,32.91252222,-96.9397,33,0,3,2,0,4,3,1,1,1
48,2016482043,482043,2,2,0,0,5,221,0,12,8,2016,6,15,28,8,FM 51,,32.40018056,-97.8273,12,2,1,1,0,1,1,2,1,0
48,2016482044,482044,3,3,0,0,7,29,6090,13,8,2016,7,22,3,1,I-35,,29.31286389,-98.6127,12,1,1,1,0,1,2,10,1,0
48,2016482045,482045,2,2,0,0,2,71,7244,13,8,2016,7,16,31,1,I-10,,29.83996667,-94.7045,12,98,1,1,0,1,1,1,1,0
48,2016482046,482046,1,1,0,0,1,401,0,13,8,2016,7,5,25,2,US-79,,32.03773889,-94.937,32,0,1,1,0,4,2,10,1,1
48,2016482047,482047,1,1,0,1,1,453,330,13,8,2016,7,2,7,1,I-35,,30.24836944,-97.7354,8,0,18,1,0,1,3,1,1,0
48,2016482048,482048,2,2,0,0,2,303,4140,14,8,2016,1,19,16,7,SL 289,,33.58708056,-101.939,12,1,1,1,0,1,1,10,1,1
48,2016482049,482049,2,2,0,0,2,5,0,15,8,2016,2,1,48,3,SR-103,,31.34451111,-94.6084,12,2,1,1,0,1,2,1,1,0
48,2016482050,482050,1,1,0,1,1,29,6090,15,8,2016,2,5,31,3,SR-151,,29.43275278,-98.6326,8,0,20,1,0,1,3,10,1,0
48,2016482051,482051,2,2,0,0,3,317,0,29,7,2016,6,16,33,3,SR-349,,32.44476944,-102.093,12,1,1,1,0,1,1,1,1,0
48,2016482052,482052,1,1,0,1,1,215,0,1,8,2016,2,3,7,2,US-281,,26.64768889,-98.1107,8,0,1,1,0,1,2,1,1,0
48,2016482053,482053,2,2,0,0,4,355,0,2,8,2016,3,18,30,8,FM 665,,27.71064722,-97.8784,12,2,1,1,0,1,1,10,1,0
48,2016482054,482054,2,2,0,0,7,497,1780,8,8,2016,2,17,50,8,BU-380 F,DEERPARK RD,33.23073333,-97.6069,12,6,2,2,0,1,1,1,1,0
48,2016482055,482055,2,2,0,0,2,21,0,9,8,2016,3,6,55,2,US-290,FM 696,30.31072778,-97.3052,12,6,2,2,0,1,3,1,1,0
48,2016482056,482056,3,3,0,0,6,5,0,10,8,2016,4,19,0,2,US-59,,31.42341667,-94.7245,12,2,1,1,0,2,1,1,2,0
48,2016482057,482057,1,1,0,1,1,423,7070,11,8,2016,5,22,27,2,US-69 BROADWAY AVE,HERITAGE DR,32.26667778,-95.3072,8,0,3,2,0,1,2,10,1,0
48,2016482058,482058,2,2,0,0,2,493,0,13,8,2016,7,22,5,3,SR-97,,29.04290278,-98.3079,11,0,1,1,0,1,2,10,1,0
48,2016482059,482059,2,2,0,0,4,339,6884,14,8,2016,1,18,40,3,SR-242,CR-WINDVALE CIR,30.22149444,-95.5073,12,6,2,2,0,1,1,2,1,1
48,2016482060,482060,1,1,0,0,2,423,0,14,8,2016,1,6,42,1,I-20,,32.48208056,-95.5089,52,0,1,1,0,4,2,10,2,0
48,2016482061,482061,1,1,0,1,1,339,0,3,8,2016,4,19,50,4,CR-CALVARY RD,,30.46384444,-95.5295,9,0,1,1,0,1,5,1,1,0
48,2016482062,482062,1,1,0,0,1,231,0,6,8,2016,7,11,5,3,SR-224,,33.239375,-95.9392,53,0,5,1,0,4,1,1,1,0
48,2016482063,482063,2,2,0,0,5,209,0,11,8,2016,5,15,33,2,US-290,HOLDER LN,30.1982,-98.162,12,6,2,3,0,1,1,1,2,0
48,2016482064,482064,2,2,0,0,2,491,5990,12,8,2016,6,8,14,6,UNIVERSITY BLVD,,30.56731111,-97.6645,12,6,1,1,0,1,1,10,1,0
48,2016482065,482065,1,1,0,1,1,113,1730,13,8,2016,7,6,30,6,JIM MILLER RD,EVERGLADE RD,32.78540278,-96.7,8,0,3,2,0,1,1,10,1,0
48,2016482066,482066,1,1,0,0,1,121,0,15,8,2016,2,11,30,8,FM 156,,33.28075556,-97.2267,32,0,1,1,0,4,1,10,1,0
48,2016482067,482067,2,2,0,0,3,491,5990,17,8,2016,4,13,2,6,GATTIS SCHOOL RD,,30.495975,-97.6673,33,0,1,1,0,4,1,10,1,0
48,2016482068,482068,4,4,0,0,12,113,2590,13,4,2016,4,23,4,1,I-635 LBJ FWY,LA PRADA DR,32.84678333,-96.6375,12,1,1,1,0,1,2,10,2,0
48,2016482069,482069,1,1,0,1,1,29,6090,4,5,2016,4,19,10,6,CITY-BASE LANDING,,29.35018056,-98.4351,8,0,1,1,0,1,1,1,1,0
48,2016482070,482070,1,1,0,1,1,29,6090,13,6,2016,2,0,19,6,IGRAM RD,QUIVER DR,29.46635,-98.6082,9,0,3,3,0,1,3,10,1,0
48,2016482071,482071,1,1,0,0,1,39,5249,3,7,2016,1,20,42,6,BAILEY AVE,,29.52994722,-95.3583,1,0,1,1,0,1,1,1,1,1
48,2016482072,482072,1,1,0,0,2,201,3280,11,7,2016,2,0,35,1,I-10 KATY FWY,,29.77938056,-95.4506,25,0,19,1,0,10,3,1,1,1
48,2016482073,482073,1,1,0,1,1,499,70,22,7,2016,6,14,24,3,SR-182 HOLLEY ST,,32.79303611,-95.6257,8,0,1,1,1,1,1,1,1,0
48,2016482074,482074,1,1,0,1,3,201,3280,25,7,2016,2,2,40,6,SANDS POINT DR,,29.71445556,-95.5394,8,0,1,1,0,4,3,1,1,1
48,2016482075,482075,1,1,0,1,4,461,5650,2,8,2016,3,21,6,2,US-67,,31.22156944,-101.941,8,0,1,1,0,1,3,1,1,0
48,2016482076,482076,2,2,0,1,2,355,1550,3,8,2016,4,21,40,6,FLOUR BLUFF DR,,27.66156111,-97.3053,8,0,1,1,0,11,2,1,1,0
48,2016482078,482078,1,1,0,0,1,505,0,5,8,2016,6,22,35,2,US-83,,27.17290278,-99.4215,32,0,1,1,0,4,2,1,1,1
48,2016482079,482079,1,1,0,0,2,479,0,6,8,2016,7,6,30,2,US-83,,27.35697778,-99.4563,1,0,1,1,0,4,2,1,1,1
48,2016482080,482080,1,1,0,1,1,141,2190,7,8,2016,1,6,37,3,SR-62 PAISANO DR,EL PASO ST,31.75505278,-106.488,8,0,2,2,0,1,4,1,1,0
48,2016482081,482081,1,1,0,0,8,131,0,7,8,2016,1,15,43,3,SR-44,,27.78360556,-98.3302,1,0,1,1,0,1,1,1,1,0
48,2016482082,482082,2,2,0,0,2,251,3593,7,8,2016,1,9,20,2,US-67 KATHERINE P RAINS RD,FM2280 WALLEN RIDGE RD,32.38550556,-97.3425,12,2,2,3,1,1,1,1,1,0
48,2016482083,482083,2,2,0,0,2,39,0,8,8,2016,2,14,51,8,FM523,,29.03637222,-95.3326,12,2,1,1,0,1,1,1,1,1
48,2016482084,482084,3,2,1,0,4,139,0,8,8,2016,2,18,0,1,I-35E,,32.21436389,-96.8905,14,0,1,1,0,2,1,1,2,0
48,2016482085,482085,2,2,0,0,2,185,0,8,8,2016,2,14,45,8,FM149,,30.54525556,-95.8784,12,6,1,1,0,1,1,1,1,0
48,2016482086,482086,2,2,0,0,4,201,3280,9,8,2016,3,22,10,1,I-45 GULF FWY,,29.585675,-95.183,12,1,1,1,0,1,2,1,2,1
48,2016482087,482087,3,3,0,0,4,453,330,9,8,2016,3,16,31,8,FM1327,,30.11256389,-97.8018,12,8,1,1,0,1,1,1,1,0
48,2016482088,482088,2,2,0,0,2,375,0,10,8,2016,4,7,55,8,SL335 ST FRANCIS AVE,FM1912,35.26491111,-101.747,12,6,2,3,0,1,1,1,1,0
48,2016482089,482089,1,1,0,1,1,201,0,11,8,2016,5,21,2,4,CR-HOPPER RD,,29.87949722,-95.3484,8,0,1,1,0,1,2,1,1,0
48,2016482090,482090,1,1,0,1,2,167,0,12,8,2016,6,23,0,3,SR-87,,29.51508056,-94.482,8,0,1,1,0,1,2,10,1,0
48,2016482091,482091,1,1,0,0,3,217,0,12,8,2016,6,14,18,1,I-35W,,32.24278056,-97.1586,1,0,1,1,0,4,1,1,1,0
48,2016482092,482092,1,1,0,0,1,289,1280,12,8,2016,6,13,33,8,FM1119 CASS ST,,31.244475,-95.9643,32,0,1,1,0,4,1,1,1,0
48,2016482093,482093,1,1,0,1,5,71,0,12,8,2016,6,22,0,1,I-10,,29.83523889,-94.5485,8,0,1,1,0,1,2,1,1,0
48,2016482094,482094,2,2,0,0,2,85,2320,13,8,2016,7,6,0,2,US-380 AUDIE MURPHY PKWY,,33.15377778,-96.2965,12,2,1,1,0,1,2,10,1,1
48,2016482095,482095,1,1,0,0,11,177,0,13,8,2016,7,9,8,1,I-10,,29.68416111,-97.2659,1,0,1,1,0,1,1,10,3,0
48,2016482096,482096,2,2,0,0,3,201,0,13,8,2016,7,1,10,4,CR-MOUNT HOUSTON RD,,29.89162778,-95.2666,12,6,1,1,0,1,2,1,1,1
48,2016482097,482097,1,1,0,1,2,215,4197,13,8,2016,7,6,15,3,SR-336 10TH ST,WISTERIA AVE,26.24745556,-98.2225,8,0,2,3,0,1,4,1,1,0
48,2016482098,482098,3,3,0,1,4,231,2860,13,8,2016,7,16,20,3,SR-34,,33.09580278,-96.1098,8,0,1,1,0,1,1,1,1,1
48,2016482099,482099,1,1,0,0,3,339,6884,13,8,2016,7,13,23,6,WOODLANDS PKWY,,30.16013056,-95.4977,35,0,1,1,0,3,1,1,1,0
48,2016482100,482100,2,2,0,0,2,483,0,13,8,2016,7,22,20,1,I-40,,35.22663333,-100.016,12,1,1,1,0,1,2,1,1,0
48,2016482101,482101,1,1,0,0,1,485,0,13,8,2016,7,3,50,2,US-287,,34.03932778,-98.9001,1,0,1,1,0,3,2,1,1,0
48,2016482102,482102,1,1,0,0,3,201,3280,14,8,2016,1,3,0,6,GESSNER DR,,29.73509444,-95.5392,33,0,1,1,0,3,3,2,1,1
48,2016482103,482103,2,2,0,0,5,209,0,14,8,2016,1,15,24,7,I-35,,29.80641944,-98.0095,12,2,1,1,0,1,1,2,1,0
48,2016482104,482104,1,1,0,0,2,397,5910,14,8,2016,1,10,56,7,I-30,,32.91354722,-96.4416,1,0,1,1,0,4,1,10,1,0
48,2016482105,482105,2,2,0,0,3,497,0,14,8,2016,1,4,50,2,US-81,,33.12503056,-97.489,12,2,1,1,0,1,2,1,2,2
48,2016482106,482106,1,1,0,0,1,143,0,15,8,2016,2,14,29,8,FM 1188,,32.36898889,-98.0742,1,0,1,1,0,4,1,10,1,0
48,2016482107,482107,2,2,0,0,2,181,0,15,8,2016,2,12,35,8,FM 121,,33.42323056,-96.6353,12,2,1,1,0,1,1,2,1,0
48,2016482108,482108,1,1,0,1,1,201,3280,15,8,2016,2,10,25,6,BLALOCK RD,,29.78572222,-95.5213,8,0,1,1,0,1,1,10,1,0
48,2016482109,482109,1,1,0,0,1,135,0,16,8,2016,3,2,15,4,CR-DUNN ST,CR-TRIPP AVE,31.82061944,-102.472,38,0,3,3,0,5,2,1,1,1
48,2016482110,482110,1,1,0,0,3,51,1070,17,8,2016,4,7,43,6,6TH ST,,30.52465,-96.707,5,0,8,1,0,1,1,10,1,0
48,2016482111,482111,1,1,0,1,1,97,2550,17,8,2016,4,20,42,1,I-35,,33.64839444,-97.1559,8,0,1,1,0,1,3,1,1,0
48,2016482112,482112,1,1,0,0,1,171,0,18,8,2016,5,18,10,2,US-87,,30.18676944,-98.8744,38,0,1,1,0,5,1,2,1,0
48,2016482113,482113,1,1,0,0,4,219,0,18,8,2016,5,18,16,4,CR-ELLIS ST,,33.59915833,-102.201,1,0,1,1,0,1,1,1,1,1
48,2016482114,482114,1,1,0,0,1,363,0,18,8,2016,5,9,10,3,SR-16,,33.00358056,-98.4259,59,0,1,1,0,4,1,2,1,0
48,2016482115,482115,2,2,0,1,2,439,2450,18,8,2016,5,6,29,1,I-30 WEST FWY,,32.7329,-97.3729,12,1,18,1,0,1,6,1,1,0
48,2016482116,482116,1,1,0,1,1,439,2450,18,8,2016,5,7,0,6,SEMINARY DR,,32.68484444,-97.2913,8,0,1,1,0,99,6,10,1,0
48,2016482117,482117,2,2,0,0,2,491,2620,18,8,2016,5,15,26,7,I-35,FM 2338,30.65030833,-97.6802,12,6,2,2,0,1,1,10,1,0
48,2016482118,482118,1,1,0,1,1,201,3280,19,8,2016,6,16,3,6,TELEPHONE RD,OAKCLIFF ST,29.71430278,-95.3178,8,0,3,2,0,1,1,2,1,0
48,2016482119,482119,1,1,0,0,1,439,2450,19,8,2016,6,19,5,8,SS-97 INTERNATIONAL PKWY,,32.83885833,-97.0445,24,0,5,1,0,4,3,2,1,0
48,2016482120,482120,1,1,0,1,1,201,0,20,8,2016,7,23,19,3,SR-249,,29.92097222,-95.4954,8,0,1,1,0,1,2,1,1,0
48,2016482121,482121,1,1,0,0,2,333,0,20,8,2016,7,12,8,2,US-84,,31.53586944,-98.6183,42,0,1,1,0,4,1,2,1,0
48,2016482122,482122,1,1,0,1,1,439,260,20,8,2016,7,4,56,8,FM 157 COOPER ST,STATION DR,32.70146667,-97.1211,8,0,2,3,0,1,3,2,1,0
48,2016482123,482123,1,1,0,0,2,453,330,20,8,2016,7,3,57,1,I-35,,30.44405556,-97.6678,1,0,99,1,0,99,3,10,1,1
48,2016482124,482124,2,2,0,0,2,201,0,21,8,2016,1,20,20,2,US-90U BUSINESS BEAUMONT HWY,,29.84175278,-95.1888,12,2,1,1,0,1,2,1,1,0
48,2016482125,482125,1,1,0,0,2,251,1370,21,8,2016,1,0,8,2,US-67,,32.32301667,-97.4505,1,0,1,1,0,1,2,10,1,0
48,2016482126,482126,2,1,1,0,1,471,0,21,8,2016,1,9,12,1,I-45,,30.62366389,-95.5076,14,0,1,1,0,2,1,2,1,0
48,2016482127,482127,2,2,0,0,2,37,0,22,8,2016,2,11,25,8,FM 2148,,33.47748333,-94.1871,1,0,8,1,0,1,1,1,1,0
48,2016482128,482128,1,1,0,1,1,201,3280,22,8,2016,2,23,0,6,43RD ST,,29.827125,-95.4146,9,0,8,1,0,1,3,10,1,0
48,2016482129,482129,1,1,0,0,2,385,1120,14,7,2016,5,1,0,6,RAY MCDONALD RANCH RD,,29.69034444,-100.032,38,0,1,1,0,5,2,1,1,1
48,2016482130,482130,2,2,0,0,4,113,1730,5,8,2016,6,17,0,1,I-35 RL THORNTON FWY,,32.68103333,-96.8228,12,1,1,1,0,1,1,1,1,1
48,2016482131,482131,1,1,0,1,1,113,1730,6,8,2016,7,22,20,7,SR-310 CENTRAL EXPY,LAMAR ST,32.73444444,-96.7576,8,0,1,1,0,1,2,1,1,0
48,2016482132,482132,1,1,0,1,1,139,5685,7,8,2016,1,23,20,8,FM664,,32.5318,-96.8275,9,0,1,1,0,1,2,1,1,0
48,2016482133,482133,2,2,0,0,3,183,4080,12,8,2016,6,17,55,8,SL281,FM2206 PROUD PIRATE PL,32.49852778,-94.7921,12,1,3,3,0,1,1,1,1,0
48,2016482134,482134,2,2,0,0,6,335,0,13,8,2016,7,15,9,1,I-20,,32.40061389,-100.799,1,0,1,1,0,1,1,1,1,0
48,2016482135,482135,1,1,0,1,4,201,3280,15,8,2016,2,7,20,6,TARNEF DR,DE MOSS DR,29.70712222,-95.5009,8,0,2,2,0,1,1,10,1,0
48,2016482136,482136,3,3,0,0,5,201,3280,17,8,2016,4,20,31,8,FM2553 SCARSDAKE BLVD,PALMER TERRACE LN,29.60663611,-95.1885,12,1,2,3,0,1,2,10,1,0
48,2016482137,482137,1,1,0,0,1,151,0,18,8,2016,5,10,0,3,SR-70,,32.9355,-100.489,34,0,1,1,0,4,1,2,1,0
48,2016482138,482138,1,1,0,2,1,27,3027,19,8,2016,6,5,38,7,US-190 CENTRAL TX EXPY,,31.07955556,-97.6475,8,0,1,1,0,1,2,1,1,0
48,2016482139,482139,1,1,0,1,1,441,30,20,8,2016,7,22,0,6,JUDGE ELY BLVD,NORTH 12TH,32.46176667,-99.706,9,0,3,3,0,1,3,10,1,0
48,2016482140,482140,2,2,0,0,2,439,260,21,8,2016,1,23,8,6,ABRAM ST,,32.73510833,-97.0668,1,0,8,1,0,1,3,1,1,1
48,2016482141,482141,1,1,0,0,1,409,0,23,8,2016,3,14,30,3,SR-35,,27.92697778,-97.2682,52,0,19,1,0,4,1,1,1,0
48,2016482142,482142,2,2,0,0,3,231,5590,11,8,2016,5,17,0,3,SR-276 QUINLAN PKWY,THOMAS SWANER DR,32.90345278,-96.1256,12,6,2,3,0,1,1,1,1,0
48,2016482143,482143,1,1,0,0,1,439,260,18,8,2016,5,18,15,1,I-20 RONALD REAGAN MEM HWY,,32.67801944,-97.1176,1,0,1,1,0,10,1,10,1,1
48,2016482144,482144,1,1,0,0,1,439,2450,18,8,2016,5,2,30,6,CHISHOLM TRAIL PKWY,,32.67393056,-97.4071,59,0,1,1,0,8,3,10,1,1
48,2016482145,482145,1,1,0,0,2,367,0,20,8,2016,7,21,38,4,CR-POOLVILLE CUT OFF RD,,32.98465,-97.8245,38,0,1,1,0,5,2,1,1,0
48,2016482146,482146,2,2,0,0,2,367,0,22,8,2016,2,13,15,4,CR-WHITE SETTLEMENT RD,,32.78224444,-97.5598,12,6,1,1,0,1,1,2,1,0
48,2016482147,482147,1,1,0,1,1,113,5730,23,8,2016,3,6,5,6,MAIN ST,,32.948325,-96.726,8,0,1,1,0,1,3,1,1,0
48,2016482148,482148,1,1,0,0,1,201,0,5,8,2016,6,13,58,7,I-10 KATY FWY,,29.78490278,-95.7591,25,0,1,1,0,4,1,1,1,0
48,2016482149,482149,2,2,0,0,2,273,0,8,8,2016,2,9,8,3,SR-285,,27.25802222,-97.8813,12,2,1,1,1,1,1,1,1,0
48,2016482150,482150,2,2,0,0,4,145,0,10,8,2016,4,0,17,3,SR-7,,31.30803333,-96.7559,12,2,1,1,0,1,2,1,2,0
48,2016482151,482151,1,1,0,0,2,381,0,10,8,2016,4,13,43,2,US-60,,34.98505,-101.992,1,0,1,1,0,3,1,1,2,0
48,2016482152,482152,3,3,0,0,4,213,0,18,8,2016,5,13,15,3,SR-155,,32.10495,-95.4922,12,2,1,1,0,1,1,10,1,0
48,2016482153,482153,2,1,1,1,2,135,0,19,8,2016,6,12,14,3,SR-302,,31.93051944,-102.698,8,0,1,1,1,5,1,1,1,0
48,2016482154,482154,1,1,0,0,1,201,3280,20,8,2016,7,0,16,6,KINGWOOD DR,,30.04759167,-95.2121,33,0,1,1,0,4,3,1,1,0
48,2016482155,482155,1,1,0,0,2,61,940,21,8,2016,1,4,24,3,SR-550,,25.98823611,-97.4497,1,0,1,1,0,3,2,10,1,0
48,2016482156,482156,2,2,0,0,2,29,6090,26,8,2016,6,19,9,8,SS-421/CULEBRA RD,,29.44513611,-98.5243,12,6,8,1,0,1,1,1,1,0
48,2016482157,482157,2,2,0,0,3,375,150,26,8,2016,6,1,27,1,I-40,,35.19284444,-101.696,12,2,18,1,0,1,2,10,3,0
48,2016482158,482158,1,1,0,2,1,215,0,10,8,2016,4,22,2,8,FM 1015/3 MILE RD,,26.22473889,-97.9597,53,0,1,1,0,4,3,1,1,0
48,2016482159,482159,2,2,0,0,5,83,0,22,8,2016,2,12,44,2,US-84,,31.75836944,-99.3495,12,6,1,1,0,1,1,2,1,0
48,2016482160,482160,1,1,0,1,1,375,150,27,8,2016,7,0,29,2,US-60/AMARILLO BLVD,,35.22200556,-101.822,8,0,1,1,0,1,3,1,1,0
48,2016482161,482161,1,1,0,1,1,355,5850,14,2,2016,1,19,36,3,SR-44 BUSINESS WESTERN,MOLINA,27.79866111,-97.6817,8,0,2,3,0,1,3,1,1,0
48,2016482162,482162,1,1,0,0,1,113,1730,24,4,2016,1,15,45,6,RED BIRD LN,,32.67671111,-96.8981,38,0,1,1,0,5,1,1,1,0
48,2016482163,482163,2,2,0,0,2,381,150,9,7,2016,7,20,20,6,WESTERN ST,HILLSIDE RD,35.14656389,-101.884,12,6,2,2,0,1,1,1,1,0
48,2016482164,482164,6,6,0,0,6,37,0,11,8,2016,5,17,30,1,I-30,,33.4721,-94.382,12,1,1,1,0,1,1,10,1,0
48,2016482165,482165,1,1,0,0,1,113,3420,11,8,2016,5,6,52,6,STORY RD,,32.833525,-96.9764,33,0,1,1,0,3,1,1,1,0
48,2016482166,482166,2,2,0,0,2,157,0,12,8,2016,6,6,23,4,CR-BEECHNUT ST/CANAL RD,,29.6845,-95.6906,12,2,1,1,0,1,2,1,1,1
48,2016482167,482167,3,3,0,0,7,339,0,12,8,2016,6,19,32,8,FM 1485,,30.2074,-95.2723,12,2,1,1,0,1,5,1,1,0
48,2016482168,482168,1,1,0,0,2,215,6115,12,8,2016,6,2,40,6,83 1/2 ST,TEX-MEX RD,26.29106944,-98.0739,34,0,3,3,0,5,2,1,1,1
48,2016482169,482169,1,1,0,0,1,113,1730,13,8,2016,7,10,48,3,SR-310/CENTRAL EXPY,,32.67234722,-96.727,23,0,1,1,0,4,1,10,1,1
48,2016482170,482170,1,1,0,1,1,291,0,13,8,2016,7,5,25,8,FM 1409,,29.89648889,-94.8144,8,0,1,1,0,4,2,1,1,0
48,2016482171,482171,2,2,0,0,2,31,670,14,8,2016,1,18,37,2,US-281,,30.07645833,-98.4126,12,6,1,1,0,1,1,2,1,0
48,2016482172,482172,1,1,0,0,1,491,7305,16,8,2016,3,22,57,8,FM 971,,30.67330556,-97.6045,30,0,1,1,0,4,2,10,1,1
48,2016482173,482173,1,1,0,0,1,367,0,18,8,2016,5,22,16,1,I-20,,32.71208889,-97.5598,42,0,1,1,0,4,2,10,1,0
48,2016482174,482174,2,2,0,0,2,61,0,19,8,2016,6,8,25,3,SR-100,,26.08613611,-97.1774,12,1,1,1,0,1,1,1,1,0
48,2016482175,482175,1,1,0,0,5,469,0,20,8,2016,7,21,28,2,US-77,,28.71177778,-97.0425,35,0,1,1,0,3,2,10,5,0
48,2016482177,482177,1,1,0,0,2,165,0,21,8,2016,1,20,30,8,FM 1067,,32.88149444,-102.261,11,0,1,1,0,1,2,1,1,0
48,2016482178,482178,1,1,0,1,1,355,1550,21,8,2016,1,0,39,6,AYERS ST,,27.75398611,-97.416,8,0,1,1,0,1,2,10,1,0
48,2016482179,482179,2,2,0,0,3,453,330,23,8,2016,3,13,7,6,ANDERSON LN,,30.36045833,-97.7397,12,6,8,1,0,1,1,1,1,0
48,2016482180,482180,3,1,2,0,1,113,1730,26,8,2016,6,4,7,6,RIO VERDE WAY,,32.85060278,-96.665,14,0,1,1,0,7,3,1,1,0
48,2016482181,482181,1,1,0,1,1,29,6090,27,8,2016,7,4,20,6,CULEBRA RD,GENERAL MCMULLEN,29.447775,-98.5519,8,0,3,2,0,1,3,1,1,0
48,2016482182,482182,2,2,0,0,2,201,3280,27,8,2016,7,11,34,7,I-610 SOUTH LOOP,CRESTMONT ST,29.68848889,-95.3319,12,6,2,2,0,1,1,10,1,0
48,2016482183,482183,1,1,0,0,1,97,0,28,8,2016,1,5,45,8,FM 902,,33.57982778,-97.0542,1,0,1,1,0,1,2,1,1,0
48,2016482184,482184,2,2,0,0,2,113,1730,28,8,2016,1,5,6,6,FERGUSON RD,,32.81293333,-96.6986,46,0,1,1,0,3,3,1,1,1
48,2016482185,482185,1,1,0,0,1,201,3280,28,8,2016,1,15,44,6,PARKER RD,,29.85940278,-95.3768,33,0,1,1,0,4,1,1,1,0
48,2016482186,482186,1,1,0,0,1,29,6090,29,8,2016,2,2,34,1,I-410,,29.35341667,-98.6299,30,0,1,1,0,3,2,1,1,1
48,2016482187,482187,1,1,0,0,1,439,2450,29,8,2016,2,0,55,6,BISBEE ST,,32.67744444,-97.27,24,0,1,1,0,4,3,1,1,0
48,2016482188,482188,1,1,0,0,1,329,0,30,8,2016,3,6,5,8,FM 1788,,32.00311111,-102.263,1,0,1,1,1,1,2,10,1,1
48,2016482189,482189,2,2,0,0,3,39,5249,4,6,2016,7,4,0,3,SR-288,,29.56908333,-95.3865,12,2,1,1,0,1,3,2,1,1
48,2016482190,482190,1,1,0,1,1,201,3280,11,8,2016,5,17,6,6,HAMMERLY,PECH ST,29.81095556,-95.4962,8,0,3,2,0,1,1,1,1,0
48,2016482191,482191,1,1,0,0,1,479,3899,11,8,2016,5,19,52,1,I-35,,27.56480278,-99.5033,25,0,1,1,0,3,1,1,1,1
48,2016482192,482192,5,5,0,0,11,471,0,15,8,2016,2,14,5,1,I-45,,30.63891667,-95.5088,12,1,1,1,0,1,1,2,2,0
48,2016482193,482193,2,2,0,0,2,389,0,17,8,2016,4,12,6,8,RM652,,31.84013333,-103.892,12,2,1,1,0,2,1,1,1,0
48,2016482194,482194,1,1,0,0,2,61,940,21,8,2016,1,2,14,1,I-69E/US-77,,25.8961,-97.4778,25,0,1,1,0,4,3,10,1,0
48,2016482195,482195,1,1,0,0,3,229,0,21,8,2016,1,3,43,1,I-10,,31.23547222,-105.785,1,0,1,1,0,3,3,1,1,0
48,2016482196,482196,2,2,0,1,4,323,0,22,8,2016,2,1,55,2,US-277,,28.9278,-100.617,1,0,1,1,0,4,2,10,1,0