STATE,YEAR_ST_CASE,ST_CASE,VE_TOTAL,VE_FORMS,PVH_INVL,PEDS,PERSONS,COUNTY,CITY,DAY,MONTH,YEAR,DAY_WEEK,HOUR,MINUTE,ROUTE,TWAY_ID,TWAY_ID2,LATITUDE,LONGITUD,HARM_EV,MAN_COLL,RELJCT2,TYP_INT,WRK_ZONE,REL_ROAD,LGT_COND,WEATHER,FATALS,DRUNK_DR
48,2016482197,482197,1,1,0,0,1,97,2550,24,8,2016,4,17,4,8,FM372 GRAND AVE,,33.659325,-97.1426,52,0,1,1,0,4,1,1,1,1
48,2016482198,482198,2,2,0,0,2,85,4230,25,8,2016,5,0,0,6,SAM RAYBURN TLWY,,33.14110833,-96.6891,43,0,5,1,1,4,3,1,1,0
48,2016482199,482199,2,2,0,0,3,371,0,25,8,2016,5,12,25,8,FM1776,,31.29350833,-103.047,12,2,1,1,0,1,1,1,2,0
48,2016482200,482200,2,2,0,0,2,29,0,26,8,2016,6,10,33,8,FM1518,,29.39341944,-98.2374,12,2,1,1,0,1,1,10,1,0
48,2016482201,482201,1,1,0,0,1,29,0,26,8,2016,6,10,22,8,FM 1863,,29.72961944,-98.3516,42,0,1,1,0,4,1,1,1,0
48,2016482202,482202,1,1,0,1,1,29,6090,26,8,2016,6,21,2,8,SL 345/FREDERICKSBURG RD,,29.51049444,-98.5668,8,0,1,1,0,1,3,1,1,0
48,2016482203,482203,2,2,0,0,4,135,0,26,8,2016,6,9,12,3,SR-302,FM 1936,31.88446944,-102.457,12,6,2,2,0,1,1,10,1,0
48,2016482204,482204,2,2,0,0,2,201,5230,26,8,2016,6,23,30,6,PASADENA BLVD,,29.68570556,-95.1988,1,0,1,1,0,1,2,10,1,0
48,2016482205,482205,1,1,0,0,2,375,0,26,8,2016,6,20,23,8,RM 2384,,35.22441944,-102.064,1,0,1,1,0,1,2,1,1,1
48,2016482206,482206,1,1,0,0,1,423,0,26,8,2016,6,7,57,3,SR-155/FRANKSTON HWY,,32.20563889,-95.4229,30,0,1,1,0,4,1,10,1,0
48,2016482207,482207,2,2,0,0,5,201,0,27,8,2016,7,7,50,1,I-45,,29.9543,-95.4176,12,9,1,1,0,1,1,10,1,0
48,2016482208,482208,2,2,0,0,6,313,0,27,8,2016,7,20,17,8,FM 39,,31.013,-96.112,12,2,1,1,0,1,1,1,3,0
48,2016482209,482209,1,1,0,1,1,459,0,27,8,2016,7,1,25,3,SR-300,,32.69821111,-94.9195,8,0,1,1,0,1,2,10,1,0
48,2016482210,482210,2,2,0,0,3,29,6090,28,8,2016,1,15,20,6,WURZBACH PKWY,WURZBACH RAMP,29.55618056,-98.4891,12,6,20,1,0,1,1,1,1,0
48,2016482211,482211,1,1,0,0,2,91,0,28,8,2016,1,13,45,8,FM 2252/OLD NACOGDOCHES RD,,29.63428889,-98.2678,24,0,1,1,0,4,1,1,2,1
48,2016482212,482212,1,1,0,0,3,141,0,28,8,2016,1,20,15,4,CR-ASCENCION DR,,31.679425,-106.147,34,0,1,1,0,4,2,2,1,1
48,2016482213,482213,2,2,0,0,2,37,6850,29,8,2016,2,6,36,2,US-67/MARTIN LUTHER KING JR,SR-93/SUMMERHILL RD,33.42409722,-94.061,12,2,2,2,0,1,4,1,1,0
48,2016482214,482214,1,1,0,1,3,21,0,30,8,2016,3,1,37,3,SR-71,,30.06943056,-97.2234,8,0,1,1,0,1,2,1,1,0
48,2016482215,482215,2,2,0,0,3,91,0,30,8,2016,3,19,43,8,FM 306,,29.83245,-98.1169,12,11,8,1,0,1,1,10,1,0
48,2016482216,482216,2,2,0,0,2,181,1830,30,8,2016,3,17,5,2,US-75,,33.76575833,-96.5852,12,1,1,1,0,1,1,1,1,0
48,2016482217,482217,1,1,0,1,1,25,0,31,8,2016,4,7,3,2,US-181,,28.55921944,-97.7944,8,0,1,1,0,1,2,10,1,0
48,2016482218,482218,1,1,0,1,1,201,0,31,8,2016,4,5,5,1,I-45/NORTH FWY,,30.0214,-95.4287,8,0,1,1,0,1,3,1,1,0
48,2016482219,482219,1,1,0,0,1,471,0,31,8,2016,4,21,25,4,CR-MATHIS DAIRY RD,,30.69273889,-95.4198,38,0,1,1,0,5,2,1,1,0
48,2016482220,482220,1,1,0,0,1,257,6830,1,9,2016,5,17,8,1,I-20,,32.69262778,-96.2416,32,0,1,1,0,3,1,2,1,0
48,2016482221,482221,2,2,0,0,2,375,150,1,9,2016,5,14,38,7,I-40,WASHINGTON ST,35.19410833,-101.849,12,1,3,2,0,1,1,10,1,0
48,2016482222,482222,1,1,0,0,1,439,2450,1,9,2016,5,1,0,7,I-30 WEST FWY,SS341,32.73772222,-97.4454,21,0,19,1,0,4,3,1,1,0
48,2016482223,482223,1,1,0,1,1,71,9997,2,9,2016,6,4,10,3,SR-146,,29.81851389,-94.9,8,0,1,1,0,1,2,1,1,0
48,2016482224,482224,2,2,0,0,2,89,0,2,9,2016,6,16,45,3,SR-71,,29.77049167,-96.6298,12,1,1,1,0,1,1,10,1,0
48,2016482225,482225,2,2,0,2,1,201,3280,2,9,2016,6,5,50,6,WESTPARK TLWY,,29.71840833,-95.5571,25,0,1,1,0,4,2,10,1,0
48,2016482226,482226,1,1,0,0,2,439,2450,2,9,2016,6,2,42,6,TRINITY BLVD,,32.8167,-97.0958,30,0,1,1,0,3,3,1,1,1
48,2016482227,482227,1,1,0,1,1,439,6060,2,9,2016,6,22,34,8,FM156 BLUE MOUND RD,,32.86668889,-97.3424,8,0,1,1,0,1,2,10,1,0
48,2016482228,482228,1,1,0,0,2,113,3420,3,9,2016,7,5,3,7,SR-114/183 JOHN CARPENTER FWY,,32.83374444,-96.8951,43,0,1,1,1,10,3,1,1,1
48,2016482229,482229,2,2,0,0,3,201,480,3,9,2016,7,2,23,8,SS330 DECKER DR,GARTH,29.74044722,-94.9812,12,6,2,3,0,1,3,1,1,1
48,2016482230,482230,1,1,0,1,1,201,3280,3,9,2016,7,4,47,6,HOLMES RD,,29.67112222,-95.3946,8,0,1,1,0,1,2,1,1,0
48,2016482231,482231,1,1,0,0,1,241,0,3,9,2016,7,20,56,2,US-96,,30.58372778,-93.9197,72,0,1,1,0,4,2,1,1,0
48,2016482232,482232,1,1,0,0,1,423,0,3,9,2016,7,16,42,8,FM344,,32.14731111,-95.3779,5,0,1,1,0,4,1,1,1,0
48,2016482233,482233,2,2,0,0,2,465,1820,3,9,2016,7,16,13,2,US-90 VETERANS BLVD,AGARITA DR,29.41189167,-100.905,12,6,2,3,0,1,1,1,1,0
48,2016482234,482234,1,1,0,0,3,61,0,4,9,2016,1,9,43,8,FM1420,,26.27351111,-97.5877,1,0,1,1,0,4,1,10,1,0
48,2016482235,482235,1,1,0,0,1,113,2310,4,9,2016,1,9,5,1,I-35,,32.92979722,-96.9016,31,0,1,1,1,4,1,1,1,0
48,2016482236,482236,1,1,0,0,1,233,0,4,9,2016,1,1,0,8,RM1319,,35.68709444,-101.495,1,0,1,1,0,4,2,1,1,0
48,2016482237,482237,2,2,0,0,2,381,150,4,9,2016,1,0,25,6,GEORGIA ST,45TH AVE,35.16384722,-101.866,12,6,2,2,0,1,3,1,1,1
48,2016482238,482238,1,1,0,0,2,503,0,4,9,2016,1,22,15,3,SR-251,,33.25410556,-98.7411,1,0,8,1,0,4,2,1,1,0
48,2016482239,482239,1,1,0,0,1,287,3970,5,9,2016,2,2,39,6,AVE G,,30.4062,-97.0089,1,0,1,1,0,1,2,5,1,0
48,2016482240,482240,2,1,1,0,1,439,2450,5,9,2016,2,2,11,7,I-35 SOUTH FWY,,32.67081667,-97.3214,14,0,19,1,0,2,2,1,1,1
48,2016482241,482241,1,1,0,1,1,439,2450,5,9,2016,2,20,46,3,SR-180 LANCASTER AVE,RIVERSIDE DR,32.74623056,-97.3067,8,0,18,1,1,1,2,1,1,1
48,2016482242,482242,1,1,0,0,7,29,6090,6,9,2016,3,1,22,1,I-410 LOOP,,29.33276389,-98.4107,57,0,19,1,0,3,2,1,3,0
48,2016482243,482243,1,1,0,1,1,303,4140,6,9,2016,3,21,32,6,ERSKINE ST,,33.60685833,-101.931,8,0,1,1,0,1,2,10,1,1
48,2016482244,482244,2,2,0,2,1,201,0,7,9,2016,4,6,10,4,CR-KELLY LN,,29.95580833,-95.4759,12,6,8,1,0,1,2,1,1,0
48,2016482245,482245,1,1,0,1,1,355,5850,19,3,2016,7,6,26,7,I-69 E / US-77,,27.79563889,-97.6516,8,0,18,1,0,1,2,1,1,0
48,2016482246,482246,1,1,0,1,1,113,387,18,8,2016,5,13,3,1,I-635,,32.73398889,-96.6116,8,0,20,1,0,1,1,10,1,0
48,2016482247,482247,2,2,0,0,4,181,0,26,8,2016,6,14,20,8,FM 406,,33.79923333,-96.6493,12,2,1,1,0,1,1,10,1,0
48,2016482248,482248,3,3,0,0,8,157,6660,30,8,2016,3,18,46,8,FM 1876 ELDRIDGE RD,BOURNEWOOD DR,29.64001667,-95.6189,12,6,2,3,0,1,1,1,1,1
48,2016482249,482249,5,5,0,0,7,121,1190,1,9,2016,5,8,23,6,SAM RAYBURN TOLLWAY,,33.01821667,-96.9375,12,1,1,1,0,1,1,10,1,0
48,2016482250,482250,2,2,0,0,3,453,330,1,9,2016,5,11,14,6,8300 BURNET RD,,30.36358333,-97.7289,12,6,8,1,0,1,1,1,1,0
48,2016482251,482251,2,2,0,0,4,1,0,2,9,2016,6,20,30,2,US-287,,31.87165,-95.8617,12,2,1,1,0,1,2,1,1,1
48,2016482252,482252,1,1,0,0,4,399,0,3,9,2016,7,22,33,4,CR-332,,31.83591667,-99.9913,38,0,1,1,0,5,2,1,2,1
48,2016482253,482253,3,3,0,1,3,113,1730,5,9,2016,2,4,12,2,US-67 MARVIN D. LOVE FWY,,32.66194167,-96.8699,12,1,1,1,0,1,3,1,1,0
48,2016482254,482254,2,2,0,0,4,113,1730,5,9,2016,2,16,43,8,SL-12 LEDBETTER DR,HAMPTON RD,32.69129167,-96.8571,12,6,2,2,0,1,1,1,2,0
48,2016482255,482255,1,1,0,0,1,355,0,9,9,2016,6,2,4,6,NAVIGATION BLVD,,27.82573333,-97.4482,18,0,1,1,0,4,2,1,1,0
48,2016482256,482256,2,2,0,0,2,479,3899,23,6,2016,5,18,30,1,I-35,,27.61232778,-99.4929,12,6,18,1,0,1,1,1,1,0
48,2016482257,482257,1,1,0,0,1,201,0,2,7,2016,7,2,15,4,CR-IDLELOCH DR,,30.07264722,-95.0973,33,0,1,1,0,3,2,1,1,1
48,2016482258,482258,3,3,0,0,5,221,2780,5,8,2016,6,16,33,8,SL 567 DEPUTY LANCE MCLEAN ME,,32.44654167,-97.8251,12,6,1,1,0,1,1,1,2,0
48,2016482259,482259,1,1,0,0,2,73,0,6,8,2016,7,4,30,8,FM 2138,,31.87195278,-95.2885,11,0,1,1,0,1,2,1,1,0
48,2016482260,482260,2,2,0,0,3,215,0,7,8,2016,1,2,40,4,CR-MILE 16 N RD,MILE 4 W RD,26.28639722,-97.9769,12,6,2,2,0,1,2,10,1,2
48,2016482262,482262,1,1,0,1,1,357,5300,29,8,2016,2,21,51,2,US-83 MAIN ST,19TH AVE,36.38138611,-100.803,8,0,2,3,0,1,3,2,1,0
48,2016482263,482263,2,2,0,0,2,423,0,29,8,2016,2,9,1,3,SR-31,,32.35085278,-95.2346,12,2,1,1,0,1,1,1,1,0
48,2016482264,482264,1,1,0,1,3,201,3280,30,8,2016,3,6,20,1,I-610 NORTH LOOP,,29.8143,-95.3789,8,0,20,1,0,1,3,10,1,0
48,2016482265,482265,3,3,0,2,1,453,0,30,8,2016,3,19,0,4,CR-MCNEIL DR,MCNEIL RD,30.44903889,-97.726,12,1,3,3,0,4,1,1,1,0
48,2016482266,482266,2,2,0,1,2,113,1730,1,9,2016,5,23,25,1,I-20 LBJ FWY,,32.66195556,-96.8961,8,0,18,1,0,1,3,1,1,0
48,2016482267,482267,2,2,0,0,2,91,0,2,9,2016,6,16,39,2,US--281,,29.726425,-98.4412,12,6,8,1,0,1,1,1,1,0
48,2016482268,482268,3,3,0,0,3,121,1645,2,9,2016,6,4,44,2,US-380,FM 424,33.22619444,-96.9892,12,6,2,2,0,1,3,1,1,0
48,2016482269,482269,1,1,0,0,4,305,0,2,9,2016,6,5,48,8,FM 213,,33.01995,-101.682,1,0,1,1,0,4,2,10,1,1
48,2016482271,482271,3,3,0,0,4,29,6090,3,9,2016,7,4,26,1,I-35,,29.44466944,-98.4334,12,2,1,1,0,1,2,1,2,1
48,2016482272,482272,4,4,0,0,11,53,0,3,9,2016,7,9,23,2,US-281,,30.83520278,-98.2376,12,1,1,1,0,1,1,1,2,1
48,2016482273,482273,2,2,0,2,3,21,0,4,9,2016,1,20,56,3,SR-71,FM1209,30.12221111,-97.4329,8,0,18,1,0,1,3,1,2,0
48,2016482274,482274,1,1,0,0,5,115,0,4,9,2016,1,11,50,3,SR-137,,32.90549722,-102.104,1,0,1,1,0,4,1,1,1,0
48,2016482275,482275,5,5,0,0,6,201,3280,4,9,2016,1,5,28,3,SR-6,WESTHEIMER RD,29.73538333,-95.6441,12,1,3,2,0,1,3,1,1,0
48,2016482276,482276,2,2,0,0,3,113,1870,6,9,2016,3,15,12,6,PARKERVILLE RD,,32.57521667,-96.8575,12,6,8,1,0,1,1,1,1,0
48,2016482277,482277,1,1,0,0,1,373,0,6,9,2016,3,15,30,4,CR-WILSON LAKE ESTATES RD,,30.64856111,-94.733,1,0,1,1,0,4,1,1,1,0
48,2016482278,482278,1,1,0,0,5,55,0,7,9,2016,4,20,30,3,SR-21 CAMINO REAL,,29.99411667,-97.7494,1,0,1,1,0,1,2,1,1,1
48,2016482279,482279,3,3,0,0,3,133,0,7,9,2016,4,8,4,8,FM570,,32.39746667,-98.7632,12,2,1,1,0,1,1,1,1,0
48,2016482280,482280,1,1,0,1,1,201,3280,7,9,2016,4,10,45,7,I-69/US-59 SOUTHWEST FWY,BELLERIVE DR,29.7106,-95.5067,8,0,3,3,0,1,1,10,1,0
48,2016482281,482281,1,1,0,1,1,41,1440,8,9,2016,5,10,55,6,AYRSHIRE,,30.60683333,-96.3347,9,0,1,1,0,1,1,1,1,0
48,2016482282,482282,1,1,0,1,2,201,3280,8,9,2016,5,20,45,3,SR-6,,29.77545556,-95.644,8,0,1,1,0,1,3,1,1,0
48,2016482283,482283,1,1,0,0,1,257,0,8,9,2016,5,12,29,1,I-20,,32.68401389,-96.2071,1,0,1,1,0,3,1,1,1,0
48,2016482284,482284,2,2,0,0,4,27,3690,9,9,2016,6,22,11,3,SR-195 FORT HOOD ST,ELMS RD,31.0863,-97.7557,12,6,2,3,0,1,3,10,1,0
48,2016482285,482285,2,2,0,0,2,113,1730,9,9,2016,6,10,5,6,LEMMON AVE,,32.85647778,-96.848,12,6,7,1,0,1,1,1,1,0
48,2016482286,482286,1,1,0,0,1,183,0,10,9,2016,7,1,59,4,CR-RIVER RD,,32.46961389,-94.8662,1,0,1,1,0,4,2,1,1,1
48,2016482287,482287,2,2,0,0,6,201,6970,10,9,2016,7,12,23,7,SR-249 TOMBALL EXPY,ALICE RD,30.07716111,-95.6312,12,6,2,2,0,1,1,10,1,0
48,2016482288,482288,2,2,0,0,7,441,0,10,9,2016,7,8,59,2,US-277,,32.3027,-99.9097,12,8,1,1,0,1,1,2,1,0
48,2016482289,482289,2,2,0,0,2,491,330,10,9,2016,7,15,58,8,RM620,BOULDER LN,30.4435,-97.8331,12,6,2,3,0,1,1,1,1,0
48,2016482290,482290,2,2,0,0,3,201,3280,11,9,2016,1,20,50,2,US-290 NORTHWEST FWY,,29.98495,-95.7321,43,0,5,1,1,4,2,1,1,0
48,2016482291,482291,1,1,0,0,1,471,0,11,9,2016,1,4,25,8,FM980,,30.86601944,-95.4753,1,0,1,1,0,1,2,10,1,1
48,2016482292,482292,1,1,0,0,1,113,1730,12,9,2016,2,3,30,6,LEMMON AVE,,32.85962222,-96.8533,25,0,1,1,0,3,3,1,1,0
48,2016482294,482294,1,1,0,1,1,201,3280,12,9,2016,2,20,48,6,MYKAWA RD,,29.612275,-95.3021,9,0,1,1,0,1,3,1,1,0
48,2016482295,482295,1,1,0,0,2,29,6090,14,9,2016,4,1,51,7,US-90,,29.40228333,-98.6271,31,0,1,1,0,10,3,10,1,1
48,2016482296,482296,1,1,0,0,8,27,0,24,8,2016,4,6,40,8,FM2843,,30.92627222,-97.5644,1,0,1,1,0,4,2,1,1,0
48,2016482297,482297,1,1,0,0,1,181,7130,2,9,2016,6,21,20,2,US-75,,33.44755,-96.6033,1,0,1,1,0,10,2,1,1,1
48,2016482298,482298,1,1,0,0,1,415,0,3,9,2016,7,0,0,4,CR-4114,,32.64520556,-100.745,1,0,1,1,0,4,2,1,1,0
48,2016482299,482299,1,1,0,0,1,467,0,3,9,2016,7,11,0,1,I-20,,32.64384167,-96.0513,1,0,1,1,0,4,1,1,1,0
48,2016482300,482300,2,2,0,0,4,491,0,4,9,2016,1,22,50,8,RM2243,CR-ESCALERA PKWY,30.59551944,-97.7803,12,6,2,3,0,1,3,1,2,0
48,2016482301,482301,2,2,0,0,4,451,0,6,9,2016,3,17,56,8,FM 2105,,31.52638889,-100.42,12,6,1,1,0,1,1,1,1,0
48,2016482302,482302,1,1,0,0,1,29,6090,9,9,2016,6,20,50,6,LOCK HILL RD,,29.54175556,-98.5932,11,0,1,1,0,1,2,1,1,1
48,2016482303,482303,2,2,0,0,4,205,0,10,9,2016,7,11,50,2,US-385,,35.79053056,-102.342,12,6,8,1,0,1,1,1,1,0
48,2016482305,482305,2,2,0,0,2,21,0,12,9,2016,2,12,23,3,SR-95,PERSHING BLVD,30.20165,-97.3134,12,2,3,3,0,1,1,1,1,0
48,2016482306,482306,3,3,0,0,4,71,0,13,9,2016,3,0,6,1,I-10,,29.83058889,-94.4858,12,6,1,1,0,1,2,1,1,0
48,2016482307,482307,1,1,0,0,1,29,1209,2,8,2016,3,0,40,7,I-410/LOOP 410,RM 1535/MILITARY,29.52018056,-98.5126,25,0,3,3,0,4,3,1,1,0
48,2016482308,482308,2,2,0,0,2,189,5380,3,8,2016,4,17,6,2,US-27/70 BUSINESS COLUMBIA,10TH ST,34.17045833,-101.707,12,2,2,3,0,1,1,1,1,0
48,2016482309,482309,1,1,0,1,1,215,0,21,8,2016,1,9,26,8,FM 2221,,26.32926111,-98.4037,8,0,1,1,0,2,2,1,1,0
48,2016482310,482310,1,1,0,0,1,321,0,25,8,2016,5,7,41,8,FM 2611,,28.89953889,-95.6382,34,0,1,1,0,4,1,10,1,1
48,2016482311,482311,1,1,0,0,1,481,0,25,8,2016,5,9,48,4,CR-166,,29.33146944,-96.0742,1,0,1,1,0,4,1,1,1,0
48,2016482312,482312,1,1,0,0,2,355,1550,26,8,2016,6,23,10,6,NAVIGATION BLVD,,27.78377778,-97.453,32,0,1,1,0,4,3,1,1,1
48,2016482313,482313,1,1,0,1,1,29,6090,29,8,2016,2,11,5,6,MARTIN ST,,29.4301,-98.5031,8,0,1,1,0,1,1,1,1,0
48,2016482314,482314,2,2,0,0,2,115,0,29,8,2016,2,8,6,2,US-180,,32.72308056,-102.027,12,8,1,1,0,1,1,2,1,0
48,2016482315,482315,2,2,0,0,2,453,330,30,8,2016,3,20,33,8,SL 1/MOPAC EXPY,,30.39863611,-97.7312,12,1,1,1,1,1,5,10,1,0
48,2016482316,482316,2,2,0,0,3,257,2430,2,9,2016,6,16,0,8,FM 1641,,32.70961389,-96.4157,12,2,1,1,1,1,1,1,2,1
48,2016482317,482317,2,2,0,0,4,355,1550,3,9,2016,7,1,9,7,SR-358/PADRE ISLAND DR,EMBASSY DR,27.716575,-97.389,12,1,3,3,0,1,3,1,1,0
48,2016482318,482318,2,2,0,0,3,497,5710,4,9,2016,1,20,24,2,US-81,CR-4840/ROBERTSON RD,33.02591944,-97.4451,12,6,2,3,0,1,2,1,1,0
48,2016482319,482319,1,1,0,0,5,325,0,5,9,2016,2,13,45,2,US-90,,29.31563056,-99.359,1,0,1,1,0,1,1,1,1,0
48,2016482320,482320,4,4,0,0,4,51,1070,7,9,2016,4,14,3,3,SR-21/PRESIDENTIAL CORRIDOR ST,,30.53768056,-96.6943,12,2,8,1,0,1,1,1,1,0
48,2016482321,482321,2,2,0,0,4,201,0,7,9,2016,4,20,55,4,CR-FALLBROOK DR,BUTTE CANYON RD,29.9205,-95.451,12,6,2,3,0,1,2,1,1,0
48,2016482322,482322,1,1,0,0,1,405,0,7,9,2016,4,7,15,8,FM 711,,31.58743611,-94.1691,42,0,1,1,0,4,1,5,1,0
48,2016482323,482323,1,1,0,0,1,213,0,8,9,2016,5,9,25,8,FM 804,,32.16919444,-95.7536,42,0,1,1,0,4,1,1,1,1
48,2016482324,482324,1,1,0,0,2,467,0,8,9,2016,5,12,18,8,FM 3080,,32.37798056,-96.0388,1,0,1,1,0,4,1,1,1,0
48,2016482325,482325,2,2,0,0,2,171,0,9,9,2016,6,17,52,2,US-87,,30.35724167,-98.9267,12,2,1,1,0,1,1,1,1,0
48,2016482326,482326,1,1,0,1,1,249,0,9,9,2016,6,17,4,3,SR-44,,27.74989167,-98.1285,8,0,1,1,0,1,1,1,1,0
48,2016482327,482327,1,1,0,0,1,309,0,9,9,2016,6,15,10,8,FM 185,,31.55175556,-97.3869,1,0,1,1,0,4,1,1,1,0
48,2016482328,482328,3,3,0,0,6,439,2450,9,9,2016,6,20,37,6,BEACH ST,CARTER AVE,32.74699444,-97.2894,12,1,2,3,0,1,3,1,1,1
48,2016482329,482329,1,1,0,0,1,329,0,10,9,2016,7,8,36,3,SR-158,,31.96365833,-101.971,1,0,1,1,0,4,1,2,1,0
48,2016482330,482330,3,3,0,0,5,339,1510,10,9,2016,7,19,21,1,I-45,,30.23609167,-95.4586,12,7,18,1,0,1,5,10,1,0
48,2016482331,482331,2,2,0,0,2,453,330,10,9,2016,7,6,24,3,SR-360 CAPITAL OF TEXAS HWY,,30.32447778,-97.813,12,2,1,1,0,1,2,99,1,0
48,2016482332,482332,2,2,0,0,2,113,1730,11,9,2016,1,20,35,6,HAMPTON RD,KIEST BLVD,32.70580556,-96.857,12,6,2,2,0,1,3,1,1,0
48,2016482333,482333,2,2,0,0,3,135,0,11,9,2016,1,16,10,8,FM 554 HOLLYHOCK AVE,GOLDENROD DR,32.02103056,-102.376,12,6,2,2,0,1,1,1,1,0
48,2016482334,482334,1,1,0,0,2,217,0,11,9,2016,1,15,2,4,CR-3350,,31.86291389,-96.8812,1,0,1,1,0,4,1,1,1,1
48,2016482335,482335,1,1,0,0,3,367,9997,11,9,2016,1,8,0,2,US-377,,32.59631389,-97.5783,43,0,1,1,0,3,2,1,1,0
48,2016482336,482336,2,1,1,1,3,71,0,12,9,2016,2,23,25,1,I-10,,29.83275,-94.5151,14,0,1,1,0,2,2,1,1,0
48,2016482337,482337,1,1,0,0,1,253,0,12,9,2016,2,13,36,2,US-83,,32.53651389,-99.7651,1,0,1,1,0,4,1,1,1,0
48,2016482338,482338,5,5,0,0,14,353,0,12,9,2016,2,9,30,1,I-20,,32.4922,-100.316,57,0,1,1,0,3,1,1,2,0
48,2016482339,482339,2,2,0,0,2,201,3280,13,9,2016,3,12,37,3,SR-3 GALVESTON RD,,29.60000278,-95.1765,12,1,1,1,0,1,1,10,2,0
48,2016482342,482342,2,2,0,0,2,157,0,14,9,2016,4,7,32,8,FM 360,WILLIAMS SCHOOL RD,29.41926667,-95.8619,12,6,2,2,0,1,1,1,1,0
48,2016482343,482343,2,2,0,0,2,157,0,14,9,2016,4,21,28,8,FM 360,BRINKMEYER,29.439275,-95.8861,12,6,2,2,0,1,2,1,1,0
48,2016482344,482344,2,1,1,0,2,439,2420,14,9,2016,4,11,35,7,I-20,,32.66108056,-97.2695,14,0,19,1,0,2,1,1,1,0
48,2016482345,482345,1,1,0,0,1,121,1840,15,9,2016,5,14,45,8,FM 2164,,33.29560833,-97.1316,42,0,1,1,0,4,1,99,1,0
48,2016482346,482346,7,7,0,0,7,201,3280,15,9,2016,5,6,33,2,US-6,,29.78624444,-95.6449,12,6,1,1,0,1,3,1,1,0
48,2016482347,482347,1,1,0,0,4,217,0,15,9,2016,5,11,42,1,I-35 E,,32.06893889,-97.07,1,0,1,1,0,4,1,1,2,0
48,2016482348,482348,1,1,0,0,2,265,0,15,9,2016,5,10,25,2,US-83,,30.26763611,-99.7208,1,0,1,1,0,4,1,1,1,0
48,2016482349,482349,1,1,0,1,1,13,0,16,9,2016,6,20,41,3,SR-97,,28.93470833,-98.521,8,0,1,1,0,1,2,1,1,0
48,2016482350,482350,1,1,0,0,1,113,1730,16,9,2016,6,2,9,1,I-635 LBJ FWY,,32.91650833,-96.7428,52,0,19,1,0,8,3,1,1,0
48,2016482351,482351,1,1,0,0,1,141,2190,16,9,2016,6,19,25,6,MARCUS URIBE DR,,31.93650833,-106.422,33,0,1,1,0,4,1,1,1,0
48,2016482352,482352,2,2,0,0,3,201,0,16,9,2016,6,9,20,8,FM2920 KERMIER RD,BU290H HEMPSTEAD HWY,30.03161667,-95.8572,12,6,2,2,0,1,1,1,2,0
48,2016482353,482353,1,1,0,0,1,201,0,16,9,2016,6,21,18,4,CR-PORT RD,,29.604025,-95.005,25,0,1,1,0,4,2,1,1,0
48,2016482354,482354,1,1,0,1,1,201,3280,16,9,2016,6,20,21,7,I-610,,29.81331111,-95.3996,8,0,1,1,0,1,3,10,1,0
48,2016482355,482355,2,2,0,0,2,201,3280,16,9,2016,6,2,44,3,SR-225 LA PORTE FWY,,29.70616389,-95.2415,12,2,1,1,0,1,3,1,1,2
48,2016482356,482356,1,1,0,0,2,325,1210,16,9,2016,6,2,15,6,LOWER LA COSTE RD,,29.35447222,-98.8714,42,0,1,1,0,4,2,1,1,0
48,2016482357,482357,1,1,0,0,1,61,0,17,9,2016,7,2,18,4,CR-OKLAHOMA AVE,,25.93165278,-97.3976,42,0,1,1,0,4,2,1,1,1
48,2016482358,482358,2,2,0,0,2,113,1730,17,9,2016,7,4,40,6,ILLINOIS AVE,DUNCANVILLE RD,32.72053056,-96.9084,12,1,3,2,0,1,3,10,1,1
48,2016482359,482359,2,2,0,0,2,201,0,17,9,2016,7,8,55,4,CR-SPRING CYPRESS RD,,30.03943333,-95.547,12,6,1,1,0,1,1,10,1,0
48,2016482360,482360,2,2,0,0,3,231,0,17,9,2016,7,9,35,2,US-69,,33.08486667,-96.0471,12,6,8,1,0,1,1,1,1,0
48,2016482361,482361,2,2,0,0,3,41,970,18,9,2016,1,14,38,3,SR-6R BUSINESS TEXAS AVE,,30.67865833,-96.3693,12,7,1,1,0,1,1,1,1,1
48,2016482362,482362,1,1,0,0,1,113,6001,18,9,2016,1,3,50,6,ROWLETT RD,,32.90249444,-96.5693,33,0,1,1,0,3,3,1,1,1
48,2016482363,482363,1,1,0,0,1,139,2240,18,9,2016,1,12,30,8,FM1183 OAK GROVE RD,,32.29761944,-96.6096,1,0,1,1,0,1,1,1,1,0
48,2016482364,482364,2,1,1,1,1,29,6090,19,9,2016,2,9,11,8,SP371 GEN HUDNELL DR,,29.39257778,-98.5439,14,0,1,1,0,4,1,1,1,0
48,2016482365,482365,1,1,0,0,1,29,6090,19,9,2016,2,1,3,6,JUDSON RD,,29.58529444,-98.3771,33,0,1,1,0,4,3,1,1,1