STATE,YEAR_ST_CASE,ST_CASE,VE_TOTAL,VE_FORMS,PVH_INVL,PEDS,PERSONS,COUNTY,CITY,DAY,MONTH,YEAR,DAY_WEEK,HOUR,MINUTE,ROUTE,TWAY_ID,TWAY_ID2,LATITUDE,LONGITUD,HARM_EV,MAN_COLL,RELJCT2,TYP_INT,WRK_ZONE,REL_ROAD,LGT_COND,WEATHER,FATALS,DRUNK_DR
48,2016482366,482366,2,2,0,1,4,141,2190,19,9,2016,2,0,2,6,YARBROUGH DR,,31.74000556,-106.346,8,0,1,1,0,1,3,1,1,1
48,2016482367,482367,2,2,0,0,2,29,6090,20,9,2016,3,3,40,2,US-281,,29.46520556,-98.4737,12,7,18,1,0,1,3,1,1,0
48,2016482368,482368,1,1,0,0,1,113,3420,20,9,2016,3,6,56,3,SR-161RAMP AIRPORT FWY,,32.83738333,-97.0136,21,0,19,1,0,4,3,1,1,0
48,2016482369,482369,1,1,0,0,1,181,6350,20,9,2016,3,3,4,2,US-75 SAM RAYBURN FWY,,33.60175556,-96.6089,1,0,1,1,0,1,3,1,1,0
48,2016482370,482370,1,1,0,1,1,423,7070,20,9,2016,3,11,11,8,SS147 GENTRY PKWY,,32.35959167,-95.3049,8,0,1,1,0,2,1,1,1,0
48,2016482371,482371,1,1,0,1,1,309,7210,28,8,2016,1,2,16,2,US-84/WACO DR,25TH ST,31.54295833,-97.1533,8,0,3,2,0,1,2,1,1,1
48,2016482372,482372,1,1,0,1,1,89,7290,5,9,2016,2,18,44,1,I-10,,29.69193056,-96.7758,8,0,1,1,0,1,1,10,1,0
48,2016482373,482373,1,1,0,0,1,215,0,9,9,2016,6,22,24,4,CR-SCHUERBACH RD,,26.27906944,-98.3499,24,0,1,1,0,4,2,1,1,1
48,2016482374,482374,1,1,0,1,1,113,6260,18,9,2016,1,0,1,7,US-175,,32.66082778,-96.5722,8,0,1,1,0,1,3,1,1,0
48,2016482375,482375,5,5,0,0,5,303,4140,18,9,2016,1,18,25,6,50TH ST,INDIANA AVE,33.54877222,-101.888,12,1,3,2,0,1,1,1,1,1
48,2016482376,482376,1,1,0,1,1,29,6090,19,9,2016,2,8,22,1,I-10,,29.40148889,-98.4539,8,0,1,1,0,1,1,1,1,0
48,2016482377,482377,1,1,0,1,2,113,5730,21,9,2016,4,14,53,6,JUPITER RD,,32.95150556,-96.6828,9,0,1,1,0,1,1,1,1,0
48,2016482378,482378,1,1,0,1,1,201,0,21,9,2016,4,6,46,4,CR-KRENEK RD,,29.89938889,-95.0581,15,0,1,1,0,1,2,1,1,0
48,2016482379,482379,2,2,0,0,2,201,0,21,9,2016,4,19,27,4,CR-MASON RD,,29.75425,-95.7516,12,2,1,1,0,1,1,1,1,0
48,2016482380,482380,1,1,0,0,1,215,0,22,9,2016,5,0,15,2,US-281,,26.5705,-98.0128,1,0,1,1,0,3,2,1,1,1
48,2016482381,482381,1,1,0,0,3,227,640,2,7,2016,7,0,23,7,I-20,,32.26578056,-101.42,58,0,1,1,0,4,2,1,1,0
48,2016482382,482382,2,1,1,1,1,453,4290,27,7,2016,4,0,29,6,MARIE LN,,30.35164722,-97.5331,8,0,1,1,0,1,3,1,1,0
48,2016482383,482383,2,2,0,0,2,71,4728,6,8,2016,7,3,0,3,SR-146,FM3360 EAGLE DR,29.87576389,-94.8937,12,6,2,3,0,1,3,1,1,0
48,2016482384,482384,1,1,0,0,1,251,3538,9,8,2016,3,8,46,3,SR-174 BROADWAY ST,,32.469475,-97.3844,32,0,1,1,0,4,1,1,1,0
48,2016482385,482385,1,1,0,0,1,453,330,19,8,2016,6,20,24,7,I-35,,30.22436944,-97.7463,33,0,1,1,0,4,1,10,1,0
48,2016482386,482386,2,2,0,0,2,389,0,27,8,2016,7,11,0,8,RM652,,31.82819444,-103.903,12,6,8,1,0,1,1,1,2,0
48,2016482387,482387,2,2,0,0,2,201,3280,29,8,2016,2,0,5,6,GENOA RED BLUFF RD,SPACE CENTER BLVD,29.63111389,-95.1427,12,6,2,2,0,1,3,1,1,1
48,2016482388,482388,1,1,0,1,1,339,0,2,9,2016,6,22,19,8,FM1485,,30.14821667,-95.156,9,0,1,1,0,1,2,1,1,0
48,2016482389,482389,2,2,0,0,3,471,0,2,9,2016,6,11,0,8,FM1374,,30.58506389,-95.5722,12,6,1,1,0,1,1,1,1,0
48,2016482390,482390,2,2,0,0,2,355,1550,6,9,2016,3,7,53,6,OCEAN DR,,27.73316944,-97.36,12,6,8,1,0,1,1,2,1,0
48,2016482391,482391,2,2,0,0,3,301,0,7,9,2016,4,18,5,3,SR-302,,31.77795833,-103.342,12,2,1,1,0,1,1,2,1,0
48,2016482392,482392,2,2,0,0,2,497,0,8,9,2016,5,7,10,3,SR-114,,33.06456389,-97.5137,12,2,1,1,0,1,1,1,1,0
48,2016482393,482393,1,1,0,0,9,355,1550,10,9,2016,7,20,39,3,SR-286 RAMP,,27.74355,-97.4263,26,0,19,1,0,4,2,1,1,0
48,2016482394,482394,2,2,0,0,2,157,0,11,9,2016,1,8,15,8,FM 1093,GRAND CORNER DR,29.70142222,-95.7687,12,1,3,3,0,1,1,1,1,0
48,2016482395,482395,1,1,0,1,1,341,2000,11,9,2016,1,3,6,6,7TH ST,MELINDA AVE,35.85862222,-101.955,8,0,2,3,0,1,3,1,1,0
48,2016482396,482396,2,2,0,0,3,353,0,14,9,2016,4,15,58,2,US-84,,32.45583889,-100.533,12,2,1,1,0,1,1,2,1,1
48,2016482397,482397,2,2,0,0,2,471,0,14,9,2016,4,2,20,1,I-45,,30.76750833,-95.6368,12,1,1,1,0,1,2,1,1,0
48,2016482398,482398,2,2,0,0,2,121,1840,15,9,2016,5,7,49,2,US-380 UNIVERSITY DR,MARSHALL RD,33.23034722,-97.1844,12,6,2,3,1,1,1,1,1,0
48,2016482399,482399,2,2,0,0,3,133,0,15,9,2016,5,2,12,1,I-20,,32.47401667,-98.6259,57,0,19,1,0,3,2,10,1,0
48,2016482400,482400,1,1,0,0,2,339,0,15,9,2016,5,0,55,3,SR-242 NEEDHAM RD,,30.20845278,-95.4226,59,0,1,1,0,4,2,1,2,1
48,2016482401,482401,2,2,0,0,2,157,5970,16,9,2016,6,11,31,2,US-59 SOUTHWEST FWY,,29.52288889,-95.8756,12,1,18,1,1,1,1,1,1,0
48,2016482402,482402,3,1,2,2,2,169,0,16,9,2016,6,20,20,2,US-84,,33.11528889,-101.276,14,0,1,1,0,2,5,10,1,0
48,2016482403,482403,1,1,0,0,1,203,7260,16,9,2016,6,16,50,6,MAGNOLIA RD,COOKE ST,32.47334444,-94.0587,53,0,1,1,0,4,1,1,1,0
48,2016482404,482404,1,1,0,0,5,35,0,17,9,2016,7,19,20,4,CR-1743,,31.86234167,-97.394,1,0,1,1,0,1,1,1,1,0
48,2016482405,482405,1,1,0,0,1,159,4760,17,9,2016,7,7,3,3,SR-37,,33.17955,-95.2334,33,0,1,1,0,4,4,1,1,0
48,2016482406,482406,2,2,0,0,4,339,0,17,9,2016,7,15,12,8,FM 1484,,30.3949,-95.3995,12,6,1,1,0,1,1,1,2,0
48,2016482407,482407,1,1,0,0,3,201,0,18,9,2016,1,3,13,3,SR-6,,29.71851667,-95.6442,46,0,1,1,0,4,3,1,1,1
48,2016482408,482408,1,1,0,0,1,201,0,18,9,2016,1,5,0,4,CR-SPRING CYPRESS RD,,30.02397222,-95.5687,30,0,1,1,0,4,2,1,1,1
48,2016482409,482409,1,1,0,0,2,231,0,18,9,2016,1,14,50,1,I-30,,33.13169444,-95.9379,43,0,19,1,0,10,1,1,1,0
48,2016482410,482410,1,1,0,0,2,471,0,18,9,2016,1,0,34,8,FM 2550,,30.70776667,-95.6914,42,0,1,1,0,4,2,1,1,0
48,2016482411,482411,2,2,0,0,6,113,1730,19,9,2016,2,22,25,6,FERGUSON RD,WOODMEADOW PKWY,32.85397778,-96.6509,12,6,2,2,0,1,3,1,1,1
48,2016482412,482412,1,1,0,0,4,113,1730,19,9,2016,2,21,9,6,PRAIRIE CREEK RD,,32.75445,-96.6652,30,0,1,1,0,4,3,1,1,0
48,2016482413,482413,1,1,0,0,1,113,3420,19,9,2016,2,20,2,3,SR-356 IRVING BLVD,,32.83395556,-96.9881,33,0,19,1,0,4,2,2,1,0
48,2016482414,482414,1,1,0,0,3,157,0,19,9,2016,2,19,11,8,FM 361,,29.46167778,-95.817,1,0,1,1,0,4,1,2,1,0
48,2016482415,482415,2,2,0,0,3,183,0,19,9,2016,2,7,9,3,SR-135,SPOKANE ST,32.46173889,-94.9397,12,6,3,3,0,1,1,1,1,0
48,2016482416,482416,2,2,0,0,3,183,0,19,9,2016,2,15,23,2,US-259,CR-TRYON RD,32.58005556,-94.7363,12,6,2,2,0,1,1,1,1,0
48,2016482417,482417,1,1,0,0,2,37,6850,20,9,2016,3,21,10,3,SR-93 LAKE DR,,33.40649444,-94.0606,52,0,1,1,0,4,2,1,2,0
48,2016482418,482418,2,2,0,0,2,55,0,20,9,2016,3,15,23,3,SR-80,OLD BASTROP HWY,29.86714444,-97.8898,12,2,1,1,0,1,1,1,1,0
48,2016482419,482419,3,3,0,0,4,67,0,20,9,2016,3,11,59,3,SR-49,,32.88230278,-94.5397,12,1,1,1,1,1,1,1,1,0
48,2016482420,482420,1,1,0,0,1,157,0,20,9,2016,3,23,32,6,HARLEM RD,,29.59901111,-95.7137,10,0,6,1,0,1,2,1,1,1
48,2016482422,482422,1,1,0,1,1,201,3280,21,9,2016,4,20,33,6,AIRPORT BLVD,,29.651975,-95.2574,33,0,8,1,0,4,3,1,1,0
48,2016482423,482423,2,2,0,0,2,223,0,21,9,2016,4,5,28,7,I-30,,33.126025,-95.7428,12,1,1,1,0,1,2,1,1,0
48,2016482424,482424,1,1,0,1,2,467,2810,21,9,2016,4,19,45,6,FRANK ST,,32.67331389,-95.7059,8,0,1,1,0,1,2,1,1,0
48,2016482425,482425,2,1,1,1,1,29,6090,22,9,2016,5,17,38,1,I-410,,29.36096667,-98.3982,8,0,1,1,0,4,1,1,1,0
48,2016482426,482426,2,2,0,0,2,35,0,22,9,2016,5,8,50,3,SR-6,,31.96546389,-97.7997,12,1,1,1,1,1,1,1,1,0
48,2016482427,482427,1,1,0,1,1,141,2190,22,9,2016,5,20,54,6,VISTA DEL SOL,BESSEMER,31.75367778,-106.313,8,0,2,2,0,1,2,1,1,0
48,2016482428,482428,1,1,0,0,1,143,0,22,9,2016,5,0,28,2,US-281,,32.29771111,-98.1886,38,0,1,1,0,5,2,1,1,1
48,2016482429,482429,2,2,0,0,2,201,0,22,9,2016,5,0,5,4,CR-VETERANS MEMORIAL DR,CR-WEST RD,29.91450833,-95.4421,12,6,2,3,0,1,3,1,1,1
48,2016482430,482430,1,1,0,0,2,249,0,22,9,2016,5,1,49,3,SR-44/359 GRAVIS AVE,,27.75982778,-98.2167,38,0,1,1,0,4,2,1,1,1
48,2016482431,482431,1,1,0,0,1,455,0,22,9,2016,5,18,30,2,US-287,,31.01362778,-95.0233,1,0,1,1,0,4,1,1,1,1
48,2016482432,482432,1,1,0,0,2,497,0,22,9,2016,5,18,17,4,CR-2690,,33.38908611,-97.6507,42,0,1,1,0,4,1,1,1,1
48,2016482433,482433,1,1,0,0,1,497,0,22,9,2016,5,13,56,4,CR-4793,,33.03719444,-97.6424,42,0,1,1,0,4,1,1,1,1
48,2016482434,482434,2,2,0,0,2,499,0,23,9,2016,6,6,25,2,US-80,,32.67410556,-95.5263,12,6,8,1,0,1,4,1,1,0
48,2016482435,482435,1,1,0,0,2,159,0,24,9,2016,7,17,2,8,FM900,,33.09990833,-95.2905,1,0,1,1,0,4,1,1,1,0
48,2016482436,482436,1,1,0,0,3,121,1840,25,9,2016,1,20,31,8,FM2449,,33.17692778,-97.2251,1,0,1,1,0,4,2,2,3,0
48,2016482437,482437,1,1,0,0,1,223,0,25,9,2016,1,18,12,3,SR-154,,32.99156389,-95.5956,42,0,1,1,0,4,1,10,1,0
48,2016482438,482438,1,1,0,1,1,339,1510,25,9,2016,1,16,10,6,PLANTATION DR,SILVER CREEK DR,30.32866389,-95.4739,8,0,2,3,0,1,1,2,1,0
48,2016482439,482439,1,1,0,1,1,339,1510,26,9,2016,2,21,7,3,SR-75 FRAZIER ST,,30.37319722,-95.4791,8,0,1,1,0,2,2,1,1,1
48,2016482440,482440,1,1,0,1,1,39,4306,27,9,2016,3,20,6,3,SR-288,,29.50156389,-95.3892,8,0,1,1,0,1,2,1,1,0
48,2016482441,482441,1,1,0,0,1,111,0,27,9,2016,3,6,57,8,FM1727,,36.07980833,-102.696,1,0,1,1,1,1,2,1,1,0
48,2016482442,482442,1,1,0,1,2,201,3280,4,6,2016,7,21,5,6,POST OAK RD,,29.66509722,-95.4637,8,0,1,1,0,1,3,10,1,0
48,2016482443,482443,1,1,0,1,2,215,0,17,7,2016,1,22,0,8,FM1423 VAL VERDE RD,,26.2534,-98.0744,8,0,1,1,0,1,2,1,1,0
48,2016482444,482444,2,2,0,0,2,29,6090,23,7,2016,7,8,14,6,COMMERCE ST,PARK PLAZA,29.43218333,-98.5684,12,6,2,3,0,1,1,1,1,0
48,2016482445,482445,1,1,0,1,2,215,50,14,8,2016,1,20,45,6,TOWER RD,,26.17470278,-98.1125,8,0,1,1,0,1,1,1,1,0
48,2016482446,482446,2,2,0,0,3,439,9997,18,8,2016,5,13,57,1,I-35W,,32.5594,-97.319,12,1,1,1,0,1,1,10,1,0
48,2016482447,482447,2,2,0,0,2,173,0,29,8,2016,2,19,3,3,SR-158,,31.86338611,-101.558,12,6,1,1,0,1,5,2,1,0
48,2016482448,482448,1,1,0,1,1,469,0,10,9,2016,7,21,5,2,US-87 OLD PORT LAVACA RD,,28.66138889,-96.7823,8,0,1,1,0,1,2,1,1,0
48,2016482449,482449,2,2,0,0,4,119,1530,11,9,2016,1,12,30,3,SR-24,FM64,33.37631667,-95.7021,1,0,2,2,0,1,1,1,2,0
48,2016482450,482450,2,2,0,0,3,39,0,13,9,2016,3,6,35,3,SR-36,,29.19159444,-95.6806,12,2,1,1,0,1,4,10,2,0
48,2016482451,482451,2,2,0,0,3,355,0,13,9,2016,3,6,33,8,FM 624/NORTHWEST BLVD,,27.87146111,-97.7106,12,1,1,1,0,1,2,1,1,0
48,2016482452,482452,1,1,0,0,1,157,5970,14,9,2016,4,22,54,2,US-59/SOUTH WEST FREEWAY,,29.53231389,-95.8601,25,0,1,1,1,3,2,1,1,0
48,2016482453,482453,2,2,0,0,2,291,0,14,9,2016,4,5,12,2,US-90,,30.02213056,-94.5215,12,2,1,1,0,1,2,1,1,0
48,2016482454,482454,1,1,0,0,2,355,1550,15,9,2016,5,22,26,6,FLOUR BLUFF DR,,27.65178611,-97.3115,1,0,1,1,0,4,2,1,1,0
48,2016482455,482455,1,1,0,0,2,355,1550,16,9,2016,6,14,48,6,PORT AVE,,27.76865833,-97.4203,19,0,1,1,0,5,1,1,1,1
48,2016482456,482456,1,1,0,1,1,29,6090,17,9,2016,7,2,35,7,SL 1604,SR-16/BRAUN RD,29.53588056,-98.6815,9,0,2,2,0,1,3,1,1,0
48,2016482457,482457,1,1,0,0,1,363,0,17,9,2016,7,17,52,3,SR-337,,32.97171111,-98.3076,42,0,1,1,0,4,1,1,1,0
48,2016482458,482458,1,1,0,0,3,319,4380,18,9,2016,1,15,33,8,FM 1871/EL PASO ST,,30.74906111,-99.2374,5,0,1,1,0,1,1,1,1,0
48,2016482459,482459,1,1,0,0,1,439,2450,18,9,2016,1,1,40,3,SR-360/AMON CARTER RAMP,,32.83003056,-97.0609,30,0,19,1,0,4,2,1,1,0
48,2016482460,482460,1,1,0,0,1,251,0,19,9,2016,2,13,4,8,FM 2738,,32.44386944,-97.1639,1,0,1,1,0,4,1,1,1,0
48,2016482461,482461,2,2,0,0,2,201,9997,20,9,2016,3,12,5,8,FM 328,,29.52244167,-95.1604,12,6,8,1,0,1,1,1,1,0
48,2016482462,482462,1,1,0,0,1,135,0,21,9,2016,4,19,10,1,I-20,,31.816925,-102.389,1,0,1,1,1,10,3,1,1,1
48,2016482463,482463,1,1,0,0,1,163,0,21,9,2016,4,14,59,1,I-35,,28.83612222,-99.114,1,0,1,1,0,10,1,10,1,0
48,2016482464,482464,3,3,0,1,3,439,2450,21,9,2016,4,22,34,2,US-287 MLK HWY,,32.74609167,-97.3078,8,0,18,1,0,1,2,1,1,0
48,2016482465,482465,2,2,0,0,2,491,0,21,9,2016,4,22,46,4,CR-175 SAM BASS RD,,30.55563056,-97.7684,12,6,1,1,0,1,2,1,1,1
48,2016482466,482466,2,2,0,0,3,29,6090,22,9,2016,5,20,15,8,SS 421 BANDERA RD,,29.45898611,-98.5572,12,6,8,1,0,1,3,1,1,0
48,2016482467,482467,1,1,0,1,1,189,0,22,9,2016,5,8,9,8,FM 1767 34TH ST,,34.21990833,-101.692,9,0,1,1,0,1,1,1,1,0
48,2016482468,482468,2,2,0,0,3,201,3280,23,9,2016,6,5,22,7,I-10 KATY FWY,,29.78464444,-95.7002,12,7,18,1,0,1,3,1,1,0
48,2016482469,482469,1,1,0,0,2,439,364,24,9,2016,7,16,7,3,SR-199 NORTHWEST PKWY,,32.89866944,-97.5431,33,0,19,1,0,10,1,2,1,0
48,2016482470,482470,2,2,0,0,2,251,0,25,9,2016,1,8,6,3,SR-174,,32.293625,-97.3898,12,2,1,1,0,4,1,2,1,0
48,2016482471,482471,3,1,2,3,2,303,4140,25,9,2016,1,2,34,6,ERSKINE ST,,33.60683889,-101.87,14,0,1,1,0,5,3,10,1,0
48,2016482473,482473,1,1,0,0,2,265,0,26,9,2016,2,7,30,2,US-83,,30.14097222,-99.72,42,0,1,1,0,4,4,2,1,0
48,2016482474,482474,2,2,0,0,2,221,0,27,9,2016,3,6,25,8,FM 51,,32.53921944,-97.7791,12,2,1,1,0,1,2,10,1,0
48,2016482475,482475,4,4,0,0,4,245,5430,27,9,2016,3,12,14,2,US-69 MEMORIAL BLVD,39TH ST,29.91395556,-93.9503,12,1,3,3,0,1,1,1,1,0
48,2016482476,482476,1,1,0,0,1,351,0,27,9,2016,3,18,40,3,SR-87,,30.57671389,-93.7855,59,0,1,1,0,4,5,1,1,0
48,2016482477,482477,3,3,0,0,4,139,2240,28,9,2016,4,16,31,8,SS 437 CLAY ST,WACO ST,32.32147222,-96.6303,12,6,2,3,0,1,1,1,1,0
48,2016482478,482478,3,3,0,0,3,85,4802,29,9,2016,5,13,23,8,FM 544,MURPHY RD,33.01158333,-96.612,12,1,3,2,0,1,1,1,1,0
48,2016482479,482479,2,2,0,0,3,5,0,30,9,2016,6,17,6,3,SR-103,,31.34444722,-94.6078,12,2,1,1,0,1,1,1,1,0
48,2016482480,482480,1,1,0,1,1,29,6090,30,9,2016,6,4,47,2,US-281,,29.50848333,-98.4773,8,0,18,1,1,1,3,1,1,0
48,2016482481,482481,2,2,0,0,4,71,0,30,9,2016,6,6,15,1,I-10,,29.83566944,-94.554,12,1,1,1,0,1,2,1,2,0
48,2016482482,482482,2,2,0,0,2,143,0,30,9,2016,6,3,26,3,SR-220,,32.03913611,-98.0069,12,6,1,1,0,1,2,1,1,0
48,2016482483,482483,1,1,0,1,1,277,5220,30,9,2016,6,7,53,2,US-82H BUSINESS CLARKSVILLE ST,,33.66052778,-95.5509,15,0,1,1,0,1,1,1,1,0
48,2016482484,482484,1,1,0,0,1,5,0,1,10,2016,7,14,13,8,FM 326,,31.34509167,-94.631,1,0,1,1,0,1,1,10,1,0
48,2016482485,482485,1,1,0,1,3,29,6090,1,10,2016,7,19,59,6,CULEBRA RD,GRISSOM GATE,29.47080556,-98.6513,8,0,3,3,0,1,3,1,1,0
48,2016482486,482486,2,2,0,0,4,159,7560,1,10,2016,7,13,30,3,SR-11 BROADWAY,,32.96415,-95.2997,12,2,1,1,0,1,1,1,3,0
48,2016482487,482487,2,2,0,0,5,245,5430,1,10,2016,7,15,56,3,SR-87 GULFWAY DR,SAN ANTONIO AVE,29.87741667,-93.9488,12,6,2,2,0,1,1,1,2,0
48,2016482488,482488,3,3,0,0,4,439,2450,1,10,2016,7,19,38,6,RIVERSIDE DR,,32.75881389,-97.3018,12,2,1,1,0,1,3,1,1,1
48,2016482489,482489,2,2,0,0,2,61,3030,2,10,2016,1,15,15,6,3RD ST,VAN BUREN AVE,26.191675,-97.6934,12,6,2,2,0,1,1,1,1,1
48,2016482490,482490,1,1,0,0,2,113,1730,2,10,2016,1,7,9,6,BELT LINE RD,,32.950075,-96.7985,33,0,1,1,0,3,4,1,1,1
48,2016482491,482491,1,1,0,1,1,121,3960,2,10,2016,1,20,41,3,SR-121H BUSINESS,,33.02140556,-96.993,8,0,1,1,0,1,3,1,1,0
48,2016482492,482492,2,2,0,0,4,215,7330,2,10,2016,1,13,36,8,FM1015 INTERNATIONAL BLVD,,26.1553,-97.9584,5,0,1,1,0,1,1,1,1,1
48,2016482493,482493,2,2,0,0,4,245,490,2,10,2016,1,1,5,7,US-69 CARDINAL DR,SS380 MARTIN LUTHER KING PKWY,30.0329,-94.0622,12,6,2,2,0,1,3,1,3,0
48,2016482494,482494,2,2,0,0,4,113,1190,4,10,2016,3,23,21,6,TARPLEY RD,,32.9792,-96.8513,12,98,1,1,0,1,2,1,1,0
48,2016482495,482495,2,2,0,0,4,121,1190,4,10,2016,3,18,24,6,HEBRON PKWY,FURNEAUX LN,33.02468889,-96.8788,12,6,2,3,0,1,1,1,1,0
48,2016482496,482496,1,1,0,1,3,439,2450,4,10,2016,3,21,53,1,I-20 RAMP,,32.67109167,-97.2389,8,0,20,1,0,1,3,1,1,0
48,2016482497,482497,1,1,0,1,2,167,2570,28,9,2016,4,0,15,8,FM3005 SAN LOUIS PASS RD,,29.24079167,-94.8762,8,0,1,1,0,1,2,1,1,0
48,2016482498,482498,1,1,0,2,1,303,0,30,9,2016,6,4,30,2,US-62,,33.667275,-101.58,8,0,1,1,0,1,2,10,2,0
48,2016482499,482499,1,1,0,0,4,487,0,1,10,2016,7,2,2,8,FM924,CR-89N,34.28121667,-99.4365,1,0,3,4,0,4,2,1,1,1
48,2016482500,482500,1,1,0,1,1,257,0,2,10,2016,1,20,28,3,SR-205,,32.78623889,-96.3211,8,0,1,1,0,1,2,1,1,0
48,2016482501,482501,1,1,0,0,1,265,0,2,10,2016,1,10,50,3,SR-16 MEDINA HWY,,29.91599167,-99.2483,42,0,1,1,0,4,1,10,1,0
48,2016482502,482502,2,2,0,0,2,201,0,5,10,2016,4,22,45,4,CR-FRY RD,,29.81596111,-95.7206,12,6,8,1,0,1,2,1,1,1
48,2016482503,482503,1,1,0,1,1,439,2450,7,10,2016,6,5,15,8,BU287P MAIN ST,30TH ST,32.7993,-97.3503,8,0,2,3,0,1,2,2,1,0
48,2016482504,482504,1,1,0,0,4,439,6200,10,7,2016,1,0,48,3,SR-199 JACKSBORO HWY,,32.79795278,-97.4039,43,0,1,1,0,3,2,1,1,1
48,2016482505,482505,2,2,0,0,5,141,2190,2,9,2016,6,19,9,6,RESLER DR,NARDO GOODMAN DR,31.87518333,-106.561,12,6,2,2,0,1,3,1,1,0
48,2016482506,482506,2,2,0,0,5,113,2590,11,9,2016,1,2,25,1,I-635 LBJ FWY,,32.87816667,-96.688,12,1,1,1,0,1,3,1,2,0
48,2016482507,482507,3,3,0,0,3,215,4197,11,9,2016,1,2,49,8,SS105 23RD ST,DICKER RD,26.13234722,-98.2571,12,1,3,3,0,1,3,1,1,1
48,2016482508,482508,1,1,0,0,3,61,0,19,9,2016,2,2,50,8,FM510 SAN JOSE RANCH RD,,26.14098333,-97.5921,34,0,1,1,0,4,3,1,1,0
48,2016482509,482509,2,2,0,0,4,201,3280,22,9,2016,5,19,12,6,GULFTON ST,WESTWARD ST,29.71630556,-95.4931,12,6,2,2,0,1,1,1,1,0
48,2016482510,482510,1,1,0,0,1,113,3420,23,9,2016,6,23,7,3,SR-190 PRES GEORGE BUSH TPKE,,32.90780833,-96.9531,59,0,19,1,0,4,3,1,1,1
48,2016482511,482511,1,1,0,0,1,339,0,24,9,2016,7,1,15,4,CR-HILL AND DALE AVE,,30.20478889,-95.1583,1,0,1,1,0,4,2,1,1,1
48,2016482512,482512,3,3,0,0,4,157,2545,27,9,2016,3,5,53,8,FM 359/FM 1093,,29.69255,-95.8707,12,2,1,1,0,1,4,1,1,0
48,2016482513,482513,2,2,0,0,2,439,2450,27,9,2016,3,3,25,3,SR-360,,32.8301,-97.061,12,1,1,1,0,1,2,1,1,0
48,2016482514,482514,1,1,0,1,1,469,0,27,9,2016,3,6,50,3,SR-185/SHEPLEY ST,CR-FIFTH ST,28.65054722,-96.8953,8,0,2,2,0,1,2,1,1,0
48,2016482515,482515,2,2,0,0,3,181,0,28,9,2016,4,16,50,8,FM 120,,33.77028889,-96.7063,12,6,1,1,0,1,1,1,2,1
48,2016482516,482516,2,2,0,1,2,209,6170,28,9,2016,4,2,1,1,I-35,,29.84011111,-97.9716,12,1,1,1,0,1,2,1,1,1
48,2016482517,482517,2,2,0,0,2,317,0,28,9,2016,4,17,10,8,FM 829,CR-3600,32.32096944,-101.935,12,6,2,2,0,1,1,1,1,0
48,2016482518,482518,2,2,0,0,3,453,330,28,9,2016,4,2,15,8,SL 1/MOPAC EEXPY,,30.32064722,-97.7561,12,1,1,1,1,1,2,1,1,1
48,2016482519,482519,1,1,0,1,2,29,6090,29,9,2016,5,16,23,6,SAN PEDRO AVE,,29.5054,-98.4993,8,0,8,1,0,11,1,1,1,0
48,2016482520,482520,2,2,0,1,2,113,1730,29,9,2016,5,15,46,6,COMMERCE ST,CESAR CHAVEZ BLVD,32.78165,-96.7909,12,6,2,2,1,1,1,1,1,0
48,2016482521,482521,1,1,0,0,3,157,0,29,9,2016,5,1,45,4,CR-FOSTER SCHOOL RD,CR-WILLIAM SCHOOL RD,29.43966667,-95.8384,30,0,3,2,0,4,2,1,1,1
48,2016482522,482522,2,2,0,0,3,223,6668,29,9,2016,5,9,17,3,SR-11 POSEY LN,,33.10768611,-95.595,12,6,8,1,0,1,1,1,1,0
48,2016482523,482523,2,2,0,0,6,29,6090,30,9,2016,6,15,49,8,FM1937,,29.28126667,-98.4655,12,2,1,1,0,1,1,1,2,0
48,2016482524,482524,1,1,0,1,1,113,1730,30,9,2016,6,23,3,6,RED BIRD LN,SINGING HILLS DR,32.67485833,-96.801,15,0,2,2,0,1,3,1,1,0
48,2016482525,482525,1,1,0,2,1,121,6150,30,9,2016,6,13,55,6,BOLIVAR ST,,33.36236389,-97.1692,10,0,6,1,0,1,1,1,1,0
48,2016482526,482526,4,4,0,1,4,201,3280,30,9,2016,6,6,0,1,I-45 NORTH FWY,,29.85685,-95.401,8,0,1,1,0,1,3,1,1,0
48,2016482527,482527,1,1,0,1,1,201,5230,30,9,2016,6,20,12,6,PASADENA BLVD,,29.68211667,-95.1782,8,0,1,1,0,1,6,1,1,0
48,2016482528,482528,1,1,0,0,1,231,0,30,9,2016,6,14,48,3,SR-34,,32.92990833,-96.1208,3,0,1,1,0,4,1,1,1,0
48,2016482529,482529,1,1,0,0,1,201,3280,1,10,2016,7,16,24,6,11TH ST,,29.78952222,-95.4217,42,0,1,1,0,3,1,10,1,1