STATE,YEAR_ST_CASE,ST_CASE,VE_TOTAL,VE_FORMS,PVH_INVL,PEDS,PERSONS,COUNTY,CITY,DAY,MONTH,YEAR,DAY_WEEK,HOUR,MINUTE,ROUTE,TWAY_ID,TWAY_ID2,LATITUDE,LONGITUD,HARM_EV,MAN_COLL,RELJCT2,TYP_INT,WRK_ZONE,REL_ROAD,LGT_COND,WEATHER,FATALS,DRUNK_DR
48,2016482530,482530,4,4,0,0,4,239,0,1,10,2016,7,16,22,2,US-59,,28.93449444,-96.7338,12,2,1,1,0,1,1,1,2,0
48,2016482531,482531,1,1,0,0,1,167,1920,2,10,2016,1,8,0,6,HUGHES RD,,29.44548056,-95.0635,52,0,1,1,0,4,1,1,1,1
48,2016482532,482532,2,2,0,1,2,201,0,2,10,2016,1,22,0,4,CR-WESTGARD BLVD,,29.82930833,-95.2206,12,1,1,1,0,1,2,1,1,0
48,2016482533,482533,2,2,0,0,7,209,0,2,10,2016,1,20,0,8,FM621 STAPLES RD,,29.840525,-97.9107,12,2,1,1,0,1,2,1,1,0
48,2016482534,482534,2,2,0,0,3,285,0,2,10,2016,1,18,8,2,US-77,FM532,29.28943611,-96.9688,12,6,2,2,0,1,1,1,2,0
48,2016482536,482536,1,1,0,0,1,453,330,2,10,2016,1,0,19,6,CAMERON RD,,30.32984722,-97.6896,42,0,1,1,0,3,3,1,1,1
48,2016482537,482537,1,1,0,2,2,215,4197,3,10,2016,2,21,52,6,CONVENTION CENTER BLVD,HOUSTON AVE,26.19940556,-98.2602,8,0,3,3,0,4,3,1,1,1
48,2016482538,482538,2,2,0,0,3,39,0,4,10,2016,3,12,13,3,SR-288 RAMP,FM523,29.19750278,-95.4561,12,6,2,2,0,1,1,10,1,0
48,2016482539,482539,2,2,0,0,5,221,0,4,10,2016,3,20,15,4,CR-DAVIS RD,CR-GRAND HARBOR CT,32.42515278,-97.7344,12,6,2,3,0,1,2,1,1,0
48,2016482540,482540,2,2,0,0,2,329,4560,4,10,2016,3,18,55,7,SL250,,32.04356111,-102.082,12,7,1,1,0,1,1,1,1,0
48,2016482541,482541,1,1,0,0,1,397,5910,5,10,2016,4,7,0,1,I-30,,32.91234167,-96.4466,25,0,1,1,1,3,2,1,1,1
48,2016482542,482542,1,1,0,0,1,91,0,6,10,2016,5,7,26,8,RM32,,29.93285,-98.168,1,0,1,1,0,4,1,1,1,1
48,2016482543,482543,1,1,0,0,1,115,0,6,10,2016,5,16,16,2,US-87,,32.86117778,-101.887,1,0,1,1,0,4,1,1,1,0
48,2016482544,482544,1,1,0,1,1,309,7210,6,10,2016,5,21,53,6,FRANKLIN AVE,32ND ST,31.53353889,-97.1563,9,0,2,3,1,1,3,1,1,0
48,2016482545,482545,2,2,0,0,3,353,6720,6,10,2016,5,17,20,1,I-20,,32.45257222,-100.392,12,7,5,1,0,1,1,10,1,0
48,2016482546,482546,1,1,0,0,4,381,0,6,10,2016,5,3,23,4,CR-PETERSEN RD,CR-BELL ST,35.06656667,-101.901,32,0,3,3,0,4,2,1,1,1
48,2016482547,482547,2,2,0,0,2,29,6090,7,10,2016,6,21,9,7,I-35,,29.54639722,-98.3684,12,6,8,1,0,1,3,10,1,1
48,2016482548,482548,2,2,0,0,3,99,2610,7,10,2016,6,21,40,2,US-84 MAIN ST,LOVERS LN,31.43470556,-97.7251,12,6,2,2,0,1,3,1,1,1
48,2016482549,482549,1,1,0,0,1,321,0,7,10,2016,6,3,16,8,FM2611,,28.89375278,-95.6416,11,0,1,1,0,1,2,10,1,0
48,2016482550,482550,2,2,0,0,4,423,0,7,10,2016,6,6,0,8,FM344,,32.14650833,-95.3761,12,2,1,1,0,1,2,1,1,0
48,2016482551,482551,2,2,0,0,4,83,0,8,10,2016,7,14,55,2,US-283,,31.49905,-99.3747,12,7,8,1,0,1,1,1,1,0
48,2016482552,482552,2,2,0,0,3,113,6001,8,10,2016,7,22,45,6,PGB TURNPIKE,,32.89534167,-96.5562,12,2,18,1,0,1,3,1,2,2
48,2016482553,482553,2,2,0,0,3,187,6290,8,10,2016,7,17,47,2,US-90,FM 725,29.55493056,-98.029,12,6,2,2,0,1,1,1,1,0
48,2016482554,482554,1,1,0,1,1,375,150,8,10,2016,7,20,29,2,US-60 AMARILLO BLVD,ROBERTS ST,35.22194444,-101.816,8,0,3,3,0,1,3,1,1,0
48,2016482555,482555,1,1,0,0,1,407,0,8,10,2016,7,11,39,8,FM 224,,30.64280556,-95.143,44,0,1,1,0,1,1,1,1,0
48,2016482556,482556,1,1,0,1,1,361,0,9,10,2016,1,22,5,7,I-10 LUTCHER DR,,30.12180833,-93.75,8,0,18,1,0,1,2,1,1,0
48,2016482557,482557,1,1,0,1,1,287,2640,10,10,2016,2,19,50,8,FM 2440,CROCKETT,30.19131944,-96.9441,8,0,2,3,0,1,3,1,1,0
48,2016482558,482558,1,1,0,0,1,423,0,10,10,2016,2,10,9,4,CR-384 OLD LONGVIEW RD,,32.40010556,-95.1983,11,0,1,1,0,1,1,1,1,0
48,2016482559,482559,1,1,0,1,1,423,7070,10,10,2016,2,15,56,2,US-271,OLD GLADEWATER HWY,32.38145278,-95.2788,8,0,3,3,0,1,1,1,1,0
48,2016482560,482560,1,1,0,1,1,113,1730,11,10,2016,3,21,52,8,SL 12 LEDBETTER DR,CORRIGAN DR,32.69281944,-96.7754,8,0,1,1,0,1,3,10,1,0
48,2016482561,482561,3,3,0,0,3,227,0,15,8,2016,2,14,57,1,I-20,,32.30183056,-101.252,12,8,1,1,0,1,1,1,1,1
48,2016482562,482562,2,2,0,0,2,201,3280,11,9,2016,1,2,38,7,I-69/US-59,,29.70402778,-95.514,12,7,18,1,0,1,2,1,1,1
48,2016482563,482563,2,2,0,0,2,201,3280,12,9,2016,2,9,20,6,ALGIERS RD,BURNSIDE,29.84536111,-95.5427,12,6,2,2,0,1,1,10,1,0
48,2016482564,482564,1,1,0,0,1,37,0,16,9,2016,6,2,0,2,US-259,,33.38544722,-94.6801,59,0,1,1,0,4,2,10,1,1
48,2016482565,482565,1,1,0,0,1,355,1550,22,9,2016,5,2,38,1,I-37,,27.88642222,-97.6258,52,0,1,1,0,10,2,1,1,0
48,2016482566,482566,1,1,0,0,1,37,0,26,9,2016,2,20,15,1,I-30,,33.38465,-94.6022,21,0,19,1,0,10,2,1,1,0
48,2016482567,482567,1,1,0,0,1,29,6090,3,10,2016,2,13,45,6,GROWDON,,29.39875556,-98.5672,30,0,1,1,0,4,1,1,1,0
48,2016482568,482568,2,2,0,0,2,349,0,4,10,2016,3,14,23,3,SR-14,,31.84849167,-96.4473,12,8,1,1,0,1,1,1,1,0
48,2016482569,482569,1,1,0,0,1,201,0,6,10,2016,5,21,46,4,CR-ANTOINE DR,,29.89548889,-95.48,42,0,1,1,0,3,2,1,1,0
48,2016482570,482570,2,1,1,0,4,201,3280,6,10,2016,5,23,54,1,I-45 GULF FWY,,29.66641667,-95.2604,14,0,1,1,0,2,3,1,1,0
48,2016482571,482571,4,4,0,0,6,267,0,6,10,2016,5,23,3,1,I-10,,30.52228056,-99.8766,12,1,1,1,0,1,2,1,1,0
48,2016482572,482572,1,1,0,0,1,289,0,6,10,2016,5,18,45,1,I-45,,31.264,-95.988,1,0,1,1,0,1,5,1,1,0
48,2016482573,482573,1,1,0,0,2,313,0,6,10,2016,5,5,59,4,CR-BATSON LOOP,,31.00408889,-96.1089,34,0,1,1,0,4,2,1,1,1
48,2016482574,482574,4,4,0,0,11,29,6090,7,10,2016,6,15,27,6,MARBACH RD,,29.41779444,-98.6722,12,10,1,1,0,1,1,10,1,0
48,2016482575,482575,1,1,0,1,1,61,0,7,10,2016,6,22,45,3,SR-100,,26.08113056,-97.2566,8,0,1,1,0,1,3,10,1,0
48,2016482576,482576,2,2,0,0,3,203,4360,7,10,2016,6,19,50,3,SR-154/VAN ZANDT ST,SL 390/ERNEST F SMITH PKWY,32.559625,-94.3956,12,6,2,2,0,1,3,10,2,0
48,2016482577,482577,1,1,0,0,1,29,6090,8,10,2016,7,3,23,1,I-10,,29.42878611,-98.4157,24,0,1,1,0,4,3,1,1,1
48,2016482578,482578,1,1,0,0,2,491,0,8,10,2016,7,11,41,8,FM 2243,,30.59533056,-97.8004,42,0,1,1,0,4,9,99,2,0
48,2016482579,482579,2,2,0,0,2,201,3280,9,10,2016,1,23,5,6,HAMILTON ST,,29.73419444,-95.3716,23,0,19,1,0,4,2,1,1,1
48,2016482580,482580,2,2,0,0,2,27,6810,10,10,2016,2,13,49,1,I-35,,31.09331944,-97.3778,12,1,1,1,1,1,1,1,1,0
48,2016482581,482581,3,2,1,0,3,61,6110,10,10,2016,2,13,0,1,I-69E,,26.14956111,-97.6671,45,0,1,1,2,2,1,1,1,0
48,2016482582,482582,2,2,0,0,3,467,0,10,10,2016,2,23,5,4,CR-4TH ST,,32.71573056,-96.0074,53,0,1,1,0,4,2,10,1,0
48,2016482583,482583,1,1,0,1,1,29,6090,12,10,2016,4,20,43,6,ZARZAMORA ST,,29.43318056,-98.5263,8,0,1,1,0,1,3,1,1,0
48,2016482584,482584,1,1,0,1,2,201,0,12,10,2016,4,21,45,8,FM 1960,,29.998775,-95.1929,8,0,1,1,0,1,2,10,1,0
48,2016482585,482585,1,1,0,0,1,453,330,12,10,2016,4,23,53,6,METROPOLIS DR,,30.20368889,-97.7068,24,0,1,1,0,4,3,1,1,0
48,2016482586,482586,1,1,0,0,1,139,7270,14,10,2016,6,11,25,7,I-35,,32.474425,-96.8359,21,0,1,1,1,5,1,10,1,0
48,2016482587,482587,1,1,0,0,1,141,2190,15,10,2016,7,10,42,1,I-10,,31.78078889,-106.416,25,0,1,1,0,3,1,1,1,1
48,2016482588,482588,2,2,0,0,4,173,0,16,9,2016,6,23,45,8,RR 33,,31.83026111,-101.474,12,6,1,1,0,1,2,10,1,1
48,2016482589,482589,2,2,0,0,3,355,1550,24,9,2016,7,16,54,6,OCEAN DR,,27.77646111,-97.3934,12,2,1,1,1,1,1,1,1,0
48,2016482590,482590,2,1,1,2,1,139,0,3,10,2016,2,19,0,1,I-35,,32.3413,-96.8558,8,0,1,1,1,4,1,1,2,0
48,2016482591,482591,1,1,0,0,1,1,0,4,10,2016,3,8,58,2,US-79,,31.78395556,-95.6083,1,0,1,1,0,4,1,1,1,1
48,2016482592,482592,2,2,0,0,2,29,6090,12,10,2016,4,17,5,6,BABCOCK RD,ROANOKE RUN RD,29.51415556,-98.5921,12,6,2,3,0,1,1,1,1,0
48,2016482593,482593,1,1,0,1,1,113,1730,12,10,2016,4,19,23,8,SL-12 GREAT TRINITY FOREST WAY,,32.71307222,-96.7004,8,0,1,1,0,1,3,1,1,0
48,2016482594,482594,1,1,0,1,1,201,3280,13,10,2016,5,10,30,6,SAN FELIPE ST,,29.74998056,-95.4771,8,0,1,1,0,1,1,1,1,0
48,2016482595,482595,2,2,0,0,2,201,3280,15,10,2016,7,20,7,6,COLLINGSWORTH,BROYLES,29.79346667,-95.3278,12,6,3,2,0,1,3,1,1,0
48,2016482596,482596,2,2,0,0,3,365,1200,15,10,2016,7,0,55,2,US-59,FORSYTHE ST,32.14793611,-94.3238,12,6,2,2,0,1,3,1,2,1
48,2016482597,482597,1,1,0,0,2,439,2450,15,10,2016,7,0,23,1,I-35W NORTH FWY,,32.94869722,-97.3106,43,0,1,1,0,4,2,10,1,1
48,2016482598,482598,1,1,0,0,1,201,3280,16,10,2016,1,22,20,6,HARDY RD,,29.82756389,-95.3549,21,0,1,1,0,4,2,1,1,1
48,2016482599,482599,1,1,0,0,1,355,0,16,10,2016,1,20,0,4,CR-NAVIGATION BLVD JOE FULTON,,27.82586944,-97.4481,43,0,1,1,0,5,2,1,1,0
48,2016482600,482600,1,1,0,1,1,453,330,18,9,2016,1,21,55,6,1ST ST,ST ELMO RD,30.22101111,-97.7729,8,0,3,2,0,1,3,1,1,0
48,2016482601,482601,1,1,0,1,2,227,640,24,9,2016,7,9,44,2,US-87 GREGG ST,19TH ST,32.2364,-101.472,8,0,3,3,0,1,1,1,1,0
48,2016482602,482602,2,2,0,0,2,453,0,3,10,2016,2,2,4,7,US-183/SR-130,,30.06794167,-97.693,12,1,1,1,0,1,2,1,1,1
48,2016482603,482603,1,1,0,1,1,113,2590,6,10,2016,5,5,22,3,SR-161 PGB TURNPIKE TOLLWAY,,32.79076944,-97.0188,8,0,18,1,0,1,2,1,1,0
48,2016482604,482604,2,2,0,0,2,245,5470,8,10,2016,7,18,32,8,FM 366 MAGNOLIA AVE,10TH,29.98336667,-93.9677,12,6,2,2,0,1,1,1,1,0
48,2016482605,482605,1,1,0,0,1,453,9997,9,10,2016,1,15,53,6,ANDERSON MILL RD,,30.48883889,-97.8593,33,0,1,1,0,3,1,1,1,0
48,2016482606,482606,1,1,0,1,1,37,3924,9,10,2016,1,20,28,8,FM 1398 BARKMAN CREEK RD,,33.46904444,-94.2201,8,0,1,1,0,1,2,1,1,0
48,2016482607,482607,1,1,0,0,3,5,0,10,10,2016,2,13,50,2,US-59,,31.13789722,-94.8085,43,0,1,1,0,3,1,1,1,0
48,2016482608,482608,2,2,0,0,2,37,0,10,10,2016,2,17,13,2,US-259,FM 1701,33.51296944,-94.6381,12,2,2,3,0,1,1,1,1,0
48,2016482609,482609,7,7,0,1,13,113,1730,10,10,2016,2,19,50,1,I-35 E STEMMONS FWY,,32.783,-96.8117,8,0,1,1,0,1,3,1,1,0
48,2016482610,482610,2,1,1,0,4,113,1730,10,10,2016,2,18,52,6,NORWICH ST,,32.78231667,-96.8825,14,0,1,1,0,4,5,1,3,0
48,2016482611,482611,1,1,0,1,1,477,0,10,10,2016,2,15,15,4,CR-BERLIN RD,,30.18096667,-96.4411,8,0,1,1,0,1,1,1,1,0
48,2016482612,482612,1,1,0,1,2,361,0,11,10,2016,3,20,30,1,I-10,,30.13063056,-93.9108,8,0,20,1,1,1,2,1,1,0
48,2016482613,482613,3,3,0,0,6,29,6090,12,10,2016,4,11,27,1,I-35,,29.35065556,-98.5336,12,1,18,1,0,1,1,1,1,0
48,2016482614,482614,2,1,1,0,1,39,2490,13,10,2016,5,19,10,6,AVENUE R,STRATTON  ST,28.98038889,-95.3647,33,0,1,1,0,4,5,1,1,0
48,2016482615,482615,3,3,0,0,4,441,0,13,10,2016,5,7,43,1,I-20,,32.48289167,-100.09,57,0,1,1,0,3,4,10,1,0
48,2016482616,482616,1,1,0,0,3,201,3280,14,10,2016,6,1,16,1,I-45 NORTH FWY,,29.91218889,-95.4127,52,0,19,1,0,10,3,10,1,0
48,2016482617,482617,2,2,0,0,2,113,1730,15,10,2016,7,23,0,1,I-20 LBJ FWY,,32.64236389,-96.827,12,7,18,1,0,1,3,1,1,0
48,2016482618,482618,1,1,0,0,1,113,1730,15,10,2016,7,6,10,3,SR-356 IRVING BLVD,,32.80821667,-96.8919,52,0,1,1,0,3,3,1,1,1
48,2016482619,482619,1,1,0,0,2,201,3890,15,10,2016,7,21,5,3,SR-146,,29.68783056,-95.0303,20,0,19,1,0,3,3,1,1,1
48,2016482620,482620,1,1,0,0,2,207,0,15,10,2016,7,20,5,2,US-380,,33.18822222,-99.9259,11,0,1,1,0,1,2,1,1,0
48,2016482621,482621,2,2,0,0,3,245,490,15,10,2016,7,0,45,2,US-90 COLLEGE ST,REYNOLDS RD,30.06527222,-94.2045,12,6,2,3,0,1,2,1,1,0
48,2016482622,482622,2,2,0,0,3,113,1730,16,10,2016,1,3,9,8,SL 12 WALTON WALKER BLVD,,32.73945833,-96.9194,12,1,18,1,0,1,3,1,1,1
48,2016482623,482623,1,1,0,1,1,201,0,16,10,2016,1,3,39,8,FM 1093 WESTHEIMER RD,,29.72765278,-95.6593,8,0,1,1,0,1,2,1,1,0
48,2016482624,482624,1,1,0,0,1,399,0,16,10,2016,1,14,48,2,US-83,,31.90355,-99.9634,35,0,1,1,0,4,1,1,1,0
48,2016482625,482625,2,2,0,0,3,113,1730,17,10,2016,2,23,45,2,US-75 CENTRAL EXPY,,32.79729444,-96.7927,12,2,18,1,0,1,3,1,2,1
48,2016482626,482626,1,1,0,0,1,201,0,17,10,2016,2,0,10,3,SR-249 TOMBALL PKWY,,29.90366667,-95.4681,59,0,1,1,0,4,3,1,1,1
48,2016482627,482627,1,1,0,1,1,439,2450,28,7,2016,5,22,47,2,US-820 LOOP,,32.76826944,-97.4761,8,0,1,1,0,1,2,1,1,0
48,2016482628,482628,1,1,0,0,1,215,5183,6,8,2016,7,2,1,1,I-2/HWY 83,,26.23329167,-98.3718,33,0,19,1,0,10,3,1,1,0
48,2016482629,482629,1,1,0,0,1,201,3280,11,9,2016,1,4,30,1,I-610 SOUTH LOOP,SR-288 SOUTH HWY,29.682075,-95.379,24,0,5,1,0,8,6,1,1,0
48,2016482630,482630,2,2,0,0,6,141,2190,29,9,2016,5,13,47,3,SR-20 MESA,CAMILLE,31.83294722,-106.537,12,6,3,3,0,1,1,1,1,0
48,2016482631,482631,2,2,0,0,2,201,3280,2,10,2016,1,4,58,1,I-69/US-59 SOUTHWEST FWY,,29.72484444,-95.4902,26,0,1,1,0,4,3,1,1,1
48,2016482632,482632,1,1,0,0,1,181,0,8,10,2016,7,18,20,4,CR-KEY RD,,33.56955833,-96.5154,1,0,1,1,0,1,1,1,1,1
48,2016482633,482633,1,1,0,0,1,479,3899,9,10,2016,1,1,53,8,CUATRO VIENTOS BLVD,,27.46991667,-99.448,1,0,1,1,1,4,2,1,1,1
48,2016482634,482634,2,2,0,0,3,223,0,10,10,2016,2,6,43,3,SR-19,,33.1895,-95.5882,12,2,1,1,0,1,2,10,2,0
48,2016482635,482635,1,1,0,1,1,375,0,12,10,2016,4,1,45,8,SL335 SONCY RD,,35.1943,-101.938,8,0,1,1,0,1,2,10,1,0
48,2016482636,482636,3,3,0,0,3,289,0,15,10,2016,7,10,55,3,SR-75,,31.33730556,-95.9942,12,2,1,1,0,1,1,1,1,0
48,2016482637,482637,3,3,0,0,7,27,570,17,10,2016,2,9,7,2,US-190,,31.05566111,-97.5335,12,1,1,1,0,1,1,1,1,0
48,2016482638,482638,1,1,0,1,1,245,490,17,10,2016,2,23,46,8,SP380 MLK,,30.052475,-94.0805,8,0,1,1,0,1,2,1,1,0
48,2016482639,482639,2,2,0,0,2,135,5030,4,9,2016,1,14,0,1,I-20,,31.82947778,-102.35,12,7,1,1,0,1,1,1,1,0
48,2016482640,482640,2,2,0,0,2,135,5030,8,8,2016,2,19,26,6,8TH ST,,31.85781944,-102.358,12,6,8,1,0,1,1,1,1,0
48,2016482641,482641,1,1,0,0,3,215,5183,17,8,2016,4,2,24,7,I-2/PALMAVISTA DR,SHOWERS RD,26.23883056,-98.4112,21,0,3,3,0,4,3,1,1,1
48,2016482642,482642,1,1,0,0,3,303,4140,30,8,2016,3,1,21,6,28TH ST,,33.56913056,-101.865,5,0,1,1,0,1,2,10,1,0
48,2016482643,482643,1,1,0,0,1,285,0,25,9,2016,1,19,46,2,US-77A,,29.40598889,-97.0262,23,0,1,1,0,4,1,1,1,0
48,2016482644,482644,2,2,0,0,3,209,0,1,10,2016,7,21,17,2,US-290,,30.19628056,-98.0049,12,6,1,1,0,1,3,1,1,0
48,2016482645,482645,1,1,0,1,1,201,3280,3,10,2016,2,13,40,7,HARDY TOLL SR,GREENS RD,29.95171111,-95.3848,33,0,3,3,1,3,1,1,1,0
48,2016482646,482646,1,1,0,0,1,289,3939,3,10,2016,2,9,11,7,I-45,,31.15138056,-95.9842,35,0,1,1,0,4,1,1,1,0
48,2016482647,482647,1,1,0,0,1,339,1510,5,10,2016,4,21,10,1,I-45RAMP,,30.27084722,-95.4563,33,0,19,1,0,10,2,1,1,0
48,2016482648,482648,1,1,0,0,1,113,1730,7,10,2016,6,21,34,2,US-75/NORTH CENTRAL EXPY RAMP,,32.79573889,-96.7928,23,0,19,1,0,4,3,1,1,1
48,2016482649,482649,1,1,0,0,1,113,2310,7,10,2016,6,4,20,1,I-35E,,32.921025,-96.8993,25,0,1,1,1,3,3,2,1,0
48,2016482651,482651,2,2,0,0,2,29,6090,9,10,2016,1,11,58,6,NEW BRAUNFELS AVE,HAMMOND AVE,29.39948056,-98.4612,12,6,2,2,0,1,1,1,1,0
48,2016482652,482652,2,2,0,0,4,85,4230,9,10,2016,1,9,34,2,US-380 UNIVERSITY DR,LAKE FOREST DR,33.21816389,-96.6794,12,6,2,2,0,1,1,1,1,0
48,2016482653,482653,1,1,0,0,1,331,0,9,10,2016,1,13,35,2,US-79,,30.78046944,-96.7281,34,0,1,1,0,4,1,1,1,0
48,2016482655,482655,2,1,1,0,3,339,0,11,10,2016,3,2,45,8,FM1485,,30.14725556,-95.1377,14,0,1,1,0,4,2,1,1,1
48,2016482656,482656,1,1,0,0,1,39,0,13,10,2016,5,21,44,3,SR-35,OLD FM524,29.08312222,-95.7511,46,0,3,2,0,4,3,1,1,1
48,2016482657,482657,2,2,0,0,3,291,3980,12,10,2016,4,9,45,3,SR-146 VETERANS MEMORIAL,SL227 MAIN ST,30.07907778,-94.7743,12,11,2,2,0,1,1,1,1,0
48,2016482658,482658,2,2,0,0,6,39,0,14,10,2016,6,8,29,8,FM2611,,28.96545278,-95.5383,12,6,1,1,0,1,1,1,1,0
48,2016482659,482659,1,1,0,0,1,187,3698,15,10,2016,7,0,49,6,PRAIRIE-LEA RD/232,,29.65815556,-97.8176,1,0,1,1,0,4,2,1,1,0
48,2016482660,482660,1,1,0,0,1,499,0,15,10,2016,7,23,43,3,SR-11,,32.95343333,-95.2625,1,0,1,1,0,4,2,1,1,1
48,2016482661,482661,1,1,0,1,1,113,1730,16,10,2016,1,20,31,6,EWING AVE,,32.73522778,-96.8114,8,0,1,1,0,1,3,1,1,0
48,2016482663,482663,2,2,0,0,2,15,0,17,10,2016,2,6,9,8,FM3013,,29.68465833,-96.2188,12,6,8,1,0,1,2,1,1,0
48,2016482664,482664,2,2,0,0,2,117,0,17,10,2016,2,9,40,2,US-385,,34.8418,-102.405,12,1,1,1,1,1,1,1,1,0
48,2016482665,482665,2,2,0,0,2,221,0,17,10,2016,2,8,55,3,SR-144,FM2425,32.33237222,-97.7547,12,6,2,2,0,1,1,1,1,0
48,2016482666,482666,1,1,0,1,1,113,1730,18,10,2016,3,9,0,6,HAMPTON RD,DAVIS ST/SR-180,32.74943333,-96.8567,8,0,2,2,0,1,1,1,1,0
48,2016482667,482667,1,1,0,0,1,181,0,18,10,2016,3,22,20,4,CR-HACKBERRY RD,,33.43468889,-96.6232,53,0,1,1,0,4,2,1,1,1
48,2016482668,482668,3,3,0,0,4,201,3280,18,10,2016,3,8,5,1,I-610,,29.81276111,-95.3514,12,1,18,1,0,1,1,1,1,0
48,2016482669,482669,2,2,0,0,3,241,0,18,10,2016,3,13,0,2,US-190,,30.8851,-94.0678,12,2,1,1,0,1,1,1,1,0
48,2016482670,482670,2,2,0,0,2,183,0,19,10,2016,4,1,22,1,I-20,,32.43466389,-94.8228,12,1,1,1,0,1,2,1,1,0
48,2016482671,482671,2,2,0,0,4,27,0,20,10,2016,5,7,35,4,CR-OLD TX 95/CR-OLD HWY 95,,30.99580278,-97.3624,12,6,1,1,0,4,1,10,1,0
48,2016482672,482672,1,1,0,0,1,113,1730,20,10,2016,5,4,15,7,I-635 LBJ FWY,,32.91021667,-96.8871,18,0,5,1,0,8,3,1,1,0
48,2016482673,482673,2,2,0,0,2,29,6090,21,10,2016,6,6,4,6,GREEN MOUNTAIN RD,,29.60620556,-98.368,12,2,1,1,0,1,2,1,1,0
48,2016482674,482674,2,2,0,0,3,231,2860,21,10,2016,6,17,17,2,US-69 JOE RAMSEY BLVD RAMP,,33.11149167,-96.0892,12,6,8,1,0,1,1,1,1,0
48,2016482675,482675,1,1,0,1,2,245,490,21,10,2016,6,6,14,2,US-90 COLLEGE ST,,30.06752778,-94.1799,9,0,1,1,0,1,2,1,1,0
48,2016482676,482676,3,3,0,0,3,325,0,21,10,2016,6,4,50,3,SR-16,,29.661925,-98.8237,12,2,1,1,0,1,2,1,1,2
48,2016482677,482677,1,1,0,0,1,419,0,21,10,2016,6,14,11,3,SR-87,,31.77967778,-94.1076,53,0,1,1,0,4,1,1,1,0
48,2016482678,482678,1,1,0,0,1,491,5990,21,10,2016,6,13,46,1,I-35,,30.57331667,-97.693,52,0,1,1,0,4,1,1,1,0
48,2016482679,482679,3,2,1,1,3,113,3420,22,10,2016,7,10,32,1,I-635 LBJ FWY,,32.91027222,-96.9346,14,0,5,1,0,8,1,1,1,1
48,2016482680,482680,1,1,0,0,2,183,0,22,10,2016,7,9,7,2,US-259,,32.61443611,-94.7572,1,0,1,1,0,1,1,1,1,0
48,2016482681,482681,1,1,0,0,1,439,2450,22,10,2016,7,2,58,1,I-35/SOUTH FREEWAYRAMP,,32.66433056,-97.3181,33,0,19,1,0,4,2,1,1,1
48,2016482682,482682,2,2,0,0,2,453,330,22,10,2016,7,12,24,6,PECAN BROOK DR,,30.31728056,-97.6588,12,2,1,1,0,1,1,1,1,0
48,2016482683,482683,1,1,0,0,1,91,0,23,10,2016,1,8,22,8,FM 2722,,29.78391944,-98.221,38,0,1,1,0,5,2,10,1,1
48,2016482684,482684,1,1,0,0,2,339,0,23,10,2016,1,16,35,8,FM 149,,30.53405,-95.739,32,0,1,1,1,4,1,10,1,0
48,2016482685,482685,1,1,0,0,2,381,150,23,10,2016,1,5,51,6,GEORGIA ST,,35.18015,-101.866,38,0,1,1,0,5,3,1,1,0
48,2016482686,482686,1,1,0,0,1,497,0,23,10,2016,1,6,6,4,CR-4925/CR-BATES ASTON RD,,32.99281389,-97.4155,1,0,1,1,0,4,2,1,1,1
48,2016482687,482687,2,2,0,0,5,27,3690,24,10,2016,2,17,54,6,STAGECOACH RD,,31.05443611,-97.6993,1,0,8,1,0,1,1,10,1,0
48,2016482688,482688,1,1,0,0,1,41,970,24,10,2016,2,16,0,2,US-190/EARL RUDDER FWY,,30.71816667,-96.3846,21,0,1,1,0,3,1,1,1,0
48,2016482689,482689,2,2,0,0,3,439,2450,24,10,2016,2,11,27,3,SR-183/28TH ST,CHESTNUT AVE,32.79513056,-97.3388,12,6,2,2,0,1,1,1,1,0
48,2016482690,482690,2,2,0,0,3,5,4160,25,10,2016,3,11,28,2,US-69/ELLEN TROUT DR,MARTIN LUTHER KING DR,31.37079722,-94.7245,12,6,2,2,0,1,1,1,1,0
48,2016482691,482691,1,1,0,1,2,201,0,26,10,2016,4,6,55,4,CR-ALDINE MAIL RTE RD,,29.90248889,-95.3288,8,0,1,1,0,1,2,1,1,0
48,2016482692,482692,2,2,0,1,2,423,7070,26,10,2016,4,19,55,3,SR-64/ERWIN ST,,32.35350278,-95.3443,8,0,1,1,0,1,3,1,1,0
48,2016482693,482693,1,1,0,1,1,201,3280,17,8,2016,4,6,19,7,US-59/CHARTRES ST,RUNNELS ST,29.761425,-95.3494,8,0,3,2,0,1,3,10,1,0
48,2016482694,482694,2,2,0,0,5,365,0,26,9,2016,2,7,2,2,US-59,,32.27668056,-94.3503,12,1,1,1,0,1,4,1,1,0