STATE,YEAR_ST_CASE,ST_CASE,VE_TOTAL,VE_FORMS,PVH_INVL,PEDS,PERSONS,COUNTY,CITY,DAY,MONTH,YEAR,DAY_WEEK,HOUR,MINUTE,ROUTE,TWAY_ID,TWAY_ID2,LATITUDE,LONGITUD,HARM_EV,MAN_COLL,RELJCT2,TYP_INT,WRK_ZONE,REL_ROAD,LGT_COND,WEATHER,FATALS,DRUNK_DR
48,2016482695,482695,2,2,0,0,10,121,5350,27,9,2016,3,19,22,6,CAROLL ST,ANNA ST,33.40405,-96.9538,12,6,2,2,0,1,1,1,1,0
48,2016482696,482696,1,1,0,1,1,355,1550,29,9,2016,5,20,7,7,SR-358/PADRE ISLAND DR,,27.71821667,-97.391,8,0,1,1,0,1,3,1,1,0
48,2016482697,482697,2,2,0,1,4,113,1730,2,10,2016,1,19,25,6,ASH LN,FITZHUGH AVE,32.79179444,-96.7598,12,6,2,2,0,1,5,1,1,0
48,2016482698,482698,1,1,0,1,1,121,4007,5,10,2016,4,14,11,2,US-380/UNIVERSITY DR,,33.21974444,-96.9104,8,0,1,1,1,1,1,1,1,0
48,2016482699,482699,1,1,0,0,1,91,0,9,10,2016,1,7,1,8,FM 306,,29.87356944,-98.1883,11,0,1,1,0,1,4,1,1,0
48,2016482700,482700,2,2,0,0,2,121,4960,9,10,2016,1,2,56,7,I-35,SR-114,33.02633889,-97.2728,12,6,2,2,0,1,2,1,1,1
48,2016482701,482701,1,1,0,0,1,239,0,9,10,2016,1,20,38,8,FM822,,29.03560278,-96.7047,53,0,1,1,0,4,2,1,1,1
48,2016482702,482702,3,3,0,0,8,141,9997,14,10,2016,6,20,29,8,FM258 SICIRRI RD,,31.65939722,-106.305,12,6,1,1,0,1,3,10,1,1
48,2016482703,482703,1,1,0,0,1,201,3280,14,10,2016,6,4,19,1,I-45 RAMP GULF FWY,,29.74511944,-95.3632,25,0,19,1,0,4,2,1,1,1
48,2016482704,482704,1,1,0,1,2,277,5220,14,10,2016,6,18,12,6,LAMAR AVE WALMART PARKING LOT,,33.66403056,-95.5064,8,0,1,1,0,1,1,10,1,0
48,2016482705,482705,1,1,0,0,1,329,0,15,10,2016,7,19,17,4,CR-RICE AVE,,32.01618611,-102.285,1,0,1,1,0,4,1,1,1,1
48,2016482706,482706,2,2,0,0,2,39,0,16,10,2016,1,0,33,8,FM2917,,29.31987222,-95.2563,12,1,1,1,0,1,2,1,1,1
48,2016482707,482707,1,1,0,0,6,217,0,16,10,2016,1,17,53,1,I-35W,,32.18191667,-97.1369,1,0,1,1,0,4,1,1,1,0
48,2016482708,482708,2,2,0,0,2,41,970,17,10,2016,2,19,54,7,US-190/SR-6 EARL RUDDER FWY,,30.7094,-96.3742,12,6,20,1,0,1,3,1,1,1
48,2016482709,482709,2,2,0,0,2,105,0,17,10,2016,2,21,11,1,I-10,,30.7385,-101.655,12,1,1,1,0,1,2,1,1,0
48,2016482710,482710,1,1,0,0,1,201,3280,17,10,2016,2,2,39,6,ALMEDA- GENOA RD,,29.61396667,-95.3836,1,0,1,1,0,4,2,1,1,1
48,2016482711,482711,1,1,0,0,1,39,0,18,10,2016,3,5,44,3,SR-288,,29.23706944,-95.4544,42,0,1,1,0,4,2,10,1,0
48,2016482712,482712,1,1,0,1,1,201,3280,18,10,2016,3,20,0,8,FM521 ALMEDA RD,,29.61400278,-95.4194,8,0,1,1,0,1,3,1,1,0
48,2016482713,482713,2,2,0,0,3,157,253,18,10,2016,3,13,38,8,FM521,,29.48391944,-95.4706,12,2,1,1,0,1,1,1,1,1
48,2016482714,482714,1,1,0,0,2,457,0,18,10,2016,3,5,50,2,US-69,,30.6459,-94.3996,34,0,1,1,0,4,2,5,1,0
48,2016482715,482715,1,1,0,0,1,113,1730,19,10,2016,4,21,0,7,US-175 CF HAWN FWY,,32.74390278,-96.7269,42,0,19,1,0,4,3,99,1,1
48,2016482716,482716,1,1,0,0,1,215,0,19,10,2016,4,21,5,8,FM1423 VAL VERDE RD,,26.27601389,-98.0704,30,0,1,1,0,4,3,1,1,0
48,2016482717,482717,1,1,0,0,1,453,330,19,10,2016,4,2,23,1,I-35,,30.231875,-97.7425,24,0,1,1,0,4,3,1,1,0
48,2016482718,482718,2,2,0,0,3,111,0,20,10,2016,5,6,29,2,US-54,,36.14293056,-102.393,12,2,1,1,0,1,2,1,1,0
48,2016482719,482719,1,1,0,0,4,183,3680,20,10,2016,5,7,5,2,US-259 CHARLES DUVALL PKWY,,32.41034722,-94.8339,1,0,1,1,0,1,4,10,1,0
48,2016482720,482720,2,2,0,1,2,201,3280,20,10,2016,5,23,35,1,I-45 NORTH FWY,,29.77922222,-95.3682,8,0,18,1,0,1,3,1,1,0
48,2016482721,482721,1,1,0,2,4,215,4197,20,10,2016,5,7,48,6,BICENTENNIAL BLVD,WHITEWING AVE,26.22902222,-98.2354,8,0,3,3,0,11,1,1,1,0
48,2016482722,482722,1,1,0,0,1,439,260,20,10,2016,5,5,20,1,I-20,US-287,32.67113889,-97.2086,1,0,5,1,0,4,2,10,1,0
48,2016482723,482723,2,2,0,0,2,459,0,20,10,2016,5,8,26,2,US-271,,32.84216111,-94.9517,12,6,1,1,0,1,1,2,1,0
48,2016482724,482724,2,2,0,0,5,5,4160,21,10,2016,6,19,51,2,US-69 ELLEN TROUTH DR,MARTIN LUTHER KING BLVD,31.37081111,-94.7245,12,6,2,2,0,1,3,1,1,1
48,2016482726,482726,1,1,0,0,2,231,0,21,10,2016,6,17,30,4,CR-2246,,33.00039722,-96.1252,1,0,1,1,0,1,1,1,1,0
48,2016482727,482727,2,2,0,0,3,309,0,21,10,2016,6,15,16,8,FM 107,,31.29696667,-97.3001,12,6,1,1,0,1,1,1,3,0
48,2016482728,482728,1,1,0,1,1,355,0,21,10,2016,6,1,45,1,I-69 E / US-77,,27.83403333,-97.634,8,0,1,1,0,1,3,1,1,0
48,2016482729,482729,1,1,0,0,2,367,9997,21,10,2016,6,11,5,1,I-20,,32.75495833,-97.6979,1,0,18,1,0,1,1,1,1,0
48,2016482730,482730,3,3,0,0,8,399,0,21,10,2016,6,20,6,2,US-83,,31.81620278,-99.9361,12,8,1,1,0,1,2,1,1,0
48,2016482731,482731,4,4,0,0,7,477,1287,21,10,2016,6,17,25,2,US-290,FM 1155,30.13516944,-96.2571,12,6,2,2,0,1,1,1,1,0
48,2016482732,482732,1,1,0,0,2,51,1070,22,10,2016,7,8,45,3,SR-21 PRESIDENTIAL CORRIDOR,CR-300,30.54538056,-96.6849,46,0,3,3,0,3,1,1,1,0
48,2016482733,482733,2,2,0,1,3,113,1730,22,10,2016,7,2,44,3,SR-183 JOHN W. CARPENTER FWY,,32.82263333,-96.8785,8,0,1,1,0,1,3,1,1,0
48,2016482734,482734,2,2,0,0,1,167,3850,22,10,2016,7,0,8,1,I-45,,29.34181111,-94.9475,12,1,1,1,0,1,2,1,1,1
48,2016482735,482735,2,2,0,0,2,199,0,22,10,2016,7,14,17,2,US-69,,30.335275,-94.2711,12,2,1,1,0,1,1,1,2,0
48,2016482736,482736,1,1,0,1,1,201,0,22,10,2016,7,5,5,3,SR-249 MOUNT HOUSTON RD,,29.89803611,-95.425,8,0,1,1,0,1,2,1,1,0
48,2016482737,482737,2,2,0,0,3,201,0,22,10,2016,7,0,34,4,CR-KUYKENDAHL RD,,30.01464722,-95.4693,12,2,1,1,0,1,2,1,1,1
48,2016482738,482738,1,1,0,1,1,201,3280,22,10,2016,7,22,50,1,I-45 NORTH FWY,,29.78899444,-95.3715,8,0,18,1,0,1,2,1,1,0
48,2016482739,482739,2,2,0,0,2,201,3280,22,10,2016,7,18,43,6,JENSEN DR,VAUGHN ST,29.82651389,-95.3426,12,6,2,3,0,1,5,1,1,0
48,2016482740,482740,2,1,1,0,2,29,0,23,10,2016,1,2,21,1,I-37,,29.21005278,-98.4156,14,0,1,1,0,2,2,1,1,0
48,2016482741,482741,1,1,0,0,1,113,5730,23,10,2016,1,0,1,6,CENTENNIAL BLVD,,32.93138889,-96.7055,33,0,1,1,0,3,3,1,1,0
48,2016482742,482742,2,2,0,0,8,61,940,24,10,2016,2,2,21,8,FM 3248 ALTON GLOOR BLVD,,25.98033611,-97.4913,5,0,1,1,0,1,2,1,1,0
48,2016482743,482743,2,2,0,0,2,89,0,24,10,2016,2,7,40,3,SR-71,,29.75025,-96.6037,12,2,1,1,0,1,1,1,1,0
48,2016482744,482744,1,1,0,1,3,201,0,24,10,2016,2,19,35,4,CR-ALDINE MAIL RTE RD,CR-NORTHWOOD FOREST DR,29.90285556,-95.3171,8,0,2,3,0,1,2,1,1,0
48,2016482745,482745,3,3,0,0,3,201,3280,24,10,2016,2,5,30,1,I-45 GULF FWY,,29.68626667,-95.2782,12,1,1,1,0,1,3,1,1,0
48,2016482746,482746,2,2,0,0,2,201,3320,24,10,2016,2,16,36,7,I-59,FM 1960,30.00522778,-95.2684,12,7,3,2,0,1,1,1,1,0
48,2016482747,482747,2,2,0,0,3,257,6830,24,10,2016,2,9,39,1,I-20,,32.69636111,-96.2564,1,0,1,1,0,3,1,1,3,0
48,2016482748,482748,2,2,0,0,2,439,2450,24,10,2016,2,16,40,1,I-35 NORTH FWY,,32.98441111,-97.3041,12,1,1,1,0,1,1,1,1,0
48,2016482749,482749,1,1,0,1,2,479,3899,24,10,2016,2,19,23,6,SPRINGFIELD AVE,,27.52850278,-99.4927,8,0,1,1,0,1,2,1,1,0
48,2016482750,482750,1,1,0,0,1,47,0,25,10,2016,3,16,19,2,US-281,,27.03007222,-98.1398,1,0,1,1,0,3,1,1,1,0
48,2016482751,482751,1,1,0,0,1,241,0,25,10,2016,3,18,56,8,FM1005,,30.78551389,-93.9939,32,0,1,1,0,4,2,1,1,0
48,2016482752,482752,1,1,0,1,1,29,6090,26,10,2016,4,23,49,8,FM1502 WURZBACH PKWY,,29.53461389,-98.4027,8,0,1,1,0,1,3,1,1,0
48,2016482753,482753,1,1,0,0,2,89,0,26,10,2016,4,7,37,1,I-10,,29.71641667,-96.4655,52,0,1,1,0,4,1,10,1,0
48,2016482754,482754,1,1,0,0,1,201,0,26,10,2016,4,0,15,4,CR-HOLZWARTH RD,,30.06921944,-95.4454,59,0,1,1,0,4,2,1,1,1
48,2016482755,482755,1,1,0,0,1,329,4560,26,10,2016,4,12,5,7,I-20,,31.96869444,-102.091,43,0,1,1,0,4,1,1,1,0
48,2016482756,482756,2,2,0,0,2,453,330,26,10,2016,4,3,20,8,RM2222 KOENIG LN,,30.33097222,-97.7318,12,9,8,1,0,1,3,1,1,1
48,2016482757,482757,3,3,0,0,6,453,330,26,10,2016,4,12,7,8,FM2304 MANCHACA RD,,30.16990556,-97.8252,12,2,1,1,0,1,1,10,1,0
48,2016482758,482758,2,2,0,0,4,29,6090,27,10,2016,5,0,32,6,MARBACH RD,,29.41783333,-98.652,12,1,1,1,0,1,3,1,1,1
48,2016482759,482759,1,1,0,1,2,201,0,27,10,2016,5,1,3,8,FM1960,,29.99943611,-95.2291,8,0,1,1,0,1,2,1,1,0
48,2016482760,482760,1,1,0,0,1,215,4197,27,10,2016,5,2,33,1,I-2,,26.19357222,-98.2553,25,0,1,1,0,3,3,1,1,0
48,2016482761,482761,2,2,0,0,3,361,7200,27,10,2016,5,23,21,8,FM105 MAIN ST,,30.15017778,-94.0178,12,6,8,1,0,1,2,1,1,0
48,2016482762,482762,2,2,0,0,3,441,30,27,10,2016,5,8,30,7,SL322,OLDHAM LN FM1750,32.41194167,-99.7081,12,6,2,2,0,1,1,1,1,0
48,2016482763,482763,2,2,0,0,2,395,0,28,10,2016,6,12,54,2,US-190,,30.77623056,-96.4908,1,0,1,1,0,1,1,1,1,0
48,2016482764,482764,1,1,0,1,1,439,260,28,10,2016,6,5,40,3,SR-360 ANGUS G WYNNE JR FWY,,32.68807222,-97.0623,8,0,5,1,0,1,2,1,1,0
48,2016482765,482765,2,2,0,0,3,141,2190,29,10,2016,7,18,43,8,FM3255 MLKING JR,JON CUNNINGHAM,31.92997222,-106.441,12,2,2,2,0,1,3,1,2,0
48,2016482766,482766,1,1,0,0,1,441,0,29,10,2016,7,22,46,1,I-20,,32.48117778,-100.082,1,0,1,1,0,1,2,1,1,0
48,2016482767,482767,1,1,0,0,2,459,0,29,10,2016,7,21,45,8,FM49,,32.71281944,-95.0409,42,0,1,1,0,4,2,1,1,1
48,2016482768,482768,2,2,0,2,5,491,5990,29,10,2016,7,15,47,6,A W GRIMES BLVD,GATTIS SCHOOL RD,30.49610556,-97.6564,12,2,2,2,0,1,1,1,2,0
48,2016482769,482769,1,1,0,0,1,41,970,30,10,2016,1,2,30,3,SR-6R BUSINESS TEXAS AVE,,30.66170833,-96.3718,30,0,1,1,0,4,3,1,1,0
48,2016482770,482770,3,1,2,0,3,215,7330,30,10,2016,1,8,11,6,BRIDGE AVE,,26.13840556,-97.9821,33,0,1,1,0,4,1,1,1,1
48,2016482771,482771,2,2,0,0,2,439,2850,30,10,2016,1,15,3,3,SR-114L NORTHWEST HWY,DOOLEY ST,32.94105556,-97.0734,12,6,2,2,0,1,1,1,1,0
48,2016482772,482772,1,1,0,0,1,209,6170,31,10,2016,2,23,29,8,FM 2438/HUNTER RD,,29.85329722,-97.9729,33,0,1,1,0,4,3,1,1,1
48,2016482773,482773,2,2,0,0,2,439,2450,31,10,2016,2,2,42,6,BEACH ST,,32.75608889,-97.2885,12,2,1,1,0,1,3,1,1,0
48,2016482774,482774,1,1,0,0,1,449,0,31,10,2016,2,2,15,4,CR-2675,,33.09643056,-95.1235,53,0,1,1,0,4,2,1,1,1
48,2016482775,482775,1,1,0,0,2,201,0,1,11,2016,3,20,40,4,CR-SJOLANDER DR,,29.78101944,-94.9419,5,0,1,1,0,1,2,1,1,0
48,2016482776,482776,2,2,0,0,2,221,0,1,11,2016,3,14,53,8,FM 4,CR-OAK TRAIL DR,32.47515,-97.8171,12,6,2,3,0,1,1,1,1,0
48,2016482777,482777,1,1,0,1,1,423,7070,2,11,2016,4,18,57,8,SL 323/NORTHWEST HWY,,32.37034444,-95.3434,8,0,1,1,0,1,3,10,1,0
48,2016482778,482778,1,1,0,0,2,29,6090,10,8,2016,4,11,45,8,FM 1604,,29.53898889,-98.6805,52,0,5,1,0,8,1,1,1,0
48,2016482779,482779,2,2,0,0,2,453,330,19,9,2016,2,17,47,6,SOUTHWEST PARKWAY,,30.25170556,-97.8587,12,6,8,1,0,1,1,1,1,0
48,2016482780,482780,2,2,0,0,5,453,0,5,10,2016,4,16,9,3,SR-130/TOLL 130,,30.14306111,-97.6632,23,0,1,1,0,10,1,1,1,0
48,2016482781,482781,2,2,0,0,2,201,3280,8,10,2016,7,19,38,6,BLACKHAWK BLVD,WOLCOTT PARK LN,29.61434722,-95.2508,12,6,2,3,0,1,1,1,1,1
48,2016482782,482782,2,2,0,0,3,175,0,13,10,2016,5,13,7,2,US-59,,28.67897222,-97.326,12,1,1,1,0,1,1,1,1,0
48,2016482783,482783,2,2,0,0,2,455,0,21,10,2016,6,13,5,3,SR-19,,30.88883611,-95.3763,12,1,1,1,0,1,1,1,1,0
48,2016482784,482784,2,2,0,0,3,65,0,24,10,2016,2,20,50,1,I-40,,35.22091944,-101.592,12,2,1,1,0,1,2,1,1,0
48,2016482785,482785,1,1,0,1,2,439,2450,24,10,2016,2,21,35,3,SR-180 LANCASTER AVE,,32.74617222,-97.3127,8,0,1,1,0,1,3,1,1,0
48,2016482787,482787,2,2,0,0,2,373,0,26,10,2016,4,16,49,8,FM350,,30.69184167,-95.0264,12,1,1,1,0,1,1,1,1,0
48,2016482788,482788,1,1,0,0,1,225,0,28,10,2016,6,8,50,2,US-287/SR-19,,31.36530833,-95.4755,1,0,1,1,0,1,1,1,1,0
48,2016482789,482789,2,2,0,0,3,113,4530,29,10,2016,7,16,49,6,LESLEY LN,PIONEER RD,32.73870556,-96.5881,12,6,2,2,0,1,1,1,1,1
48,2016482790,482790,1,1,0,0,1,225,0,29,10,2016,7,13,10,2,US-287,,31.47412778,-95.4662,1,0,1,1,0,4,1,1,1,0
48,2016482791,482791,2,2,0,0,2,453,330,12,6,2016,1,1,53,1,I-35,,30.23037222,-97.743,12,1,1,1,0,1,3,1,1,1
48,2016482792,482792,2,2,0,0,2,39,130,29,9,2016,5,21,34,3,SR-6,1/2 ST,29.4317,-95.2519,12,6,2,3,0,1,3,1,1,0
48,2016482793,482793,2,1,1,0,4,355,1550,2,10,2016,1,5,31,1,I-37,,27.85185278,-97.5875,14,0,1,1,0,2,3,10,1,0
48,2016482794,482794,2,2,0,1,7,201,3280,14,10,2016,6,21,0,1,I-45 GULF FWY,,29.68329444,-95.2753,8,0,1,1,0,1,3,1,1,0
48,2016482795,482795,2,2,0,0,6,215,0,15,10,2016,7,0,44,8,FM1426,ALBERTA RD,26.25078889,-98.1451,12,6,2,2,0,1,2,1,2,0
48,2016482796,482796,1,1,0,0,1,453,0,14,10,2016,6,0,28,4,CR-WOLF LN,,30.15361389,-97.5596,24,0,1,1,0,4,2,2,1,0
48,2016482797,482797,1,1,0,0,6,215,5291,15,10,2016,7,0,16,6,CIRCLE 6 ST,,26.29533889,-98.4533,33,0,1,1,0,4,3,1,1,0
48,2016482798,482798,1,1,0,0,1,453,330,15,10,2016,7,3,27,8,SL1 MOPAC,,30.22728889,-97.8299,30,0,1,1,0,4,3,10,1,0
48,2016482799,482799,1,1,0,0,1,167,6213,17,10,2016,2,20,58,6,MCGREGOR ST,J AVE,29.38495833,-95.0804,34,0,3,3,0,4,2,1,1,0
48,2016482800,482800,1,1,0,0,1,209,0,18,10,2016,3,13,5,8,RM12,,30.14998056,-98.0917,1,0,1,1,0,1,1,1,1,0
48,2016482801,482801,2,2,0,0,6,29,0,22,10,2016,7,11,51,8,SL 1604,,29.43149722,-98.27,12,2,1,1,0,1,1,1,2,1
48,2016482802,482802,1,1,0,0,1,201,5230,22,10,2016,7,2,59,6,SHAVER ST,,29.67406389,-95.208,25,0,1,1,0,4,3,1,1,0
48,2016482803,482803,1,1,0,0,1,147,0,23,10,2016,1,17,40,3,SR-11,,33.47100556,-96.2076,42,0,1,1,0,4,6,1,1,1
48,2016482804,482804,3,3,0,0,7,201,3280,23,10,2016,1,1,10,1,I-10 KATY FWY,,29.77723611,-95.4268,12,1,18,1,0,1,3,1,1,1
48,2016482805,482805,1,1,0,1,1,29,1209,24,10,2016,2,14,50,7,I-410 LOOP,,29.51983889,-98.5091,33,0,1,1,0,4,1,1,1,0
48,2016482806,482806,1,1,0,0,4,215,0,24,10,2016,2,2,57,8,FM 681,,26.34371944,-98.3346,1,0,1,1,0,5,2,1,1,1
48,2016482807,482807,1,1,0,0,1,73,0,25,10,2016,3,17,18,4,CR-3213,,31.92993333,-95.3936,1,0,1,1,0,4,1,1,1,0
48,2016482808,482808,2,2,0,0,2,343,5090,25,10,2016,3,13,43,2,US-259,US-67,33.18136389,-94.733,12,6,2,2,0,1,1,1,1,0
48,2016482809,482809,2,2,0,0,3,83,7105,26,10,2016,4,17,34,2,US-67,1ST ST,31.75397778,-99.5509,12,6,2,2,0,1,1,1,1,0
48,2016482810,482810,1,1,0,0,2,207,0,26,10,2016,4,20,15,8,FM 2163,FM 2229,33.39063333,-99.7714,34,0,3,3,0,4,2,1,1,0
48,2016482811,482811,1,1,0,0,1,213,0,26,10,2016,4,16,26,8,FM 314,,32.23902222,-95.5678,43,0,1,1,0,4,1,1,1,0
48,2016482812,482812,1,1,0,0,1,309,7210,26,10,2016,4,4,45,7,SR-6 / SL-340,,31.50309722,-97.1771,24,0,19,1,0,4,2,1,1,1
48,2016482813,482813,3,2,1,0,5,339,1510,26,10,2016,4,11,6,3,SR-105,,30.34231111,-95.5462,12,1,1,1,2,1,1,1,1,0
48,2016482815,482815,1,1,0,0,1,113,1730,27,10,2016,5,19,57,7,US-75 CENTRAL EXPY,,32.91903333,-96.7657,31,0,19,1,0,4,3,1,1,1
48,2016482816,482816,2,2,0,0,3,113,1730,27,10,2016,5,21,54,1,I-635 LBJ TEXPRESS TOLLWAY,,32.92191667,-96.8469,12,1,1,1,0,1,3,1,1,1
48,2016482817,482817,2,2,0,0,3,267,0,27,10,2016,5,14,30,2,US-290,,30.29760833,-99.3874,12,2,1,1,0,1,1,1,3,0
48,2016482818,482818,2,2,0,0,3,375,0,27,10,2016,5,6,27,2,US-87,,35.44026111,-101.865,12,2,1,1,0,1,2,1,2,0
48,2016482819,482819,2,2,0,0,3,443,0,27,10,2016,5,22,30,2,US-90,,30.11085,-102.376,12,2,1,1,0,2,2,1,1,1
48,2016482820,482820,1,1,0,1,1,7,0,28,10,2016,6,3,9,8,FM 1069,,27.94367222,-97.1626,8,0,1,1,0,1,2,1,1,0
48,2016482821,482821,3,3,0,0,4,29,6090,28,10,2016,6,21,22,8,FM 2696 BLANCO RD,HUEBNER RD,29.62121667,-98.5131,12,2,2,2,0,1,3,1,1,0
48,2016482822,482822,3,3,0,0,6,29,6090,28,10,2016,6,22,40,6,APPLEWHITE RD,,29.27908611,-98.55,33,0,1,1,0,3,2,1,4,1
48,2016482823,482823,1,1,0,0,1,231,0,28,10,2016,6,13,38,3,SR-24,,33.17366389,-95.9378,32,0,1,1,0,4,1,1,1,0
48,2016482824,482824,2,2,0,0,4,29,6090,29,10,2016,7,12,15,6,THOUSAND OAKS,,29.55590556,-98.4146,12,2,1,1,0,1,1,1,1,0
48,2016482825,482825,4,4,0,0,6,201,0,29,10,2016,7,2,30,8,FM 1960,IMPERIAL VALLEY DR,30.02365833,-95.4203,12,7,3,2,0,1,3,1,2,1
48,2016482826,482826,2,2,0,1,2,201,3280,29,10,2016,7,22,33,7,I-45,CROSSTIMBERST ST,29.82854167,-95.3806,8,0,3,2,0,1,3,1,1,1
48,2016482827,482827,3,3,0,0,10,467,0,29,10,2016,7,11,10,3,SR-243,FM 47,32.55304444,-96.0295,12,6,2,2,0,1,1,1,1,0
48,2016482828,482828,1,1,0,0,3,139,0,30,10,2016,1,2,48,8,FM 813,,32.43277778,-96.6256,1,0,1,1,0,1,2,1,1,1
48,2016482829,482829,2,2,0,0,2,157,488,30,10,2016,1,2,35,8,SL 540,,29.50545833,-95.905,12,1,1,1,0,1,2,5,1,1
48,2016482830,482830,1,1,0,0,1,201,0,30,10,2016,1,2,2,8,FM 1960,CR-LAKE HOUSTON PKWY,29.99840556,-95.1621,33,0,3,2,0,3,3,1,1,1
48,2016482831,482831,1,1,0,1,1,201,0,30,10,2016,1,19,5,4,CR-AIRLINE DR,,29.91165278,-95.4038,8,0,1,1,0,1,5,1,1,0
48,2016482832,482832,1,1,0,0,1,201,3280,30,10,2016,1,5,30,1,I-45 GULF FWY,,29.70284444,-95.297,25,0,19,1,0,4,3,5,1,0
48,2016482833,482833,1,1,0,0,1,213,0,30,10,2016,1,3,1,8,FM 315,,32.21635833,-95.5089,32,0,1,1,0,4,2,1,1,1
48,2016482834,482834,2,2,0,0,6,423,0,30,10,2016,1,17,35,1,I-20,,32.46211944,-95.3244,12,7,1,1,0,1,1,1,2,0
48,2016482835,482835,2,2,0,0,3,149,0,31,10,2016,2,20,32,1,I-10,,29.68979722,-96.9348,12,2,1,1,0,1,2,1,3,1
48,2016482836,482836,1,1,0,0,1,239,0,31,10,2016,2,15,19,3,SR-111,,29.02973611,-96.6665,58,0,1,1,0,4,1,1,1,0
48,2016482837,482837,1,1,0,0,1,451,0,31,10,2016,2,17,49,2,US-67,,31.56195,-100.272,1,0,1,1,0,1,1,1,1,0
48,2016482838,482838,2,2,0,0,2,1,0,1,11,2016,3,12,45,2,US-79,,31.89092778,-95.4341,12,6,1,1,0,2,1,10,1,0
48,2016482839,482839,1,1,0,0,1,71,0,1,11,2016,3,23,1,1,I-10,,29.8309,-94.7996,20,0,5,1,0,8,3,1,1,0
48,2016482840,482840,2,2,0,1,2,265,3670,1,11,2016,3,13,46,6,WATER ST,,30.047275,-99.136,8,0,1,1,0,1,1,1,1,0
48,2016482841,482841,2,2,0,0,2,359,0,1,11,2016,3,7,43,2,US-385,,35.30503889,-102.383,12,6,1,1,0,1,4,1,2,0
48,2016482842,482842,1,1,0,0,1,453,330,1,11,2016,3,19,17,8,SL360 CAPITAL OF TEXAS HWY,,30.30545,-97.8254,39,0,1,1,1,4,2,10,1,1
48,2016482843,482843,1,1,0,0,1,59,0,2,11,2016,4,22,39,1,I-20,,32.37948611,-99.142,1,0,1,1,0,10,2,10,1,1
48,2016482844,482844,1,1,0,1,1,113,1730,2,11,2016,4,1,50,6,CAMP WISDOM RD,,32.66195556,-96.8831,8,0,1,1,0,1,2,1,1,0
48,2016482845,482845,2,2,0,0,2,373,0,2,11,2016,4,7,5,2,US-59,,31.09839444,-94.813,12,1,1,1,0,1,4,1,1,0
48,2016482846,482846,1,1,0,0,1,457,0,2,11,2016,4,14,0,2,US-69,,30.70611667,-94.4077,42,0,1,1,0,4,1,1,1,0
48,2016482847,482847,2,2,0,0,5,479,3899,2,11,2016,4,20,16,2,US-59 BOB BULLOCK LP,,27.59689444,-99.4452,12,6,1,1,0,1,2,1,1,1
48,2016482848,482848,2,2,0,0,3,503,0,2,11,2016,4,12,23,3,SR-67,,33.093475,-98.6114,12,2,8,1,0,1,1,10,1,0
48,2016482849,482849,1,1,0,2,2,167,2570,3,11,2016,5,22,17,6,SEAWALL BLVD,,29.2718,-94.8169,8,0,1,1,0,1,3,1,3,1
48,2016482850,482850,2,2,0,0,3,201,3280,3,11,2016,5,0,3,2,US-290 NW FWY,,29.83842222,-95.489,12,6,1,1,0,1,2,10,1,1
48,2016482851,482851,2,2,0,0,2,293,0,3,11,2016,5,7,5,2,US-84,,31.65585,-96.7293,12,2,1,1,0,1,2,2,2,0
48,2016482852,482852,2,2,0,0,4,353,6720,3,11,2016,5,8,6,1,I-20,,32.45538889,-100.389,12,2,1,1,0,1,1,2,2,0
48,2016482853,482853,1,1,0,0,2,139,4570,4,11,2016,6,5,47,2,US-67RAMP,,32.47731667,-97.0117,1,0,5,1,0,4,2,10,1,0
48,2016482854,482854,1,1,0,0,1,167,0,4,11,2016,6,10,59,8,FM646,,29.33223333,-95.0809,32,0,1,1,0,4,1,1,1,0
48,2016482855,482855,1,1,0,0,1,167,2570,4,11,2016,6,19,29,8,SS-342/61ST ST,,29.27228611,-94.8292,33,0,1,1,0,3,3,1,1,0
48,2016482856,482856,1,1,0,1,1,29,6090,5,11,2016,7,2,33,6,COMPTON AVE,,29.37057222,-98.4874,8,0,1,1,0,1,3,1,1,0
48,2016482857,482857,2,2,0,0,3,143,0,5,11,2016,7,7,10,2,US-281,,32.4437,-98.1382,12,6,1,1,0,1,2,2,1,0
48,2016482858,482858,1,1,0,1,4,215,2110,5,11,2016,7,19,44,8,BU-281,,26.27107778,-98.1711,8,0,1,1,0,1,2,1,1,0
48,2016482859,482859,2,2,0,0,2,215,7330,5,11,2016,7,0,49,8,FM 1015/INTERNATIONAL BLVD,,26.17071944,-97.9586,12,2,1,1,0,1,3,10,1,1
48,2016482860,482860,1,1,0,1,1,453,330,5,11,2016,7,7,20,7,US-290,,30.236075,-97.833,9,0,1,1,0,1,3,10,1,0