STATE,YEAR_ST_CASE,ST_CASE,VE_TOTAL,VE_FORMS,PVH_INVL,PEDS,PERSONS,COUNTY,CITY,DAY,MONTH,YEAR,DAY_WEEK,HOUR,MINUTE,ROUTE,TWAY_ID,TWAY_ID2,LATITUDE,LONGITUD,HARM_EV,MAN_COLL,RELJCT2,TYP_INT,WRK_ZONE,REL_ROAD,LGT_COND,WEATHER,FATALS,DRUNK_DR
48,2016482861,482861,2,2,0,0,4,453,0,5,11,2016,7,10,43,8,RM-1431,,30.51968889,-97.897,12,2,1,1,0,1,1,1,1,0
48,2016482862,482862,1,1,0,1,1,29,6090,6,11,2016,1,22,1,6,GEVERS ST,,29.39710278,-98.4567,8,0,1,1,0,1,3,10,1,0
48,2016482863,482863,2,2,0,0,2,201,3280,6,11,2016,1,1,30,1,I-10,,29.77739444,-95.4126,12,2,1,1,0,1,3,10,1,1
48,2016482864,482864,1,1,0,0,1,245,0,6,11,2016,1,14,28,1,I-10,,29.92106111,-94.2817,57,0,1,1,0,3,1,1,1,0
48,2016482865,482865,1,1,0,1,1,467,0,6,11,2016,1,4,26,1,I-20,,32.51463056,-95.6863,8,0,1,1,0,1,3,1,1,0
48,2016482866,482866,1,1,0,1,2,291,1770,7,11,2016,2,20,55,8,FM 1409,PRIVATE ROAD 456,29.98248056,-94.8541,8,0,3,3,0,1,2,1,1,1
48,2016482867,482867,2,2,0,0,2,303,4140,7,11,2016,2,21,21,2,US-82/MARSHA SHARP FWY,,33.59265556,-101.875,12,2,1,1,0,1,2,10,2,1
48,2016482868,482868,2,2,0,0,3,113,1730,23,4,2016,7,17,20,1,I-35/STEMMONS FWY,,32.89524167,-96.8982,25,0,1,1,0,3,3,1,1,0
48,2016482869,482869,3,3,0,0,4,113,1730,12,6,2016,1,3,27,1,I-20/LYNDON B JOHNSON FWY,,32.65730833,-96.8847,12,2,1,1,0,1,3,1,1,1
48,2016482870,482870,1,1,0,0,2,113,1730,12,6,2016,1,3,56,1,I-35/STEMMONS FWY,,32.81935278,-96.8695,1,0,1,1,0,10,3,1,1,1
48,2016482871,482871,2,2,0,0,3,251,1030,19,10,2016,4,16,46,6,HIDDEN CREEK PKWY,HIDDEN VISTA BLVD,32.52550556,-97.3196,12,6,2,3,0,1,1,1,1,0
48,2016482872,482872,1,1,0,1,1,113,6685,27,10,2016,5,22,0,2,US-80,,32.784975,-96.5643,8,0,1,1,0,1,2,1,1,0
48,2016482873,482873,2,2,0,1,2,439,2450,5,2,2016,6,6,20,3,SR-183 28TH ST,,32.79511944,-97.3413,8,0,1,1,1,1,2,1,1,0
48,2016482874,482874,4,4,0,1,4,113,4530,18,8,2016,5,6,20,1,I-635,,32.81409444,-96.6284,12,1,1,1,0,1,4,10,1,0
48,2016482875,482875,2,2,0,0,3,27,4924,14,10,2016,6,23,45,2,US-190W VETERANS MEMORIAL BLVD,NOLA RUTH BLVD,31.08436667,-97.6389,12,6,3,3,0,1,2,1,2,1
48,2016482876,482876,2,2,0,0,3,181,2940,14,10,2016,6,6,5,3,SR-289 PRESTON HWY,,33.48703611,-96.7307,12,2,1,1,0,1,2,1,2,0
48,2016482877,482877,4,2,2,3,2,201,3280,15,10,2016,7,20,10,1,I-69/US-59 SOUTHWEST FWY,,29.65590278,-95.5632,12,7,1,1,0,1,3,1,1,1
48,2016482878,482878,1,1,0,0,3,355,0,17,10,2016,2,3,5,8,FM665,,27.66431389,-97.7098,1,0,1,1,0,4,3,1,1,1
48,2016482879,482879,1,1,0,0,2,85,2320,18,10,2016,3,20,50,3,SR-78,CR-550,33.11008611,-96.4105,5,0,2,3,0,1,2,1,1,0
48,2016482880,482880,2,2,0,0,2,201,0,24,10,2016,2,18,57,8,SL-8 BELTWAY NORTH,,29.87883889,-95.5489,12,1,1,1,0,1,5,10,1,0
48,2016482881,482881,3,3,0,0,5,355,1550,26,10,2016,4,8,34,3,SR-358 PADRE ISLAND DR,,27.67313333,-97.2927,12,1,1,1,0,2,1,1,1,0
48,2016482882,482882,2,2,0,0,2,305,0,27,10,2016,5,16,20,2,US-87,CR-2,33.3706,-101.806,12,6,2,3,0,1,1,1,1,0
48,2016482883,482883,2,2,0,0,2,107,5620,28,10,2016,6,12,53,2,US-82,,33.67444444,-101.389,12,6,8,1,0,1,1,1,1,0
48,2016482884,482884,1,1,0,1,1,201,3280,28,10,2016,6,21,40,6,MARGARET ST,,29.86480556,-95.3602,8,0,1,1,0,1,3,1,1,0
48,2016482885,482885,2,2,0,0,2,157,0,29,10,2016,7,3,0,1,I-69/US-59,,29.55260556,-95.733,43,0,1,1,1,4,2,1,1,0
48,2016482886,482886,1,1,0,1,1,201,3280,29,10,2016,7,23,45,6,GESSNER DR,,29.68729167,-95.5297,8,0,1,1,0,1,3,1,1,0
48,2016482887,482887,1,1,0,0,2,249,0,29,10,2016,7,17,59,2,US-281,,27.86193333,-98.0863,38,0,1,1,0,5,1,1,1,0
48,2016482888,482888,2,2,0,0,5,507,0,29,10,2016,7,22,5,2,US-57,,28.95428611,-99.638,12,2,1,1,0,1,2,1,5,0
48,2016482889,482889,2,1,1,0,1,29,6090,30,10,2016,1,12,36,6,PLOVER PL,,29.30233889,-98.4867,33,0,1,1,0,4,1,1,1,0
48,2016482890,482890,1,1,0,2,2,209,0,30,10,2016,1,2,23,8,RM12,,29.90891111,-98.0123,8,0,1,1,0,1,2,10,1,1
48,2016482891,482891,2,2,0,0,2,185,0,31,10,2016,2,9,20,3,SR-6,FM 2,30.273625,-96.0421,12,6,2,2,0,1,1,5,1,0
48,2016482892,482892,1,1,0,0,1,453,0,2,11,2016,4,2,43,7,I-35,,30.46031944,-97.6667,32,0,1,1,0,4,2,2,1,0
48,2016482893,482893,4,2,2,1,3,91,0,3,11,2016,5,7,36,8,FM 2673,,29.8478,-98.2778,12,1,1,1,0,1,2,2,1,0
48,2016482894,482894,2,1,1,2,1,113,3420,3,11,2016,5,4,26,8,SL 12/WALTON WALKER BLVD,,32.79946111,-96.9218,14,0,1,1,0,2,2,2,2,0
48,2016482895,482895,1,1,0,0,2,267,0,3,11,2016,5,15,10,1,I-10,,30.39025,-99.6178,1,0,1,1,0,1,1,2,1,0
48,2016482896,482896,1,1,0,0,1,93,0,4,11,2016,6,12,25,2,US-67,,31.85183056,-98.7542,30,0,1,1,0,4,1,1,1,0
48,2016482897,482897,1,1,0,0,1,387,210,4,11,2016,6,17,15,8,FM 44,,33.5819,-94.917,1,0,1,1,0,4,2,1,1,0
48,2016482898,482898,2,2,0,0,3,113,1730,5,11,2016,7,1,46,6,DALLAS NORTH TOLLWAY,,32.80725,-96.8179,12,2,1,1,0,1,3,2,1,2
48,2016482899,482899,2,2,0,0,3,165,0,5,11,2016,7,22,17,2,US-180,,32.71116111,-102.596,12,6,8,1,0,1,2,10,1,1
48,2016482900,482900,3,2,1,0,4,201,3280,5,11,2016,7,23,40,6,SCOTT ST,LOCKHART,29.67816944,-95.3672,12,6,2,2,0,1,3,10,1,1
48,2016482901,482901,3,3,0,0,6,231,2860,5,11,2016,7,14,48,2,US-69/JOE RAMSEY BLVD,US-380/LEE ST,33.14032778,-96.138,12,6,2,2,0,1,1,1,1,0
48,2016482902,482902,1,1,0,1,3,355,1550,5,11,2016,7,19,56,6,HORNE RD,,27.75261667,-97.4195,8,0,1,1,0,1,2,1,1,0
48,2016482903,482903,3,3,0,0,3,15,0,6,11,2016,1,14,5,3,SR-159,,29.97635,-96.2189,12,2,1,1,0,1,1,1,1,0
48,2016482904,482904,2,2,0,0,3,201,3280,6,11,2016,1,7,34,6,ALDINE WESTFIELD RD,TIDWELL RD,29.84810556,-98.3486,12,6,2,2,0,1,1,1,1,0
48,2016482905,482905,1,1,0,1,2,325,3250,6,11,2016,1,2,33,6,K AVE,,29.33873611,-99.1391,8,0,1,1,0,1,2,1,1,1
48,2016482906,482906,3,3,0,0,3,419,0,6,11,2016,1,16,24,3,SR-7,,31.66563056,-94.383,12,6,1,1,0,1,1,10,1,0
48,2016482907,482907,1,1,0,0,5,27,0,7,11,2016,2,13,30,8,FM 2484,,30.97408889,-97.5626,42,0,1,1,0,4,1,2,1,0
48,2016482908,482908,1,1,0,0,1,333,0,7,11,2016,2,15,41,2,US-84,,31.4644,-98.4739,35,0,1,1,0,4,1,10,1,0
48,2016482909,482909,2,2,0,0,3,485,7490,7,11,2016,2,18,47,7,US-277/BROAD ST,9TH ST,33.90686389,-98.4984,12,2,2,2,0,1,3,10,1,0
48,2016482910,482910,2,2,0,0,3,113,1730,8,11,2016,3,9,15,8,SL 12/WALTON WALKER BLVD,,32.85962778,-96.9024,54,11,1,1,0,1,1,10,1,0
48,2016482911,482911,1,1,0,0,4,201,3280,8,11,2016,3,10,16,1,I-45 NORTH FWY,,29.93338611,-95.4121,25,0,1,1,0,3,1,10,1,0
48,2016482912,482912,1,1,0,1,1,453,330,8,11,2016,3,18,56,8,SL 275 LAMAR BLVD,,30.35806111,-97.6999,8,0,1,1,0,1,2,2,1,0
48,2016482913,482913,7,7,0,0,10,29,6090,9,11,2016,4,18,38,1,I-10 MAIN LANES HWY,,29.52253611,-98.5555,12,1,18,1,0,1,5,2,1,0
48,2016482914,482914,2,2,0,0,2,165,0,9,11,2016,4,19,2,3,SR-214,,32.83429722,-102.755,18,0,1,1,0,2,2,1,1,0
48,2016482915,482915,1,1,0,0,1,201,3280,11,11,2016,6,16,32,1,I-45 GULF FWY,,29.61438889,-95.2166,24,0,5,1,0,4,1,1,1,1
48,2016482916,482916,2,2,0,0,2,347,0,11,11,2016,6,18,38,2,US-59,,31.80759444,-94.5202,12,2,1,1,0,1,2,1,1,1
48,2016482917,482917,1,1,0,1,1,27,6810,12,11,2016,7,17,18,8,FM 1471 31ST ST,,31.07581667,-97.3671,15,0,8,1,0,1,1,1,1,0
48,2016482918,482918,2,2,0,0,4,29,0,12,11,2016,7,14,36,6,MACDONA LACOSTE RD,CAGNON RD,29.3273,-98.7124,12,2,2,2,0,1,1,1,1,0
48,2016482919,482919,1,1,0,0,1,139,7270,12,11,2016,7,18,24,2,US-287,,32.40579444,-96.8238,1,0,1,1,0,4,2,1,1,1
48,2016482920,482920,3,3,0,0,3,29,6090,13,11,2016,1,5,23,2,US-281,,29.45781389,-98.4816,12,2,18,1,0,1,3,10,1,1
48,2016482921,482921,1,1,0,0,1,113,1730,13,11,2016,1,21,20,8,SL 12 WALTON WALKER BLVD,,32.69145833,-96.8916,25,0,1,1,0,4,3,1,1,0
48,2016482922,482922,2,2,0,0,4,113,1730,13,11,2016,1,20,53,6,JEFFERSON BLVD,,32.74254444,-96.9035,12,6,1,1,0,1,3,1,1,1
48,2016482923,482923,1,1,0,1,2,141,2190,13,11,2016,1,23,6,1,I-10,,31.76512222,-106.366,8,0,1,1,0,1,3,1,1,0
48,2016482924,482924,2,2,0,0,3,471,0,14,11,2016,2,8,21,1,I-45,,30.86723333,-95.7552,12,1,1,1,0,1,1,1,1,0
48,2016482925,482925,2,2,0,0,2,167,3850,30,9,2016,6,22,45,8,FM 1764,,29.39821111,-95.0388,12,6,8,1,0,1,3,1,1,1
48,2016482926,482926,1,1,0,0,1,113,1730,13,10,2016,5,15,45,1,I-35,,32.87000278,-96.8985,1,0,18,1,0,1,1,1,1,0
48,2016482927,482927,1,1,0,0,2,251,9997,15,10,2016,7,23,23,8,FM 917,,32.54645,-97.1316,33,0,1,1,0,3,2,1,1,0
48,2016482928,482928,2,2,0,0,3,113,3350,19,10,2016,4,14,30,1,I-45,,32.63313333,-96.6998,12,1,18,1,0,1,1,1,1,0
48,2016482929,482929,1,1,0,0,1,201,0,31,10,2016,2,22,28,8,FM 1942,,29.86073056,-95.0055,43,0,8,1,0,5,2,1,1,1
48,2016482930,482930,2,2,0,0,2,201,0,2,11,2016,4,4,3,8,FM 1960,,29.99511111,-95.4853,12,1,1,1,0,1,3,1,1,1
48,2016482931,482931,1,1,0,1,1,339,0,3,11,2016,5,23,2,8,FM 1314,,30.12683056,-95.2804,9,0,1,1,0,1,2,1,1,1
48,2016482932,482932,1,1,0,0,1,401,0,3,11,2016,5,17,5,8,FM 1971,,31.94398889,-94.5372,38,0,1,1,0,5,1,2,1,0
48,2016482933,482933,2,2,0,0,3,113,3420,4,11,2016,6,10,55,7,SR-114/JOHN CARPENTER FWY,SR-161/GEORGE BUSH TURNPIKE,32.89638333,-96.9719,12,6,2,2,0,1,1,1,1,0
48,2016482934,482934,1,1,0,0,1,233,0,4,11,2016,6,5,28,3,SR-152,,35.66511111,-101.352,24,0,1,1,0,4,2,1,1,0
48,2016482935,482935,1,1,0,0,2,439,2450,15,11,2016,3,0,30,1,I-820/LOOP 820,,32.7558,-97.4786,59,0,1,1,0,4,3,1,1,1
48,2016482936,482936,1,1,0,1,1,453,330,20,8,2016,7,23,7,6,WILLIAM CANNON DR,BILL HUGHES RD,30.19579444,-97.7851,8,0,2,3,0,1,3,10,1,0
48,2016482937,482937,3,3,0,0,4,479,3899,31,8,2016,4,17,19,8,SL 20/CUATRO VIENTOS BLVD,,27.4714,-99.447,12,98,1,1,0,1,1,10,1,0
48,2016482938,482938,1,1,0,1,1,309,7210,12,10,2016,4,21,4,8,FM 1637/CHINA SPRING RD,,31.62921667,-97.2414,8,0,1,1,0,1,2,1,1,0
48,2016482939,482939,2,2,0,0,2,201,3280,14,10,2016,6,6,34,6,LITTLE YORK RD,AIRLINE DR,29.86995833,-95.3851,12,1,3,2,0,1,2,10,1,0
48,2016482940,482940,3,3,0,0,5,53,1040,18,10,2016,3,13,10,2,US-281/WATER ST,,30.72133333,-98.2429,12,7,1,1,0,1,1,1,1,0
48,2016482941,482941,2,2,0,0,3,475,0,22,10,2016,7,0,47,1,I-20,I-20 RAMP,31.40609444,-103.551,12,6,2,4,0,1,2,1,1,1
48,2016482942,482942,2,1,1,0,1,121,0,10,11,2016,5,8,7,4,CR-CLAIRE ST,,33.10853056,-97.1183,14,0,1,1,0,7,1,1,1,0
48,2016482943,482943,1,1,0,1,1,201,3280,30,10,2016,1,1,8,6,MCCARTY,,29.77376111,-95.284,8,0,1,1,0,1,2,1,1,1
48,2016482944,482944,2,2,0,0,3,401,4740,31,10,2016,2,10,40,2,US-259,ANGELINA,31.91509722,-94.6808,12,11,2,2,0,1,1,1,1,0
48,2016482945,482945,2,2,0,0,3,299,0,1,11,2016,3,20,20,3,SR-71,,30.54608056,-98.4589,12,2,1,1,0,1,2,1,1,1
48,2016482946,482946,1,1,0,0,1,91,0,2,11,2016,4,2,45,2,US-281,,29.8372,-98.4108,32,0,1,1,0,4,7,10,1,1
48,2016482947,482947,1,1,0,0,1,309,7210,3,11,2016,5,3,3,3,SR-6,,31.54844444,-97.0736,1,0,1,1,1,1,2,10,1,0
48,2016482949,482949,2,2,0,0,8,287,0,6,11,2016,1,17,55,2,US-290,,30.185,-96.957,12,1,1,1,0,1,2,2,1,0
48,2016482950,482950,2,2,0,0,3,439,2450,6,11,2016,1,1,0,3,SR-183/28TH ST,LOVING AVE,32.79518056,-97.3364,12,6,2,2,0,1,2,1,1,0
48,2016482951,482951,1,1,0,1,1,73,3470,7,11,2016,2,6,40,3,SR-204/SL456,,31.95795,-95.2228,8,0,1,1,0,2,4,5,1,0
48,2016482952,482952,1,1,0,1,1,141,2190,7,11,2016,2,9,57,6,SAM SNEAD DR,LEE TREVINO DR,31.77693889,-106.322,8,0,2,2,0,1,1,1,1,0
48,2016482953,482953,2,2,0,0,2,201,3280,7,11,2016,2,1,5,8,FM1093 WESTHEIMER RD,,29.73733056,-95.5267,33,0,1,1,0,3,3,2,1,0
48,2016482954,482954,1,1,0,0,1,201,3280,7,11,2016,2,3,10,7,I-10 KATY FWY,,29.78511667,-95.5431,33,0,1,1,0,4,3,10,1,1
48,2016482955,482955,2,2,0,0,3,453,0,7,11,2016,2,3,14,3,SR-71,,30.1895,-97.5776,12,2,1,1,0,1,2,5,1,0
48,2016482956,482956,2,2,0,0,3,135,0,8,11,2016,3,9,59,8,SL338,,31.8004,-102.296,12,2,1,1,0,1,1,10,1,0
48,2016482957,482957,1,1,0,0,1,277,0,8,11,2016,3,6,0,8,FM38,,33.70356944,-95.7668,42,0,1,1,0,4,2,10,1,0
48,2016482958,482958,2,2,0,0,2,231,0,9,11,2016,4,20,0,3,SR-11,,33.27021944,-95.9196,12,1,1,1,0,1,2,1,1,0
48,2016482959,482959,1,1,0,0,2,267,0,9,11,2016,4,3,54,1,I-10,,30.38000278,-99.61,24,0,1,1,0,4,2,2,1,0
48,2016482960,482960,2,2,0,0,2,267,0,9,11,2016,4,12,30,1,I-10,,30.43038056,-99.6958,12,6,1,1,0,1,1,2,1,0
48,2016482961,482961,2,2,0,0,2,325,0,9,11,2016,4,10,17,3,SR-173,CR-548/ELSTONE RD,29.29918889,-99.0957,12,6,2,2,0,1,1,10,1,1
48,2016482963,482963,1,1,0,1,1,113,1730,10,11,2016,5,5,58,1,I-635/LYNDON B JOHNSON FWY,,32.91469722,-96.7401,8,0,1,1,0,1,3,1,1,0
48,2016482964,482964,1,1,0,0,1,213,1284,10,11,2016,5,18,58,3,SR-31,,32.31436111,-95.4538,59,0,1,1,0,4,2,1,1,0
48,2016482965,482965,1,1,0,0,1,323,0,10,11,2016,5,22,0,8,FM 2644,,28.49876944,-100.273,1,0,1,1,0,4,6,2,1,1
48,2016482966,482966,1,1,0,0,1,161,0,11,11,2016,6,18,15,1,I-45,,31.83483889,-96.2863,1,0,1,1,0,4,2,1,1,0
48,2016482967,482967,3,3,0,0,3,181,0,11,11,2016,6,6,58,2,US-377,,33.79663889,-96.8748,59,0,1,1,0,4,1,1,1,0
48,2016482968,482968,1,1,0,0,1,201,0,11,11,2016,6,0,30,4,CR-LOUETTA RD,,29.99643056,-95.6141,42,0,1,1,0,3,2,1,1,1
48,2016482969,482969,1,1,0,0,1,251,0,12,11,2016,7,10,30,8,FM 917,,32.47585,-97.2202,30,0,1,1,0,4,1,1,1,0
48,2016482970,482970,2,2,0,0,2,309,7210,12,11,2016,7,10,43,6,NEW ROAD DR,,31.52609167,-97.1718,12,2,8,1,0,1,1,1,1,0
48,2016482971,482971,1,1,0,1,1,491,5990,12,11,2016,7,10,10,8,RM620 ROUND ROCK AVE,,30.50995556,-97.6871,8,0,1,1,0,1,1,1,1,0
48,2016482972,482972,1,1,0,1,1,5,0,13,11,2016,1,21,30,8,FM326,,31.28521944,-94.6383,8,0,1,1,0,1,2,1,1,0
48,2016482973,482973,2,2,0,0,4,135,5030,13,11,2016,1,3,43,6,GOLDER AVE,,31.88780833,-102.395,12,2,1,1,0,1,2,1,1,1
48,2016482974,482974,1,1,0,0,1,201,3280,13,11,2016,1,6,25,2,US-90 MAIN ST,,29.65544444,-95.4426,25,0,19,1,0,3,6,10,1,1
48,2016482975,482975,1,1,0,0,1,29,6090,14,11,2016,2,2,8,7,I-35 ELMIRA ST,,29.43603056,-98.4946,33,0,19,1,0,4,3,1,1,0
48,2016482976,482976,5,5,0,0,6,231,0,14,11,2016,2,15,20,1,I-30,,32.99153611,-96.2521,12,1,1,1,0,1,1,1,1,0
48,2016482977,482977,1,1,0,0,1,289,0,14,11,2016,2,18,55,3,SR-7,,31.26524167,-95.945,5,0,1,1,0,1,2,1,1,0
48,2016482978,482978,2,2,0,0,2,453,5325,14,11,2016,2,6,16,6,HEATHERWILDE BLVD,,30.47594167,-97.6185,12,6,8,1,1,1,2,5,1,0
48,2016482979,482979,1,1,0,1,2,121,3960,15,11,2016,3,18,5,6,LAKEPOINTE DR,,33.01836111,-96.9792,8,0,1,1,0,1,2,1,1,0
48,2016482980,482980,5,4,1,0,5,29,6090,16,11,2016,4,19,18,6,THOUSAND OAKS DR,PARK CROSSING DR,29.55793056,-98.4172,12,2,2,3,0,1,3,1,1,1
48,2016482981,482981,1,1,0,1,1,113,1730,16,11,2016,4,5,40,6,HAMPTON RD,,32.7209,-96.8571,8,0,1,1,0,1,3,1,1,0
48,2016482982,482982,2,2,0,1,2,453,330,16,11,2016,4,5,51,1,I-35,,30.305875,-97.7128,8,0,1,1,0,1,3,1,1,0
48,2016482983,482983,1,1,0,1,1,21,2160,17,11,2016,5,19,17,2,US-290,,30.33923611,-97.3748,8,0,1,1,0,1,2,1,1,0
48,2016482984,482984,2,2,0,0,2,71,9997,17,11,2016,5,15,4,3,SR-146,,29.78803056,-94.9109,32,0,1,1,0,4,1,1,1,1
48,2016482985,482985,1,1,0,0,1,441,30,17,11,2016,5,11,52,6,OLD ANSON RD,,32.50070833,-99.7533,24,0,1,1,0,4,1,1,1,0
48,2016482986,482986,1,1,0,1,1,27,570,18,11,2016,6,18,15,7,I-35,,31.03790833,-97.4719,9,0,1,1,0,1,2,1,1,0
48,2016482987,482987,2,2,0,0,3,85,5730,20,11,2016,1,17,5,3,SR-190 PRES GEORGE BUSH HWY,PLANO RD,33.00313056,-96.6994,12,6,2,2,0,1,1,1,1,0
48,2016482989,482989,1,1,0,0,4,113,1730,23,11,2016,4,0,25,6,ROSELAND AVE,CADDO ST,32.7994,-96.7857,30,0,3,2,0,4,3,10,1,0
48,2016482990,482990,2,2,0,0,2,209,3760,23,11,2016,4,23,45,7,I-35,CR-122 BEBEE RD,30.01998611,-97.8552,12,6,3,3,0,1,2,1,1,1
48,2016482991,482991,1,1,0,1,1,441,30,23,11,2016,4,22,45,3,SR-351 AMBLER AVE,JUDGE ELY BLVD,32.47466667,-99.7066,9,0,2,2,0,1,3,1,1,1
48,2016482992,482992,1,1,0,0,1,157,5970,11,11,2016,6,21,38,3,SR-36 1ST ST,,29.51180556,-95.8078,32,0,1,1,0,4,2,1,1,1
48,2016482993,482993,1,1,0,0,2,453,330,11,11,2016,6,19,33,2,US-183 BASTROP HWY,,30.21947222,-97.683,1,0,20,1,0,1,2,1,1,0
48,2016482994,482994,1,1,0,0,1,253,0,13,11,2016,1,6,47,4,CR-229,,32.78746667,-99.689,38,0,1,1,0,5,2,1,1,1
48,2016482995,482995,2,2,0,0,3,9,0,16,11,2016,4,17,30,2,US-820,,33.75118611,-98.8725,12,2,1,1,0,1,5,1,1,0
48,2016482996,482996,2,2,0,0,3,435,0,17,11,2016,5,0,57,1,I-10,,30.61747778,-100.754,12,6,1,1,0,1,2,1,1,0
48,2016482997,482997,2,2,0,0,2,497,0,21,11,2016,2,19,22,2,US-81,,33.32989722,-97.6702,12,6,1,1,0,1,2,1,1,0
48,2016482998,482998,2,2,0,0,4,201,3280,24,11,2016,5,22,5,3,SR-35 REVEILLE,,29.68539722,-95.2903,42,0,1,1,0,3,3,1,1,1
48,2016482999,482999,2,2,0,0,2,439,2450,25,11,2016,6,5,30,1,I-35 SEMINARY FWY,,32.67850556,-97.3203,12,1,18,1,0,1,3,10,1,0
48,2016483000,483000,1,1,0,0,3,29,6090,26,11,2016,7,2,28,6,ISOM RD,,29.53037778,-98.4909,33,0,1,1,0,4,3,1,1,1
48,2016483001,483001,3,3,0,0,3,215,7330,26,11,2016,7,16,39,2,US-83 BUSINESS,6TH ST,26.15588056,-97.9707,12,2,2,3,0,1,1,10,1,0
48,2016483002,483002,1,1,0,0,2,439,2450,21,7,2016,5,11,33,2,US-35 SOUTH FWY,,32.64968611,-97.3216,20,0,5,1,0,10,1,1,1,0
48,2016483003,483003,1,1,0,1,2,29,6090,20,8,2016,7,23,4,2,US-87,PECAN VALLEY,29.39805833,-98.4327,8,0,2,2,0,1,3,2,1,0
48,2016483004,483004,1,1,0,1,3,39,5249,2,10,2016,1,7,31,6,BROADWAY ST,SOUTHERN TRAIL DR,29.55535833,-95.4071,8,0,3,2,0,1,4,1,1,0
48,2016483005,483005,1,1,0,0,2,113,1730,24,10,2016,2,22,16,6,PINE ST,,32.76650556,-96.7497,10,0,6,1,0,1,3,1,1,0
48,2016483006,483006,1,1,0,2,1,355,1550,30,10,2016,1,0,2,8,FM 43 WEBER RD,,27.71093611,-97.4053,8,0,1,1,0,1,3,1,1,0
48,2016483007,483007,2,2,0,0,2,61,0,5,11,2016,7,18,18,8,FM 2520,,26.09718611,-97.6629,12,6,4,1,0,1,1,10,1,0
48,2016483008,483008,1,1,0,0,1,439,2450,6,11,2016,1,6,26,6,RIVERSIDE DR,,32.74374167,-97.303,21,0,1,1,0,3,2,1,1,0
48,2016483009,483009,1,1,0,0,1,439,2450,10,11,2016,5,10,41,8,SL 820,,32.74238333,-97.4814,59,0,19,1,0,10,1,1,1,0
48,2016483010,483010,1,1,0,1,1,167,2570,11,11,2016,6,16,59,8,FM 3005 TERMINI SAN LOUIS PASS,,29.14061111,-95.0411,15,0,1,1,0,1,1,1,1,0
48,2016483011,483011,6,6,0,0,9,201,5230,14,11,2016,2,17,45,8,SL8 SAM HOUSTON PKWY,,29.70172222,-95.1534,12,1,1,1,0,1,5,1,1,0
48,2016483012,483012,2,2,0,0,3,231,0,14,11,2016,2,14,18,1,I-30,,33.00665833,-96.2262,12,1,1,1,0,1,1,1,1,1
48,2016483013,483013,3,3,0,0,5,353,6720,14,11,2016,2,17,0,1,I-20M BUSINESS BROADWAY AVE,FM1544,32.45996667,-100.438,12,1,3,3,0,1,1,1,1,0
48,2016483014,483014,1,1,0,0,1,201,3280,15,11,2016,3,17,0,3,SR-6,,29.75000278,-95.6446,53,0,1,1,0,4,1,1,1,0
48,2016483015,483015,1,1,0,0,1,113,2590,16,11,2016,4,21,10,7,I-635 EASTGATE DR,,32.86064167,-96.6551,33,0,5,1,0,10,3,1,1,1
48,2016483016,483016,1,1,0,1,1,439,260,16,11,2016,4,16,48,8,FM157 COOPER ST,ABRAM ST,32.73566944,-97.1146,8,0,2,2,0,1,1,1,1,0
48,2016483017,483017,2,2,0,0,2,27,0,17,11,2016,5,14,24,4,CR-SPARTA RD,,31.09175278,-97.4979,12,2,1,1,0,1,1,1,2,0
48,2016483018,483018,2,2,0,0,2,113,1730,17,11,2016,5,22,31,8,SL12 BUCKNER BLVD,,32.75233611,-96.6829,12,7,1,1,0,1,3,10,1,0
48,2016483019,483019,1,1,0,0,3,141,2190,17,11,2016,5,2,56,1,I-10,,31.89450278,-106.583,31,0,1,1,0,4,3,1,1,0
48,2016483020,483020,1,1,0,0,2,113,2800,18,11,2016,6,13,5,6,DALWORTH ST,,32.74469722,-97.0312,42,0,1,1,0,4,1,1,1,0
48,2016483022,483022,2,2,0,0,2,51,0,19,11,2016,7,17,15,8,FM60,,30.43429444,-96.7559,1,0,1,1,1,1,5,1,1,1
48,2016483023,483023,1,1,0,1,3,113,2590,19,11,2016,7,22,54,1,I-635 LBJ FWY,,32.87672778,-96.6856,8,0,1,1,0,1,3,1,1,0
48,2016483024,483024,1,1,0,0,1,491,0,19,11,2016,7,10,21,4,CR-REMUDA DR,,30.72383889,-97.9133,42,0,1,1,0,4,1,1,1,0
48,2016483025,483025,3,3,0,1,3,459,0,19,11,2016,7,22,59,2,US-271,,32.64954167,-94.9336,12,6,1,1,0,1,2,1,1,0