STATE,YEAR_ST_CASE,ST_CASE,VE_TOTAL,VE_FORMS,PVH_INVL,PEDS,PERSONS,COUNTY,CITY,DAY,MONTH,YEAR,DAY_WEEK,HOUR,MINUTE,ROUTE,TWAY_ID,TWAY_ID2,LATITUDE,LONGITUD,HARM_EV,MAN_COLL,RELJCT2,TYP_INT,WRK_ZONE,REL_ROAD,LGT_COND,WEATHER,FATALS,DRUNK_DR
48,2016483026,483026,2,2,0,0,2,201,0,20,11,2016,1,14,0,4,CR-BENT ELM DR,CR-LOUETTA RD,30.04206944,-95.4856,12,6,2,3,0,1,1,1,1,0
48,2016483027,483027,1,1,0,0,1,201,3280,20,11,2016,1,2,35,6,HARRISBURG BLVD,,29.72867778,-95.2799,24,0,1,1,0,3,3,1,1,1
48,2016483028,483028,4,4,0,0,7,439,260,20,11,2016,1,19,29,8,FM157 COLLINS ST,,32.78298889,-97.0956,12,1,1,1,0,1,2,1,3,0
48,2016483029,483029,1,1,0,0,1,115,0,21,11,2016,2,10,22,3,SR-137,,32.5639,-101.906,1,0,1,1,0,4,1,1,1,0
48,2016483030,483030,1,1,0,0,1,303,0,21,11,2016,2,19,26,8,FM400,,33.40604444,-101.643,1,0,1,1,0,4,2,10,1,0
48,2016483031,483031,2,2,0,0,2,201,3280,22,11,2016,3,4,25,6,CLINTON DR,,29.73272222,-95.2141,12,6,8,1,0,1,2,1,1,0
48,2016483032,483032,1,1,0,0,1,449,0,22,11,2016,3,10,19,4,CR-3150,,33.19143889,-94.8343,32,0,1,1,0,4,1,2,1,0
48,2016483033,483033,1,1,0,0,3,113,1730,9,6,2016,5,4,5,1,I-35/STEMMONS FWY,,32.86382778,-96.8945,25,0,1,1,0,3,3,10,1,1
48,2016483034,483034,2,2,0,0,4,453,330,22,7,2016,6,23,30,8,FM 734/PARMER LANE,RIATA VISTA CIR,30.43424444,-97.7318,12,6,2,2,0,1,2,1,1,0
48,2016483036,483036,1,1,0,0,1,29,6090,22,10,2016,7,0,36,1,I-35,,29.417675,-98.5023,25,0,1,1,0,3,3,1,1,0
48,2016483037,483037,1,1,0,0,3,27,0,25,10,2016,3,20,28,4,CR-OLD HWY 81,,31.21598056,-97.3054,23,0,1,1,0,4,2,1,2,0
48,2016483038,483038,1,1,0,0,22,281,4060,31,10,2016,2,20,10,6,RAILWAY RD,,31.2168,-98.393,5,0,1,1,0,1,3,1,1,0
48,2016483039,483039,2,2,0,0,2,451,6080,31,10,2016,2,15,41,3,SR-208/19TH ST,OAKES ST,31.48116667,-100.444,12,6,2,2,0,1,1,1,1,0
48,2016483040,483040,2,2,0,0,5,113,3420,6,11,2016,1,3,28,3,SR-183/AIRPORT FWY,,32.83700556,-96.95,12,1,1,1,1,1,2,1,4,1
48,2016483041,483041,2,2,0,1,3,13,0,9,11,2016,4,3,28,1,I-37,,28.77711111,-98.309,12,11,1,1,0,1,2,2,1,0
48,2016483042,483042,2,2,0,0,2,363,4630,10,11,2016,5,5,45,2,US-180,GARRET MORRIS PKWY,32.81078611,-98.0829,12,2,2,2,0,1,3,1,1,0
48,2016483043,483043,2,1,1,1,1,471,0,10,11,2016,5,4,30,1,I-45,,30.80058056,-95.684,14,0,1,1,0,2,2,1,1,0
48,2016483044,483044,1,1,0,0,1,453,330,11,11,2016,6,20,25,7,I-35,,30.10631944,-97.8103,1,0,1,1,0,1,2,1,1,0
48,2016483045,483045,1,1,0,0,3,201,0,12,11,2016,7,23,30,4,CR-REX RD,CR-BEAMER RD,29.55051111,-95.172,34,0,3,3,0,4,2,1,1,1
48,2016483046,483046,1,1,0,0,1,201,0,13,11,2016,1,21,55,4,CR-SPRING CYPRESS RD,CR-TELGE RD,29.99096111,-95.6532,34,0,3,3,0,4,3,1,1,0
48,2016483047,483047,1,1,0,0,2,291,0,13,11,2016,1,1,21,8,FM 2610,,30.49003056,-94.8324,1,0,1,1,0,4,2,1,1,1
48,2016483048,483048,1,1,0,1,1,339,0,14,11,2016,2,18,40,3,SR-105,,30.36548056,-95.6159,8,0,1,1,0,1,2,1,1,0
48,2016483049,483049,2,2,0,0,2,491,0,14,11,2016,2,6,50,8,FM 3349,,30.54443056,-97.4848,12,2,1,1,0,1,4,5,1,0
48,2016483050,483050,2,2,0,0,5,503,0,14,11,2016,2,5,40,3,SR-114,,33.30156944,-98.6231,12,2,1,1,0,2,2,5,1,0
48,2016483051,483051,2,2,0,0,2,467,0,15,11,2016,3,12,52,3,SR-64,CR-3406,32.65020556,-95.9672,12,1,3,4,0,1,1,1,1,0
48,2016483052,483052,1,1,0,1,1,5,1900,16,11,2016,4,3,50,2,US-59 TEMPLE DR,,31.20260556,-94.7771,8,0,1,1,0,1,2,1,1,0
48,2016483053,483053,1,1,0,0,1,273,0,16,11,2016,4,7,15,4,CR-2140,,27.43697222,-97.8562,10,0,6,1,0,1,1,1,1,0
48,2016483054,483054,1,1,0,0,1,361,0,16,11,2016,4,20,20,4,CR-HOO HOO RD,,30.05590278,-93.8265,5,0,1,1,0,1,2,1,1,1
48,2016483055,483055,2,2,0,0,4,495,0,16,11,2016,4,17,0,3,SR-302,,31.79438333,-103.282,12,6,1,1,0,1,5,1,1,0
48,2016483056,483056,1,1,0,0,2,153,0,17,11,2016,5,20,51,4,CR-160,,34.11391667,-101.274,30,0,1,1,0,4,3,1,1,1
48,2016483057,483057,2,2,0,0,2,201,3280,17,11,2016,5,15,3,6,FERRIS ST,BRAESWOOD BLVD,29.67889444,-95.4719,12,6,2,3,0,1,1,1,1,0
48,2016483058,483058,1,1,0,0,1,277,0,17,11,2016,5,13,30,8,FM905 OLD JEFFERSON RD,,33.6052,-95.4811,42,0,1,1,0,4,1,1,1,0
48,2016483059,483059,1,1,0,1,1,339,0,17,11,2016,5,18,34,7,I-69/US-59,,30.26248889,-95.1428,8,0,1,1,0,1,2,1,1,0
48,2016483060,483060,2,2,0,0,6,475,0,17,11,2016,5,10,40,1,I-20,,31.57586944,-102.939,12,6,1,1,0,1,1,1,2,0
48,2016483061,483061,1,1,0,0,1,177,0,18,11,2016,6,3,3,1,I-10,,29.6922,-97.2312,24,0,1,1,1,4,2,10,1,0
48,2016483062,483062,3,3,0,0,3,177,0,18,11,2016,6,15,31,1,I-10,,29.66512778,-97.3503,12,1,1,1,0,1,1,1,1,0
48,2016483063,483063,1,1,0,0,1,241,0,18,11,2016,6,19,50,4,CR-BOAT RAMP,,30.92418889,-94.1565,3,0,1,1,0,4,2,1,1,0
48,2016483064,483064,1,1,0,0,1,303,4140,18,11,2016,6,23,16,7,I-27,,33.53282222,-101.845,24,0,1,1,0,10,3,1,1,1
48,2016483065,483065,1,1,0,1,1,309,0,18,11,2016,6,5,47,3,SR-31,,31.69490556,-96.9515,8,0,1,1,0,2,2,1,1,0
48,2016483066,483066,3,3,0,0,8,365,0,18,11,2016,6,13,30,2,US-79,,32.30838611,-94.1573,12,6,1,1,0,1,1,2,1,0
48,2016483067,483067,2,2,0,1,6,1,5170,19,11,2016,7,18,48,2,US-79 OAK ST,,31.73243056,-95.6736,8,0,1,1,0,1,2,1,1,0
48,2016483068,483068,1,1,0,1,2,147,760,19,11,2016,7,22,49,6,BEECH ST,9TH ST,33.58186389,-96.1858,9,0,2,2,0,1,2,1,1,0
48,2016483069,483069,2,2,0,0,3,167,0,19,11,2016,7,17,56,8,FM517,,29.48541944,-94.9412,12,1,1,1,0,1,1,1,2,1
48,2016483070,483070,1,1,0,0,1,221,0,19,11,2016,7,12,37,8,FM4,,32.47673056,-97.8856,42,0,1,1,0,4,1,1,1,0
48,2016483071,483071,1,1,0,0,1,271,0,19,11,2016,7,20,34,2,US-277,,29.11993056,-100.654,23,0,1,1,0,4,2,1,1,1
48,2016483072,483072,2,2,0,0,2,339,0,19,11,2016,7,1,10,3,SR-105,,30.37138056,-95.6306,12,1,1,1,0,1,2,1,1,1
48,2016483073,483073,1,1,0,0,1,181,0,20,11,2016,1,8,0,2,US-82,,33.67076944,-96.7152,1,0,1,1,0,4,1,1,1,0
48,2016483074,483074,3,1,2,1,1,201,3280,20,11,2016,1,3,10,1,I-610/NORTH LOOP,,29.78668333,-95.2656,8,0,1,1,0,2,3,1,1,0
48,2016483075,483075,1,1,0,1,2,237,3460,20,11,2016,1,15,19,2,US-281/MAIN ST,,33.22740278,-98.1822,8,0,1,1,0,2,1,1,1,0
48,2016483076,483076,1,1,0,0,1,303,0,20,11,2016,1,18,16,8,FM 179,,33.46476111,-102.009,58,0,1,1,0,4,5,1,1,0
48,2016483077,483077,2,2,0,0,4,367,0,20,11,2016,1,8,40,2,US-180/MINERAL WELLS HWY,FM 113,32.79825,-97.988,12,6,2,2,0,1,1,1,1,0
48,2016483078,483078,1,1,0,0,2,309,0,21,11,2016,2,17,34,1,I-35,,31.81795,-97.0985,39,0,1,1,0,4,3,1,1,0
48,2016483079,483079,1,1,0,1,1,309,545,21,11,2016,2,19,39,2,US-84/BELLMEAD DR,,31.59313889,-97.0969,8,0,1,1,0,1,6,1,1,0
48,2016483080,483080,1,1,0,1,1,499,7560,21,11,2016,2,19,20,3,SR-11/BROADWAY ST,MARKET ST,32.95726111,-95.2899,8,0,2,3,0,1,2,1,1,0
48,2016483081,483081,1,1,0,0,1,1,0,22,11,2016,3,17,0,8,FM 321,,31.86263889,-95.7723,1,0,1,1,0,4,5,10,1,0
48,2016483082,483082,2,2,0,0,2,39,0,22,11,2016,3,7,25,4,CR-220/COALE RD,,29.12411944,-95.4397,12,2,1,1,0,2,1,1,1,0
48,2016483083,483083,2,2,0,0,2,145,0,22,11,2016,3,18,5,3,SR-6,,31.44951944,-96.9254,12,6,1,1,0,1,2,10,1,0
48,2016483084,483084,2,2,0,0,2,259,0,22,11,2016,3,16,8,8,FM 473,,29.96966944,-98.4767,24,0,1,1,0,4,1,10,1,0
48,2016483085,483085,1,1,0,0,1,405,0,22,11,2016,3,14,50,3,SR-21,,31.50838056,-94.2528,35,0,1,1,0,4,1,10,1,1
48,2016483086,483086,1,1,0,0,8,467,0,22,11,2016,3,15,47,4,CR-4907,,32.40806111,-95.5739,42,0,1,1,0,4,1,2,1,0
48,2016483087,483087,1,1,0,1,1,485,7490,22,11,2016,3,21,26,8,BU-287/IOWA PARK RD,,33.93476667,-98.5633,15,0,1,1,0,1,2,1,1,0
48,2016483088,483088,1,1,0,0,1,491,2620,23,11,2016,4,21,3,6,COOL SPRING WAY,,30.73373056,-97.7422,42,0,1,1,0,4,3,1,1,1
48,2016483089,483089,2,2,0,0,2,27,3690,24,11,2016,5,2,56,8,BU-190/VETERANS MEMORIAL BLVD,,31.09319444,-97.6788,12,2,1,1,0,1,3,1,1,0
48,2016483090,483090,1,1,0,0,1,85,0,24,11,2016,5,15,49,8,FM 1827/NEW HOPE RD,,33.23431111,-96.5401,33,0,1,1,0,4,1,1,1,1
48,2016483091,483091,1,1,0,1,3,113,387,24,11,2016,5,19,43,1,I-20,,32.70298889,-96.6012,8,0,18,1,0,1,2,1,1,0
48,2016483092,483092,3,1,2,1,3,113,2590,24,11,2016,5,1,5,3,SR-190 PGB,,32.946825,-96.6125,14,0,19,1,0,8,3,1,1,1
48,2016483093,483093,1,1,0,1,2,141,0,24,11,2016,5,5,39,1,I-10,,31.56001667,-106.163,8,0,1,1,0,1,2,1,1,0
48,2016483094,483094,2,2,0,0,2,219,230,24,11,2016,5,11,11,6,LAWRENCE AVE,5TH ST,33.81205,-102.165,12,6,2,2,0,1,1,1,1,0
48,2016483095,483095,2,2,0,0,5,291,0,24,11,2016,5,11,0,8,FM 2610,CR-2850,30.46305278,-94.8419,1,0,2,2,0,1,1,1,1,0
48,2016483096,483096,1,1,0,1,1,453,330,24,11,2016,5,18,37,1,I-35,,30.33001667,-97.7055,8,0,1,1,0,1,5,10,1,0
48,2016483097,483097,1,1,0,1,1,29,6090,25,11,2016,6,23,9,6,CULEBRA RD,,29.45955278,-98.6391,8,0,1,1,0,1,3,1,1,0
48,2016483098,483098,1,1,0,0,1,113,1730,25,11,2016,6,2,29,8,MILITARY PKWY,,32.76846944,-96.6754,1,0,1,1,1,3,3,10,1,0
48,2016483099,483099,1,1,0,0,1,141,0,25,11,2016,6,2,33,3,SR-20 ALAMEDA AVE,,31.48597778,-106.139,38,0,1,1,0,5,2,1,1,1
48,2016483100,483100,1,1,0,0,1,303,4140,25,11,2016,6,3,6,7,SL 289,,33.52894722,-101.823,38,0,19,1,0,4,2,1,1,1
48,2016483101,483101,1,1,0,0,1,309,0,25,11,2016,6,22,2,8,FM 939,,31.55886389,-96.8362,42,0,1,1,0,4,2,1,1,1
48,2016483102,483102,1,1,0,0,1,71,0,26,11,2016,7,11,5,8,FM 562,,29.55769444,-94.7281,38,0,1,1,0,5,1,1,1,1
48,2016483103,483103,2,2,0,0,4,99,0,26,11,2016,7,2,41,3,SR-36,,31.27408889,-97.518,12,2,1,1,0,1,2,1,1,1
48,2016483104,483104,1,1,0,1,1,113,1730,26,11,2016,7,1,0,3,SR-352 SCYENE RD,,32.76343889,-96.6962,8,0,1,1,0,1,3,10,1,0
48,2016483105,483105,1,1,0,0,2,121,9997,26,11,2016,7,23,7,6,PANTHER CREEK PKWY,,33.19161667,-96.877,46,0,1,1,0,4,3,1,1,0
48,2016483106,483106,1,1,0,0,1,201,0,26,11,2016,7,17,43,7,I-45,BARREN SPRINGS DR,29.98983333,-95.4244,30,0,3,3,0,10,2,1,1,1
48,2016483107,483107,1,1,0,0,1,363,0,26,11,2016,7,23,10,1,I-20,,32.61685833,-98.0981,34,0,19,1,0,10,2,1,1,1
48,2016483108,483108,1,1,0,0,2,407,0,26,11,2016,7,14,14,4,CR-ELDRIDGE RD,,30.53284722,-95.2274,1,0,1,1,0,1,1,1,1,0
48,2016483109,483109,1,1,0,0,1,85,5390,27,11,2016,1,22,20,6,SHILOH RD,,33.02570556,-96.664,33,0,1,1,0,4,3,10,1,1
48,2016483110,483110,2,2,0,0,3,113,1730,27,11,2016,1,5,46,1,I-35 STEMMONS FWY,,32.85646944,-96.8879,12,11,1,1,0,1,2,10,1,0
48,2016483111,483111,1,1,0,1,1,167,3850,27,11,2016,1,19,42,8,FM519 MAIN ST,,29.35812778,-94.9712,9,0,8,1,0,1,6,1,1,0
48,2016483112,483112,2,2,0,0,3,201,0,27,11,2016,1,2,1,4,CR-SPRING CYPRESS RD,,30.01309722,-95.5932,12,9,8,1,0,1,2,1,1,2
48,2016483113,483113,1,1,0,0,1,281,0,27,11,2016,1,15,42,2,US-190,,31.05907778,-98.1391,35,0,1,1,0,4,1,10,1,0
48,2016483114,483114,1,1,0,0,3,113,1870,28,11,2016,2,10,0,6,WINTERGREEN RD,,32.61903333,-96.8269,42,0,1,1,0,3,1,2,1,0
48,2016483115,483115,2,2,0,0,2,177,0,28,11,2016,2,2,24,2,US-183,,29.57069722,-97.5122,12,6,1,1,0,1,2,1,1,1
48,2016483116,483116,2,2,0,0,2,201,3280,28,11,2016,2,17,48,6,FONDREN RD,,29.71291389,-95.521,12,2,1,1,0,1,1,1,1,1
48,2016483117,483117,1,1,0,0,1,113,1730,29,11,2016,3,5,30,8,SS408 PATRIOT PKWY,,32.72248889,-96.9177,59,0,1,1,0,4,3,10,1,0
48,2016483118,483118,1,1,0,0,1,113,1870,29,11,2016,3,20,39,6,POLK ST,,32.61049722,-96.8401,17,0,1,1,0,3,3,1,1,1
48,2016483119,483119,1,1,0,1,1,453,330,29,11,2016,3,17,53,6,MANOR RD,,30.28693889,-97.7024,8,0,1,1,0,1,5,1,1,0
48,2016483120,483120,1,1,0,0,1,113,3420,30,11,2016,4,23,8,3,SR-161 GEORGE BUSH TPKE,,32.83853611,-97.0175,25,0,19,1,0,4,2,1,1,1
48,2016483121,483121,1,1,0,0,1,181,1830,30,11,2016,4,23,25,7,US-75,,33.77816667,-96.585,33,0,1,1,1,8,3,1,1,0
48,2016483122,483122,1,1,0,0,2,201,5230,30,11,2016,4,23,25,3,SR-NASA,,29.56668333,-95.0624,38,0,1,1,0,5,3,1,1,1
48,2016483123,483123,1,1,0,1,1,373,4020,30,11,2016,4,19,50,3,SR-146 HOUSTON AVE,,30.6955,-94.9191,8,0,1,1,0,1,3,1,1,0
48,2016483125,483125,2,2,0,0,3,147,760,1,12,2016,5,16,0,2,US-82,THOMAS L HAYES BLVD,33.60386389,-96.166,12,6,2,2,0,1,1,1,1,0
48,2016483126,483126,1,1,0,1,1,91,4870,2,12,2016,6,8,16,1,I-35,,29.739175,-98.0663,8,0,1,1,0,1,1,10,1,0
48,2016483127,483127,2,2,0,0,5,93,0,2,12,2016,6,15,40,3,SR-16,FM2861,31.96201111,-98.5624,12,1,2,3,0,1,1,2,1,0
48,2016483128,483128,1,1,0,0,1,459,0,2,12,2016,6,12,25,8,FM2454,,32.82070278,-94.9773,42,0,1,1,0,4,1,10,1,0
48,2016483129,483129,1,1,0,1,1,491,5990,2,12,2016,6,22,59,6,MAYS ST,MAIN ST,30.50855556,-97.6788,8,0,1,1,0,1,3,2,1,0
48,2016483130,483130,2,2,0,0,2,71,0,3,12,2016,7,8,30,8,FM563,,29.80169722,-94.6576,12,2,1,1,0,1,1,2,1,0
48,2016483131,483131,1,1,0,0,3,73,0,3,12,2016,7,17,4,8,FM 22,,31.89574444,-95.1589,42,0,1,1,0,4,5,2,1,1
48,2016483132,483132,3,3,0,0,6,201,3280,3,12,2016,7,19,3,8,FM 1960,,30.02050833,-95.1002,12,7,1,1,0,1,3,2,2,0
48,2016483133,483133,2,2,0,1,1,113,387,4,12,2016,1,12,1,1,I-635,,32.71141111,-96.6201,12,1,1,1,0,1,1,1,1,0
48,2016483134,483134,1,1,0,0,4,113,3420,4,12,2016,1,19,57,3,SR-183 AIRPORT FWY,,32.83707222,-96.9227,25,0,5,1,0,10,3,1,2,0
48,2016483135,483135,1,1,0,1,3,141,2190,4,12,2016,1,2,36,8,SL 478 DYER ST,,31.81941944,-106.445,8,0,1,1,0,1,2,1,1,1
48,2016483136,483136,2,2,0,0,2,187,6290,4,12,2016,1,16,25,7,I-10,NEW BRAUNFELS,29.58691667,-97.9881,12,2,2,3,0,1,2,2,1,0
48,2016483137,483137,1,1,0,0,1,439,1654,4,12,2016,1,11,21,6,MAIN ST,,32.57819722,-97.3428,24,0,1,1,0,4,1,10,1,0
48,2016483138,483138,1,1,0,0,1,139,2240,5,12,2016,2,8,22,1,I-45,,32.29739167,-96.5682,21,0,19,1,0,4,1,10,1,0
48,2016483139,483139,3,3,0,0,6,113,2590,14,12,2016,4,11,5,6,NORTHWEST HWY,CENTERVILLE RD,32.86118889,-96.6426,12,6,2,2,0,1,1,10,1,0
48,2016483140,483140,1,1,0,0,2,423,0,5,12,2016,2,12,55,8,FM 14,,32.54375833,-95.2525,52,0,1,1,0,4,1,2,1,0
48,2016483141,483141,2,2,0,0,3,409,0,6,12,2016,3,13,0,2,US-77,FM 1944,27.97125278,-97.5635,12,6,2,3,0,1,1,1,1,0
48,2016483142,483142,3,3,0,0,3,439,2450,6,12,2016,3,11,29,1,I-35 W/NORTH FREEWAY,,32.78996944,-97.3211,18,0,1,1,1,4,1,10,1,0
48,2016483143,483143,2,2,0,1,3,201,3280,7,12,2016,4,4,0,3,SR-3/GALVESTON RD,,29.56420833,-95.1429,8,0,1,1,0,1,2,1,1,1
48,2016483144,483144,2,2,0,0,3,503,2770,21,9,2016,4,6,27,2,US-380,CLIFF DR,33.11722778,-98.5686,12,1,3,2,0,1,3,1,1,0
48,2016483145,483145,2,2,0,0,2,29,6090,18,11,2016,6,12,16,3,SR-151RAMP,,29.437875,-98.6556,52,0,5,1,1,4,1,1,1,0
48,2016483146,483146,1,1,0,0,1,133,0,19,11,2016,7,6,50,2,US-183,,32.18428889,-98.9599,42,0,1,1,0,4,2,1,1,0
48,2016483147,483147,2,2,0,0,3,9,0,20,11,2016,1,16,32,2,US-82,,33.75138889,-98.8722,12,2,1,1,1,1,1,1,1,1
48,2016483148,483148,1,1,0,0,1,113,6260,20,11,2016,1,10,4,2,US-175,,32.648575,-96.5413,30,0,1,1,0,4,1,1,1,0
48,2016483149,483149,2,2,0,0,2,81,0,21,11,2016,2,16,42,2,US-277,,31.96361944,-100.277,12,2,1,1,0,1,1,1,1,0
48,2016483150,483150,1,1,0,1,2,201,3280,21,11,2016,2,23,0,6,SOUTHMORE BLVD,,29.72115,-95.3754,8,0,1,1,0,1,3,1,1,0
48,2016483151,483151,4,4,0,0,5,453,3541,22,11,2016,3,7,57,8,FM 1431,,30.48198889,-97.936,12,6,1,1,0,1,1,10,1,0
48,2016483152,483152,1,1,0,1,2,149,0,23,11,2016,4,20,51,2,US-77,,29.78206111,-96.9099,8,0,1,1,0,1,2,1,1,0
48,2016483153,483153,2,2,0,0,6,303,0,23,11,2016,4,13,41,2,US-87,FM 41,33.41413889,-101.825,12,6,2,2,0,1,1,1,1,0
48,2016483154,483154,1,1,0,1,2,349,0,23,11,2016,4,17,5,8,FM 709,,31.89866944,-96.7574,9,0,1,1,0,1,1,1,1,0
48,2016483155,483155,2,2,0,0,3,287,0,24,11,2016,5,21,21,3,SR-21,FM 1624,30.27168056,-96.9655,12,6,2,2,0,1,2,1,1,0
48,2016483156,483156,1,1,0,0,3,499,0,24,11,2016,5,14,17,8,FM 2869,,32.70055,-95.211,1,0,1,1,0,1,1,1,1,0
48,2016483157,483157,2,2,0,0,2,71,0,25,11,2016,6,5,15,1,I-10,,29.83128056,-94.4945,12,1,1,1,0,1,2,1,1,0
48,2016483158,483158,1,1,0,0,1,453,330,25,11,2016,6,17,18,6,LAMAR BLVD,,30.33827778,-97.7185,42,0,1,1,0,4,1,1,1,0
48,2016483159,483159,2,2,0,0,3,201,0,26,11,2016,7,21,25,4,CR-MONTGOMERY RD,CR-MOUNT HOUSTON RD,29.89533333,-95.4617,12,6,2,3,0,1,3,1,1,1
48,2016483160,483160,1,1,0,0,1,363,0,26,11,2016,7,6,24,2,US-281,,32.75971111,-98.1051,42,0,1,1,0,4,2,1,1,0
48,2016483161,483161,1,1,0,0,1,473,0,26,11,2016,7,7,9,4,CR-JOSEPH RD,,30.15286944,-95.8989,1,0,1,1,0,4,1,1,1,1
48,2016483162,483162,2,2,0,0,4,113,1730,27,11,2016,1,21,35,8,SL12 LEDBETTER DR,,32.69136389,-96.8585,12,11,8,1,0,4,3,10,1,1
48,2016483163,483163,1,1,0,1,1,439,3840,27,11,2016,1,23,12,3,SR-199 LAKE WORTH BLVD,ROBERTS CUT OFF DR,32.80394444,-97.412,8,0,2,2,0,1,2,10,1,0
48,2016483164,483164,2,2,0,0,2,21,0,28,11,2016,2,5,1,2,US-290,,30.20013889,-97.0773,12,2,1,1,0,1,2,10,1,0
48,2016483165,483165,2,2,0,0,2,27,6810,28,11,2016,2,17,15,7,I-35 GENERAL BRUCE DR,SL363 H K DIDGEN LP,31.09103333,-97.3868,12,6,2,2,0,1,1,1,1,0
48,2016483166,483166,2,2,0,0,3,347,0,28,11,2016,2,15,15,8,FM2863,,31.56807222,-94.6579,12,6,1,1,0,1,1,1,2,1
48,2016483167,483167,3,3,0,0,4,29,6090,29,11,2016,3,17,55,8,PA1502,FM2696,29.54620556,-98.4358,12,6,2,3,0,1,3,1,1,0
48,2016483168,483168,1,1,0,0,1,231,0,29,11,2016,3,5,42,3,SR-34,,32.96224444,-96.1088,32,0,1,1,0,4,2,1,1,0
48,2016483169,483169,1,1,0,0,1,303,4140,29,11,2016,3,2,45,7,SL289,,33.57441111,-101.787,59,0,1,1,0,10,3,1,1,0
48,2016483170,483170,2,2,0,0,3,323,0,29,11,2016,3,20,18,2,US-57,,28.81766944,-100.342,12,2,1,1,0,1,2,1,3,0
48,2016483171,483171,2,2,0,0,2,373,0,29,11,2016,3,12,45,2,US-190,,30.70879167,-94.9019,12,2,1,1,0,1,1,1,1,0
48,2016483172,483172,2,2,0,0,4,401,0,29,11,2016,3,7,36,3,SR-64,,32.19385278,-94.9662,12,6,1,1,0,1,1,1,2,0
48,2016483174,483174,2,2,0,1,2,141,2190,30,11,2016,4,18,53,3,SR-20 ALAMEDA AVE,,31.71548056,-106.35,8,0,1,1,0,1,3,1,1,0
48,2016483175,483175,1,1,0,0,1,167,2570,30,11,2016,4,23,28,3,SR-275 HARBORSIDE DR,,29.30226667,-94.8129,59,0,1,1,0,4,2,1,1,0
48,2016483176,483176,1,1,0,1,1,331,0,30,11,2016,4,20,18,8,FM 487,,30.63506667,-97.0099,8,0,1,1,0,1,2,1,1,0
48,2016483177,483177,2,2,0,0,2,439,2850,30,11,2016,4,8,12,3,SR-121,,32.96030833,-97.0392,12,6,20,1,0,1,1,1,1,0
48,2016483178,483178,1,1,0,1,1,71,0,1,12,2016,5,5,50,7,I-10,,29.82694444,-94.41,8,0,1,1,0,1,2,1,1,0
48,2016483179,483179,2,2,0,0,13,455,0,1,12,2016,5,7,10,8,FM 1893,,31.00167778,-95.4281,12,1,1,1,0,1,1,1,1,0
48,2016483180,483180,1,1,0,1,1,5,4160,2,12,2016,6,21,32,8,BU-69 J DENMAN AVE,,31.32633056,-94.7143,8,0,1,1,0,1,3,2,1,0
48,2016483181,483181,1,1,0,1,1,37,0,2,12,2016,6,17,55,2,US-82,,33.44727778,-94.1639,8,0,1,1,0,1,2,10,1,0
48,2016483182,483182,1,1,0,0,1,157,0,2,12,2016,6,2,49,8,UA 90,FM 359,29.59431944,-95.742,25,0,3,3,1,4,2,10,1,1
48,2016483183,483183,2,2,0,0,2,395,0,2,12,2016,6,23,0,2,US-79,FM 1644,30.83473333,-96.6402,12,6,2,3,0,1,2,2,1,1
48,2016483184,483184,3,3,0,1,3,439,2450,2,12,2016,6,5,21,1,I-30,,32.73308333,-97.3956,8,0,20,1,0,1,3,1,1,0
48,2016483185,483185,1,1,0,2,1,29,6090,4,12,2016,1,0,38,1,I-10,,29.65691667,-98.626,8,0,1,1,0,3,2,1,1,0
48,2016483186,483186,1,1,0,1,1,121,1840,6,12,2016,3,23,53,8,SL 288,,33.20133333,-97.091,9,0,1,1,0,1,3,1,1,0
48,2016483187,483187,1,1,0,0,1,201,3280,8,12,2016,5,8,4,6,WESTHEIMER PKWY,,29.725375,-95.7087,52,0,1,1,0,4,9,10,1,1
48,2016483188,483188,1,1,0,1,1,201,3280,24,7,2016,1,10,23,7,US-59,,29.8205,-95.3358,8,0,1,1,0,1,2,1,1,0
48,2016483189,483189,2,2,0,0,2,225,0,30,10,2016,1,16,33,3,SR-71,,31.39071944,-95.0677,12,8,1,1,0,1,1,1,1,0
48,2016483190,483190,3,3,0,0,4,439,6485,5,11,2016,7,8,56,8,FM 1709 SOUTHLAKE BLVD,RANDOL MILL AVE,32.9377,-97.1858,12,6,2,2,1,1,1,10,1,0
48,2016483191,483191,1,1,0,0,2,201,3280,11,11,2016,6,21,40,6,THORNWALL ST,,29.82660556,-95.4832,1,0,1,1,0,1,3,1,1,0
48,2016483192,483192,1,1,0,1,1,439,2450,12,11,2016,7,18,19,8,BU-287 MAIN ST,,32.79823889,-97.35,8,0,1,1,0,1,2,1,1,0