STATE,YEAR_ST_CASE,ST_CASE,VE_TOTAL,VE_FORMS,PVH_INVL,PEDS,PERSONS,COUNTY,CITY,DAY,MONTH,YEAR,DAY_WEEK,HOUR,MINUTE,ROUTE,TWAY_ID,TWAY_ID2,LATITUDE,LONGITUD,HARM_EV,MAN_COLL,RELJCT2,TYP_INT,WRK_ZONE,REL_ROAD,LGT_COND,WEATHER,FATALS,DRUNK_DR
48,2016483193,483193,1,1,0,0,6,185,4830,15,11,2016,3,22,55,3,SR-105 WASHINGTON AVE,,30.38061111,-96.1042,1,0,1,1,0,1,3,1,1,1
48,2016483194,483194,2,2,0,0,2,339,4999,21,11,2016,2,1,35,1,I-45,,30.17920278,-95.4518,12,1,1,1,0,1,2,10,1,1
48,2016483195,483195,2,1,1,1,2,245,490,23,11,2016,4,7,56,2,US-69 EASTEX FWY,,30.10740556,-94.1368,8,0,1,1,1,3,1,2,1,0
48,2016483196,483196,2,2,0,1,2,453,330,23,11,2016,4,3,36,1,I-35,,30.14622222,-97.7937,8,0,1,1,0,1,2,10,1,0
48,2016483197,483197,2,2,0,0,3,187,0,26,11,2016,7,0,50,3,SR-123,,29.72859444,-97.9563,12,2,1,1,0,1,2,1,3,1
48,2016483198,483198,1,1,0,1,1,201,3280,27,11,2016,1,18,5,6,BELLFORT ST,,29.65698611,-95.5001,8,0,1,1,0,1,3,10,1,0
48,2016483199,483199,2,2,0,0,4,491,0,27,11,2016,1,21,53,3,SR-95,,30.62936111,-97.4309,12,6,8,1,0,1,3,1,1,0
48,2016483200,483200,2,2,0,0,2,479,0,28,11,2016,2,6,55,7,US-83,SR-255,27.82084444,-99.4656,12,6,2,2,0,1,4,1,1,0
48,2016483201,483201,1,1,0,0,1,187,0,29,11,2016,3,5,30,2,US-90,,29.65642222,-97.7387,42,0,1,1,0,4,2,10,1,0
48,2016483202,483202,1,1,0,0,1,487,0,30,11,2016,4,11,50,4,CR-111,,34.13638889,-99.1753,10,0,6,1,0,1,1,1,1,0
48,2016483203,483203,1,1,0,0,2,215,0,23,11,2016,4,0,23,6,MILE 4 1/2 W RD,BELEBN ST,26.20709444,-97.9835,1,0,3,3,0,1,2,1,1,1
48,2016483204,483204,2,2,0,0,2,361,885,28,11,2016,2,9,0,3,SR-73,,30.03521389,-93.8314,12,6,8,1,0,1,1,10,1,0
48,2016483205,483205,2,2,0,1,2,245,490,1,12,2016,5,20,31,2,US-90 COLLEGE,,30.06740556,-94.1882,8,0,1,1,0,1,2,1,1,0
48,2016483206,483206,4,4,0,0,13,227,0,2,12,2016,6,22,41,1,I-20,,32.23438333,-101.525,12,1,1,1,0,1,2,2,1,1
48,2016483207,483207,2,2,0,0,4,475,0,2,12,2016,6,6,43,1,I-20B BUSINESS,,31.46134722,-103.379,12,6,1,1,0,1,2,1,2,0
48,2016483208,483208,3,3,0,0,9,171,0,3,12,2016,7,11,51,2,US-290,,30.22502778,-98.7969,12,7,1,1,0,1,1,2,4,0
48,2016483209,483209,1,1,0,0,3,337,0,3,12,2016,7,17,10,8,FM 2953,,33.89218889,-97.6272,1,0,1,1,1,4,2,2,1,1
48,2016483210,483210,2,2,0,0,4,423,0,3,12,2016,7,17,5,3,SR-31,,32.37328611,-95.0328,12,2,1,1,1,1,2,2,2,0
48,2016483211,483211,1,1,0,1,2,491,5990,3,12,2016,7,2,58,2,US-79/PALM VALLEY BLVD,,30.52559722,-97.6303,8,0,1,1,0,1,3,2,1,0
48,2016483212,483212,4,4,0,0,4,113,2310,4,12,2016,1,5,42,1,I-35E,,32.93286389,-96.9015,12,6,1,1,1,1,2,2,1,0
48,2016483213,483213,1,1,0,0,1,177,0,4,12,2016,1,19,48,3,SR-80,,29.48578056,-97.7112,38,0,1,1,0,5,2,2,1,1
48,2016483214,483214,1,1,0,0,1,217,0,4,12,2016,1,1,29,8,FM 933,,31.93306944,-97.3151,32,0,1,1,0,4,3,10,1,1
48,2016483215,483215,1,1,0,0,1,377,0,10,12,2016,7,11,30,2,US-67,,30.30693056,-103.803,1,0,1,1,0,4,1,1,1,0
48,2016483216,483216,1,1,0,0,1,201,3280,11,12,2016,1,2,39,6,LITTLE YORK RD,,29.87009444,-95.377,33,0,1,1,0,4,3,1,1,1
48,2016483217,483217,2,2,0,0,2,37,6850,5,12,2016,2,15,50,8,FM 558/BUCHANAN RD,,33.39153333,-94.0656,12,1,8,1,0,1,1,10,1,0
48,2016483218,483218,2,2,0,0,5,135,0,5,12,2016,2,6,44,8,FM 2020/UNIVERSITY BLVD,CR-FORTUNE 500 AVE,31.83044722,-102.546,12,6,2,3,0,1,2,1,1,0
48,2016483219,483219,1,1,0,0,1,201,3280,5,12,2016,2,6,40,7,I-45 GULF FWY,,29.63482778,-95.236,30,0,1,1,0,4,1,2,1,1
48,2016483220,483220,1,1,0,0,1,439,2850,5,12,2016,2,19,28,6,INTERNATIONAL PKWY TOLL ROAD,,32.89724167,-97.0373,19,0,1,1,0,5,3,10,1,1
48,2016483221,483221,2,2,0,0,2,469,0,5,12,2016,2,17,52,2,US-77,,28.83275833,-97.0604,25,0,1,1,1,4,2,10,1,0
48,2016483222,483222,1,1,0,0,2,203,0,6,12,2016,3,22,34,8,FM 134,,32.54518056,-94.1426,42,0,1,1,0,4,2,2,1,0
48,2016483223,483223,3,3,0,0,3,277,0,6,12,2016,3,12,48,8,FM 195,CR-44430,33.76095833,-95.4142,12,6,1,1,0,1,1,10,2,0
48,2016483224,483224,2,2,0,0,3,469,0,6,12,2016,3,16,45,8,FM 236,FM 1685,28.82804722,-97.1079,12,6,2,2,0,1,1,1,1,0
48,2016483225,483225,2,2,0,0,2,209,0,7,12,2016,4,21,39,8,FM 2001,,30.05922778,-97.8038,12,2,1,1,0,1,2,1,1,1
48,2016483226,483226,1,1,0,0,3,497,0,7,12,2016,4,5,32,2,US-81,,33.15300556,-97.5124,35,0,1,1,0,3,2,1,1,1
48,2016483227,483227,2,2,0,0,2,439,2450,8,12,2016,5,7,18,6,MCCART AVE,BLUE SPRINGS DR,32.62186667,-97.3699,12,6,2,2,0,1,1,10,2,0
48,2016483228,483228,1,1,0,0,1,201,3280,9,12,2016,6,2,47,6,BAGBY ST,,29.75904722,-95.3709,33,0,1,1,0,3,3,10,1,1
48,2016483229,483229,2,1,1,0,1,273,0,9,12,2016,6,12,50,2,US-77,,27.5454,-97.8206,18,0,1,1,1,2,1,10,1,0
48,2016483230,483230,2,2,0,0,3,439,2450,9,12,2016,6,23,25,1,I-820,,32.75526667,-97.2161,12,1,1,1,0,1,3,1,1,1
48,2016483231,483231,2,2,0,0,4,85,5390,10,12,2016,7,23,5,6,PARKER RD,,33.04529444,-96.8386,12,1,1,1,0,1,3,1,1,0
48,2016483232,483232,2,2,0,0,2,225,2840,10,12,2016,7,13,7,2,US-287,FM 228,31.50609722,-95.4758,12,6,2,2,0,1,1,10,1,0
48,2016483233,483233,1,1,0,1,1,303,4140,10,12,2016,7,18,25,8,FM 2255/4TH ST,,33.59235,-101.919,8,0,1,1,0,1,2,10,1,0
48,2016483234,483234,2,2,0,0,2,439,2255,10,12,2016,7,23,19,8,PA 205 MIDICITES BLVD,,32.87005,-97.0814,25,0,1,1,0,4,3,1,1,0
48,2016483235,483235,2,2,0,0,3,439,4965,10,12,2016,7,20,58,3,SR-1938 DAVID BLVD,EMERALD HILLS WAY,32.84865278,-97.2141,12,6,2,2,0,1,3,10,1,0
48,2016483236,483236,1,1,0,1,1,29,6090,11,12,2016,1,18,8,6,CASTROVILLE RD,,29.41535278,-98.5594,8,0,1,1,0,1,3,10,1,0
48,2016483237,483237,1,1,0,4,1,61,3030,11,12,2016,1,1,38,6,NEW HAMPSHIRE ST,,26.16641667,-97.6866,8,0,1,1,0,1,3,10,1,0
48,2016483238,483238,1,1,0,0,1,355,1550,11,12,2016,1,22,3,3,SR-358 PADRE ISLAND DR,,27.703325,-97.3608,1,0,20,1,0,1,3,10,1,0
48,2016483239,483239,1,1,0,0,1,439,2450,12,12,2016,2,23,11,8,SL 820,,32.67524444,-97.2405,24,0,1,1,0,3,3,10,1,1
48,2016483240,483240,2,2,0,0,3,297,0,12,12,2016,2,1,16,2,US-59,,28.342375,-97.9795,12,6,1,1,0,1,2,5,1,0
48,2016483241,483241,3,3,0,0,5,439,4965,13,12,2016,3,18,12,3,SR-26/BOULEVARD 26,BIRCHWOOD DR,32.83710556,-97.2101,12,6,2,3,0,1,3,10,1,0
48,2016483242,483242,1,1,0,0,1,143,6590,1,11,2016,3,20,38,8,FM 8/LINGLEVILLE RD,,32.23105556,-98.2426,1,0,1,1,0,4,2,1,1,0
48,2016483243,483243,1,1,0,0,1,141,2190,6,11,2016,1,23,57,7,I-10/ GATEWAY,,31.69203333,-106.273,99,99,98,98,0,98,3,1,1,1
48,2016483244,483244,2,2,0,0,2,141,2190,8,11,2016,3,10,26,8,SL 375,,31.886325,-106.351,12,1,1,1,0,1,1,1,1,0
48,2016483245,483245,2,2,0,0,2,113,1730,16,11,2016,4,0,8,8,SL 12/NORTHWEST HWY,,32.86158056,-96.8916,1,0,1,1,0,1,3,1,1,0
48,2016483246,483246,5,5,0,0,9,159,0,20,11,2016,1,18,15,1,I-30,,33.16281111,-95.1713,12,1,1,1,1,1,1,1,2,0
48,2016483247,483247,1,1,0,1,1,135,5030,22,11,2016,3,13,46,8,FM 1882/COUNTY ROAD WEST RD,,31.84356667,-102.39,8,0,8,1,0,1,1,1,1,0
48,2016483248,483248,1,1,0,0,1,137,0,22,11,2016,3,15,31,3,SR-41,,30.07858056,-99.9737,38,0,1,1,0,5,1,10,1,0
48,2016483249,483249,1,1,0,1,1,203,4360,24,11,2016,5,18,51,2,US-80/INDIAN SPRINGS RD,,32.52520556,-94.33,8,0,1,1,0,1,2,1,1,0
48,2016483250,483250,2,2,0,0,2,201,3280,27,11,2016,1,16,30,6,GESSNER DR,,29.733675,-95.5391,12,7,1,1,0,1,5,1,1,0
48,2016483251,483251,3,3,0,0,5,31,0,28,11,2016,2,8,15,3,SR-71,,30.42606111,-98.1339,12,2,1,1,0,1,1,1,2,1
48,2016483252,483252,2,2,0,0,4,73,3470,28,11,2016,2,7,27,2,US-79/RUSK ST,SR-204/456 LOOP,31.97013333,-95.2285,12,6,2,3,1,1,1,10,1,0
48,2016483253,483253,3,3,0,0,3,339,0,28,11,2016,2,5,9,4,CR-WILLIS WAUKEGAN RD,,30.38315,-95.3964,30,0,1,1,0,4,2,2,1,0
48,2016483254,483254,1,1,0,0,1,107,0,29,11,2016,3,16,55,8,FM 2794,,33.45358889,-101.088,38,0,1,1,0,5,1,1,1,0
48,2016483255,483255,1,1,0,1,1,453,330,29,11,2016,3,12,39,1,I-35,,30.23385278,-97.7409,8,0,1,1,0,1,1,1,1,0
48,2016483256,483256,2,2,0,0,2,109,0,30,11,2016,4,23,8,2,US-62,,31.87651111,-104.823,12,6,1,1,0,1,2,1,1,1
48,2016483257,483257,2,2,0,0,2,329,0,1,12,2016,5,8,50,8,FM 1379,CR-160,31.84281111,-101.869,12,6,2,2,0,1,1,1,1,0
48,2016483258,483258,1,1,0,1,1,201,3280,3,12,2016,7,2,35,6,LOCKWOOD DR,,29.81215278,-95.3171,8,0,1,1,0,1,3,10,1,1
48,2016483259,483259,2,2,0,0,2,351,0,4,12,2016,1,12,37,3,SR-87,,30.26103056,-93.7746,12,2,1,1,0,1,1,2,1,0
48,2016483260,483260,1,1,0,1,1,453,0,4,12,2016,1,8,16,4,CR-ED ACKLIN RD,,30.27671111,-97.4919,8,0,1,1,0,1,4,10,1,0
48,2016483261,483261,2,2,0,0,4,21,0,5,12,2016,2,17,8,3,SR-71,,30.12833889,-97.4437,12,6,7,1,0,1,1,2,1,0
48,2016483262,483262,3,3,0,0,4,501,0,5,12,2016,2,6,48,3,SR-214,CR-330,33.02238056,-102.819,12,1,3,2,0,1,2,10,2,0
48,2016483263,483263,3,3,0,0,6,423,0,6,12,2016,3,17,55,3,SR-64,,32.20588056,-95.0124,12,1,8,1,0,1,2,2,1,0
48,2016483264,483264,2,2,0,0,3,505,7660,7,12,2016,4,17,34,2,US-83,DAVIS LN,26.86381944,-99.2512,12,6,2,3,0,1,1,1,1,0
48,2016483265,483265,2,2,0,0,2,9,0,8,12,2016,5,11,30,2,US-281,,33.47866111,-98.4461,12,7,8,1,1,1,1,10,1,0
48,2016483266,483266,1,1,0,0,1,201,3280,8,12,2016,5,14,57,1,I-69/SOUTHWEST FWY,,29.72718056,-95.4648,25,0,19,1,0,4,1,10,1,0
48,2016483267,483267,1,1,0,0,1,253,0,8,12,2016,5,11,41,2,US-83,,32.86303889,-100.065,38,0,1,1,0,5,1,1,1,0
48,2016483268,483268,1,1,0,0,4,465,0,8,12,2016,5,1,50,3,SR-163,,30.15947778,-101.11,1,0,1,1,0,4,2,10,1,1
48,2016483269,483269,2,2,0,0,4,309,545,9,12,2016,6,16,0,8,FM 2418/AIRBASE RD,MEYERS LN,31.61809444,-97.0935,12,6,2,2,0,1,1,1,1,0
48,2016483270,483270,1,1,0,0,1,449,0,9,12,2016,6,5,2,4,CR-1240,,33.22216944,-95.061,42,0,1,1,0,4,2,1,1,0
48,2016483271,483271,1,1,0,0,2,67,0,10,12,2016,7,0,15,8,FM 130,,33.06916111,-94.4641,1,0,1,1,0,4,2,1,1,1
48,2016483272,483272,2,2,0,0,3,183,3680,11,12,2016,1,0,53,3,SR-31,,32.39512222,-94.8859,12,2,1,1,0,1,2,10,1,1
48,2016483273,483273,1,1,0,0,3,387,0,11,12,2016,1,2,44,8,FM 909,,33.47335,-95.192,24,0,1,1,0,4,2,1,1,0
48,2016483274,483274,1,1,0,1,1,405,0,11,12,2016,1,19,16,8,FM 83,,31.28892778,-94.2305,8,0,1,1,0,1,2,10,1,0
48,2016483275,483275,1,1,0,1,1,19,0,12,12,2016,2,6,25,3,SR-16,,29.66643889,-98.8284,8,0,1,1,0,1,2,5,1,0
48,2016483276,483276,3,3,0,0,4,21,0,12,12,2016,2,18,36,3,SR-304,,29.85113056,-97.3806,12,8,1,1,0,1,2,1,1,1
48,2016483277,483277,2,2,0,0,3,51,0,12,12,2016,2,13,45,3,SR-21,FM 50,30.62291944,-96.545,12,6,2,3,0,1,1,1,2,0
48,2016483278,483278,1,1,0,1,3,113,1730,12,12,2016,2,17,43,6,WYCLIFF AVE,SYLVESTER ST,32.80810278,-96.8219,8,0,2,2,0,1,3,10,1,0
48,2016483279,483279,1,1,0,0,5,201,3280,12,12,2016,2,7,43,6,LITTLE YORK RD,,29.87130278,-95.2996,1,0,1,1,0,4,1,2,1,0
48,2016483280,483280,1,1,0,0,1,407,0,12,12,2016,2,22,35,2,US-190,,30.74301944,-95.2497,53,0,1,1,0,4,2,1,1,0
48,2016483281,483281,1,1,0,0,1,177,0,13,12,2016,3,22,16,8,FM 794,,29.57807222,-97.4679,42,0,1,1,0,4,2,10,1,0
48,2016483282,483282,1,1,0,0,1,303,0,13,12,2016,3,21,25,2,US-84,,33.70076667,-102.012,1,0,1,1,0,3,2,1,1,0
48,2016483283,483283,1,1,0,0,1,245,0,14,12,2016,4,22,35,3,SR-124,,29.879125,-94.2838,52,0,1,1,0,4,2,1,1,1
48,2016483284,483284,10,2,8,0,3,491,0,14,12,2016,4,18,54,8,FM 1325,NORTHRIDGE DR,30.47510556,-97.6876,12,6,2,3,0,1,3,1,1,0
48,2016483285,483285,1,1,0,0,1,419,0,16,12,2016,6,17,0,8,FM 139,,31.69550556,-93.9495,1,0,1,1,0,1,1,10,1,0
48,2016483286,483286,1,1,0,0,2,113,1730,17,12,2016,7,17,43,6,MILITARY PKWY,,32.77946667,-96.7219,31,0,1,1,0,4,5,10,1,1
48,2016483287,483287,1,1,0,0,2,141,2190,17,12,2016,7,1,15,6,PENDALE RD,,31.70913889,-106.331,38,0,1,1,0,5,3,1,2,0
48,2016483288,483288,2,2,0,0,3,439,260,17,12,2016,7,9,16,6,TURNER WARNELL RD,,32.612425,-97.1373,12,6,1,1,0,1,1,10,1,0
48,2016483289,483289,1,1,0,1,2,29,6090,18,12,2016,1,20,0,6,WURZBACH RD,,29.52385556,-98.5695,8,0,1,1,0,1,3,10,1,0
48,2016483290,483290,1,1,0,0,8,55,0,18,12,2016,1,4,10,2,US-183/SR-130,,29.97891389,-97.6811,1,0,1,1,0,4,2,10,1,0
48,2016483291,483291,1,1,0,0,3,63,0,18,12,2016,1,12,50,8,FM 993,,32.95166389,-94.9347,35,0,1,1,0,4,1,1,1,0
48,2016483292,483292,3,3,0,0,3,381,150,20,12,2016,3,6,53,8,GEORGIA ST,45TH AVE,35.16384444,-101.866,12,6,2,2,0,1,3,1,1,0
48,2016483294,483294,2,2,0,0,3,329,0,23,10,2016,1,18,50,4,CR-120,,31.96848611,-102.021,12,6,8,1,0,1,1,1,2,0
48,2016483295,483295,1,1,0,0,1,139,0,29,10,2016,7,0,0,8,FM 157,,32.37371667,-97.061,1,0,1,1,0,4,2,1,1,1
48,2016483296,483296,1,1,0,0,1,245,0,30,10,2016,1,12,5,1,I-10,,30.00176667,-94.1935,44,0,1,1,1,1,1,1,1,0
48,2016483297,483297,2,2,0,0,3,317,0,19,11,2016,7,0,5,1,I-20,,32.1466,-101.743,12,1,1,1,0,1,2,1,2,0
48,2016483298,483298,2,2,0,0,2,135,0,1,12,2016,5,17,45,8,SL 338,,31.94413889,-102.373,1,0,1,1,0,3,3,1,1,1
48,2016483299,483299,1,1,0,0,1,29,6090,4,12,2016,1,19,20,6,QUINTANA RD,,29.34499444,-98.5839,7,0,1,1,0,1,2,2,1,0
48,2016483300,483300,2,2,0,0,3,167,3920,4,12,2016,1,12,59,3,SR-3,,29.51081667,-95.0983,12,2,1,1,0,1,1,2,1,0
48,2016483301,483301,1,1,0,0,1,497,1780,5,12,2016,2,20,52,8,BU-380/US-380 BUSINESS HWY,,33.23631389,-97.5829,42,0,1,1,0,4,3,10,1,0
48,2016483302,483302,2,2,0,0,2,29,6090,7,12,2016,4,7,20,7,I-10,,29.44950833,-98.3479,24,0,1,1,0,4,4,10,1,0
48,2016483303,483303,2,2,0,0,2,97,0,8,12,2016,5,11,58,8,FM 455,CR-2845,33.43403611,-97.4673,12,2,2,3,0,1,1,1,1,0
48,2016483304,483304,2,2,0,0,4,61,0,9,12,2016,6,7,15,3,SR-345/SAM HOUSTON RD,,26.20036944,-97.5744,12,6,1,1,0,1,1,1,1,0
48,2016483305,483305,1,1,0,1,1,167,3850,9,12,2016,6,21,36,8,FM 1765,,29.37857778,-94.9968,8,0,1,1,0,1,2,1,1,0
48,2016483306,483306,2,2,0,0,3,17,0,10,12,2016,7,5,13,2,US-70,FM 3269,34.23446111,-102.671,12,6,2,2,0,1,2,1,1,0
48,2016483307,483307,3,3,0,1,3,201,3280,10,12,2016,7,2,27,1,I-45/NORTH FWY,,29.90541111,-95.4122,8,0,1,1,0,1,3,1,1,0
48,2016483308,483308,1,1,0,0,4,201,3280,11,12,2016,1,5,7,8,FM1093/WESTHEIMER RD,,29.74047222,-95.467,43,0,1,1,0,4,3,10,1,1
48,2016483309,483309,1,1,0,0,1,401,0,12,12,2016,2,18,28,2,US-259,,32.30703056,-94.8666,1,0,1,1,0,1,2,1,1,1
48,2016483310,483310,2,2,0,0,2,161,0,13,12,2016,3,5,39,1,I-45,,31.57881111,-96.148,12,7,1,1,0,1,2,5,1,1
48,2016483311,483311,2,2,0,0,5,227,640,13,12,2016,3,7,5,1,I-20 BUSINESS 4TH ST,BENTON ST,32.25416944,-101.47,12,6,2,2,0,1,4,1,1,0
48,2016483312,483312,2,2,0,0,2,39,0,14,12,2016,4,6,30,8,FM 521,,29.32663889,-95.4528,12,2,1,1,0,1,4,1,2,0
48,2016483313,483313,1,1,0,1,4,29,6090,15,12,2016,5,20,10,6,CULEBRA RD,,29.446825,-98.5422,8,0,1,1,0,1,3,1,1,0
48,2016483314,483314,2,2,0,0,8,91,4870,16,12,2016,6,22,46,7,I-38,,29.74801111,-98.0576,12,1,1,1,0,1,2,10,1,1
48,2016483315,483315,3,3,0,0,4,113,1730,16,12,2016,6,12,35,8,SL 12/BUCKNER BLVD,,32.82571667,-96.6971,12,2,1,1,0,1,1,10,1,0
48,2016483316,483316,3,3,0,0,5,141,2190,16,12,2016,6,23,49,8,SL 375/PURPLE HEART MEMORIAL,,31.84648333,-106.328,12,2,1,1,0,1,3,1,1,0
48,2016483317,483317,3,3,0,0,6,329,4560,16,12,2016,6,23,28,6,FAIRGROUNDS RD,SCHARBAUER DR,32.02468889,-102.055,12,1,3,3,0,1,3,1,1,1
48,2016483318,483318,2,2,0,0,3,483,0,16,12,2016,6,18,13,7,I-40,,35.2273,-100.312,12,8,1,1,0,1,2,10,1,0
48,2016483319,483319,1,1,0,1,1,85,2520,17,12,2016,7,6,33,7,DALLAS PKWY,,33.18853611,-96.8395,9,0,1,1,0,1,2,10,1,0
48,2016483320,483320,2,2,0,0,2,201,7286,17,12,2016,7,1,19,6,NASA PKWY,,29.53594722,-95.1203,12,2,1,1,0,1,3,2,1,1
48,2016483321,483321,1,1,0,0,2,391,0,17,12,2016,7,7,22,8,FM 1360,,28.18845833,-97.3289,24,0,1,1,0,4,1,5,1,0
48,2016483322,483322,1,1,0,1,1,29,6090,18,12,2016,1,1,40,1,I-410,,29.39830278,-98.6479,8,0,20,1,0,1,2,1,1,0
48,2016483323,483323,3,3,0,0,3,121,1840,18,12,2016,1,13,5,2,US-377/380 UNIVERSITY DR,,33.238125,-97.039,12,6,1,1,0,1,1,1,1,0
48,2016483324,483324,1,1,0,0,4,225,0,18,12,2016,1,3,15,2,US-287,,31.54911944,-95.4865,1,0,1,1,0,1,2,1,1,1
48,2016483325,483325,1,1,0,0,2,351,0,18,12,2016,1,17,15,3,SR-87,,31.10246111,-93.7336,42,0,1,1,0,4,1,1,1,0
48,2016483326,483326,3,3,0,0,3,355,1550,18,12,2016,1,0,59,6,GOLLIHAR RD,DEVON DR,27.74139444,-97.4135,12,6,2,3,0,1,3,10,1,0
48,2016483327,483327,1,1,0,0,3,453,330,18,12,2016,1,5,8,3,SR-71,,30.25122222,-97.8971,42,0,1,1,0,4,2,1,1,0
48,2016483328,483328,1,1,0,1,1,29,6090,19,12,2016,2,21,28,1,I-35,,29.44143889,-98.4387,8,0,18,1,0,1,3,1,1,0
48,2016483329,483329,1,1,0,1,1,201,3280,19,12,2016,2,3,0,1,I-45,,29.74335278,-95.3596,8,0,20,1,0,1,3,1,1,0
48,2016483330,483330,1,1,0,0,1,113,1730,20,12,2016,3,5,15,6,HAMPTON RD,,32.79158333,-96.8567,33,0,1,1,0,4,3,1,1,0
48,2016483331,483331,1,1,0,0,6,209,3760,20,12,2016,3,5,33,1,I-35,,29.97679167,-97.874,34,0,5,1,0,10,2,10,1,0
48,2016483332,483332,3,3,0,0,3,231,2860,20,12,2016,3,21,29,1,I-30,,33.10101667,-96.1042,25,0,1,1,0,3,3,1,1,0
48,2016483333,483333,1,1,0,1,1,249,0,20,12,2016,3,19,14,3,SR-359,,27.82864167,-98.0178,8,0,1,1,0,1,2,1,1,0
48,2016483334,483334,1,1,0,0,2,343,0,20,12,2016,3,16,28,1,I-30,,33.29657222,-94.7204,1,0,1,1,0,3,1,1,2,0
48,2016483335,483335,2,2,0,1,2,453,330,20,12,2016,3,10,10,6,15TH ST,SAN JACINTO BLVD,30.27628611,-97.7371,12,6,2,2,0,1,1,1,1,0
48,2016483336,483336,2,2,0,0,4,29,0,21,12,2016,4,13,3,6,ALAMO RANCH,WESTWOOD LOOP,29.48629444,-98.7144,12,6,2,2,0,1,1,1,3,0
48,2016483337,483337,2,2,0,0,2,29,6090,21,12,2016,4,0,32,6,DIAMONDHEAD DR,,29.49566389,-98.4051,12,2,1,1,0,1,2,1,2,2
48,2016483338,483338,3,2,1,0,4,183,4080,21,12,2016,4,19,40,8,FM 1845 PINE TREE RD,SYCAMORE LN,32.518775,-94.8006,12,6,2,2,0,1,2,1,1,1
48,2016483339,483339,2,2,0,0,22,225,0,21,12,2016,4,21,2,3,SR-19,,31.09414444,-95.4308,12,2,1,1,0,1,2,1,1,0
48,2016483340,483340,1,1,0,0,1,453,330,21,12,2016,4,5,47,3,SR-71 BEN WHITE BLVD,,30.22556944,-97.7682,21,0,19,1,0,10,3,1,1,1
48,2016483341,483341,1,1,0,0,1,459,0,21,12,2016,4,11,57,2,US-271,,32.57142778,-94.9202,1,0,1,1,0,4,1,1,1,0
48,2016483342,483342,2,2,0,0,3,467,0,21,12,2016,4,17,35,8,FM 857,,32.62666111,-95.646,12,8,1,1,0,1,2,1,1,1
48,2016483343,483343,1,1,0,0,1,45,0,23,12,2016,6,17,45,3,SR-86,,34.45995833,-101.239,1,0,1,1,0,4,3,1,1,1
48,2016483344,483344,1,1,0,1,1,113,1730,23,12,2016,6,20,49,8,SL 12/NORTHWEST HWY,,32.86557222,-96.7743,8,0,1,1,0,1,3,5,1,0
48,2016483345,483345,1,1,0,0,1,113,1730,23,12,2016,6,1,56,6,CANADA DR,PLUTO ST,32.79271389,-96.8911,1,0,3,3,0,4,3,10,1,1
48,2016483346,483346,2,2,0,0,5,113,1730,23,12,2016,6,23,56,6,SHADY TRL,,32.86570833,-96.8905,12,2,1,1,0,1,3,5,1,0
48,2016483347,483347,1,1,0,0,1,201,3280,23,12,2016,6,23,12,1,I-10 KATY FWY,,29.782075,-95.452,25,0,5,1,0,4,3,10,1,1
48,2016483348,483348,2,1,1,3,1,303,4140,23,12,2016,6,19,52,8,SL 289,,33.61976111,-101.885,14,0,1,1,0,2,3,1,1,0
48,2016483349,483349,2,2,0,0,4,423,7070,23,12,2016,6,13,13,8,FM 756/PALUXY DR,,32.26713611,-95.2794,12,6,1,1,0,1,1,2,1,0
48,2016483350,483350,3,3,0,1,7,453,330,23,12,2016,6,22,10,8,SL 360/CAPITAL OF TEXAS HWY,,30.27823611,-97.8202,8,0,1,1,0,1,2,10,1,0
48,2016483351,483351,1,1,0,1,1,29,6090,25,12,2016,1,19,11,6,WURZBACH RD,,29.524775,-98.5686,8,0,1,1,0,1,2,10,1,0
48,2016483352,483352,1,1,0,1,1,29,6090,25,12,2016,1,22,44,6,ENRIQUE M BARRERA PKWY/OLD HWY,,29.42948889,-98.5676,8,0,1,1,0,1,3,1,1,0
48,2016483353,483353,1,1,0,1,1,29,6090,26,12,2016,2,10,27,6,BLUFF MANOR DR,,29.57763056,-98.4995,8,0,8,1,0,1,1,1,1,0
48,2016483354,483354,1,1,0,0,1,439,3347,26,12,2016,2,2,48,1,I-820,,32.83169722,-97.2077,1,0,20,1,0,1,3,1,1,0
48,2016483355,483355,1,1,0,1,1,29,6090,28,12,2016,4,1,0,6,CINNAMON CREEK DR,,29.52045833,-98.5799,8,0,1,1,0,1,3,10,1,0
48,2016483356,483356,2,2,0,0,4,317,6580,16,11,2016,4,11,45,7,I-20,SR-137/LAMESA HWY,32.13781667,-101.806,12,6,2,2,0,1,1,1,1,0