STATE,YEAR_ST_CASE,ST_CASE,VE_TOTAL,VE_FORMS,PVH_INVL,PEDS,PERSONS,COUNTY,CITY,DAY,MONTH,YEAR,DAY_WEEK,HOUR,MINUTE,ROUTE,TWAY_ID,TWAY_ID2,LATITUDE,LONGITUD,HARM_EV,MAN_COLL,RELJCT2,TYP_INT,WRK_ZONE,REL_ROAD,LGT_COND,WEATHER,FATALS,DRUNK_DR
48,2016483357,483357,3,3,0,0,7,209,1986,8,12,2016,5,18,46,2,US-290,OLD HWY 290,30.19566944,-98.1039,12,6,2,4,0,1,2,1,2,0
48,2016483358,483358,3,3,0,1,2,141,2190,29,11,2016,3,18,46,1,I-10 RAMP,,31.76852778,-106.509,8,0,20,1,0,1,3,1,1,0
48,2016483359,483359,2,2,0,0,3,291,0,14,12,2016,4,7,54,4,CR-2184/CR-NEVELS FERRY RD,,30.38403056,-94.9569,12,8,1,1,0,1,1,10,1,0
48,2016483360,483360,1,1,0,0,1,479,0,17,12,2016,7,8,55,1,I-35,,27.71188889,-99.451,1,0,1,1,0,3,7,2,1,0
48,2016483361,483361,3,3,0,0,4,29,3095,18,12,2016,1,14,44,6,BRAUN RD,,29.53941111,-98.6901,12,2,1,1,0,1,1,1,1,0
48,2016483362,483362,2,2,0,0,2,231,2860,21,12,2016,4,3,15,2,US-69/JOE RAMSEY BLVD,US-380/LEE ST,33.14036111,-96.1381,12,6,2,2,0,1,3,1,1,1
48,2016483363,483363,2,2,0,0,2,391,0,21,12,2016,4,19,26,3,SR-239,,28.46935,-96.9397,12,11,8,1,0,1,2,10,1,0
48,2016483364,483364,2,2,0,1,2,201,3280,22,12,2016,5,19,24,7,I-69,,29.82526944,-95.3359,8,0,1,1,0,1,3,1,1,0
48,2016483365,483365,1,1,0,0,1,453,0,27,12,2016,3,5,25,8,FM 1626/KATY LANE,,30.14213889,-97.8133,59,0,1,1,0,4,2,10,1,1
48,2016483366,483366,1,1,0,1,1,291,1380,21,8,2016,1,7,43,8,SL-573/WASHINGTON AVE,DAYTON ST,30.34748056,-95.0873,8,0,3,3,0,1,3,1,1,1
48,2016483367,483367,1,1,0,0,1,231,0,1,10,2016,7,22,56,3,SR-34,,32.85531111,-96.1497,53,0,1,1,0,4,2,1,1,1
48,2016483368,483368,2,2,0,0,2,361,0,11,11,2016,6,4,29,1,I-10,,30.11875833,-93.7894,12,1,1,1,0,1,3,1,1,0
48,2016483369,483369,2,2,0,0,3,13,5400,19,11,2016,7,15,31,3,SR-97/OAKLAND RD,,28.94212778,-98.5099,12,1,8,1,0,1,1,1,1,0
48,2016483370,483370,1,1,0,1,2,453,330,25,11,2016,6,17,58,6,CONGRESS AVE,SHERATON AVE,30.21512778,-97.7688,8,0,3,3,0,1,3,10,1,0
48,2016483371,483371,2,2,0,0,3,497,0,5,12,2016,2,14,40,2,US-81,CR-1591,33.40388611,-97.7363,12,6,2,2,0,1,1,2,1,0
48,2016483372,483372,2,2,0,0,2,457,0,6,12,2016,3,15,16,2,US-190,,30.83446111,-94.2948,12,1,8,1,0,1,1,10,1,0
48,2016483373,483373,1,1,0,1,1,439,2450,13,12,2016,3,16,6,3,SR-180/LANCASTER AVE,GRAFTON,32.74616667,-97.3008,8,0,3,2,0,1,1,1,1,0
48,2016483374,483374,2,2,0,1,1,339,0,14,12,2016,4,19,28,3,SR-242,MYSTIC HILL DR,30.21373333,-95.3261,12,6,3,3,0,1,2,1,1,0
48,2016483375,483375,1,1,0,1,1,167,3220,15,12,2016,5,18,1,3,SR-6,,29.34920278,-95.0189,8,0,1,1,0,1,3,1,1,0
48,2016483377,483377,1,1,0,0,1,135,5030,17,12,2016,7,1,39,6,DIXIE BLVD,,31.89506944,-102.378,30,0,1,1,0,4,3,1,1,1
48,2016483378,483378,2,2,0,0,6,487,0,17,12,2016,7,3,26,2,US-287,,34.07134444,-99.0108,12,1,1,1,0,1,2,1,1,1
48,2016483380,483380,3,3,0,0,3,201,3280,20,12,2016,3,14,56,6,FERGUSON WAY,,29.877925,-95.4236,5,0,1,1,0,1,1,1,1,0
48,2016483381,483381,1,1,0,0,1,201,3280,21,12,2016,4,6,55,1,I-69 / US-59 EASTEX FWY,,29.72836944,-95.46,25,0,19,1,0,4,3,1,1,0
48,2016483382,483382,1,1,0,0,1,479,3899,22,12,2016,5,8,33,6,WASHINGTON ST,,27.508775,-99.5167,10,0,6,1,0,1,1,2,1,0
48,2016483383,483383,1,1,0,0,1,61,940,24,12,2016,7,2,26,1,I-69E / US-77,,25.98977222,-97.5207,25,0,19,1,0,3,3,10,1,1
48,2016483385,483385,1,1,0,0,2,125,0,24,12,2016,7,0,50,4,CR-333,,33.44972778,-100.843,1,0,1,1,0,4,2,1,1,1
48,2016483386,483386,2,2,0,0,4,187,1325,24,12,2016,7,4,43,1,I-10,,29.53157222,-98.1029,57,0,1,1,0,3,2,2,3,1
48,2016483387,483387,2,2,0,1,2,381,0,24,12,2016,7,1,12,1,I-27,,34.77134722,-101.849,8,0,1,1,0,1,2,1,1,0
48,2016483388,483388,2,2,0,0,6,489,0,24,12,2016,7,11,0,3,SR-186,,26.48104444,-97.8151,12,6,1,1,0,1,1,2,4,0
48,2016483389,483389,1,1,0,0,3,121,1840,25,12,2016,1,16,18,1,I-35,,33.23250278,-97.1749,35,0,5,1,0,10,1,10,1,0
48,2016483390,483390,1,1,0,1,1,361,0,26,12,2016,2,22,0,4,CR-CONCORD RD,,30.10940556,-93.9856,8,0,1,1,0,4,2,1,1,1
48,2016483391,483391,1,1,0,1,1,381,150,26,12,2016,2,10,38,6,COULTER ST,MCDONALD LAKE RD,35.15769167,-101.92,8,0,3,3,0,1,1,1,1,0
48,2016483392,483392,1,1,0,0,1,209,0,27,12,2016,3,0,58,1,I-35,,29.80328889,-98.0128,25,0,1,1,0,3,2,10,1,0
48,2016483393,483393,2,2,0,0,2,21,460,28,12,2016,4,15,34,8,FM 304,HOME DEPOT WAY,30.1078,-97.3509,12,6,2,3,0,1,1,1,1,0
48,2016483394,483394,1,1,0,1,1,121,2395,28,12,2016,4,18,6,6,GERAULT RD,BIG CANYON DR,33.00468611,-97.0453,9,0,2,2,0,1,3,10,1,0
48,2016483395,483395,3,3,0,0,9,139,2598,28,12,2016,4,13,35,1,I-45,,32.37292222,-96.6435,12,7,1,1,0,1,1,1,1,0
48,2016483396,483396,1,1,0,1,1,201,3280,28,12,2016,4,6,33,6,WHEELER,SAN JACINTO,29.73316111,-95.3814,8,0,3,2,0,1,3,1,1,0
48,2016483397,483397,1,1,0,0,1,453,5325,28,12,2016,4,22,21,8,FM 1825,,30.44603611,-97.6502,1,0,1,1,0,4,2,1,1,0
48,2016483398,483398,2,2,0,0,2,303,0,29,12,2016,5,14,47,8,FM 2641,CR-1700,33.65036667,-101.957,12,6,2,2,0,1,1,1,1,1
48,2016483399,483399,2,2,0,0,2,309,7210,29,12,2016,5,11,40,8,FM 3476 BAGBY AVE,SL 340,31.49821111,-97.1642,12,6,2,2,0,1,1,1,1,0
48,2016483400,483400,1,1,0,0,1,257,2430,31,12,2016,7,23,0,8,FM 740 BOIS D'ARC ST,,32.72676944,-96.4844,42,0,1,1,0,4,2,10,1,0
48,2016483401,483401,1,1,0,0,2,479,3899,30,12,2016,6,2,29,3,SR-20 LOOP CUATRO VIENTOS RD,,27.474175,-99.4454,1,0,1,1,0,4,2,1,1,0
48,2016483402,483402,1,1,0,0,1,439,2450,31,12,2016,7,8,0,6,SILVER CREEK RD,,32.80474722,-97.5008,42,0,1,1,0,4,2,1,1,1
48,2016483403,483403,2,2,0,0,2,439,2450,1,7,2016,6,2,53,1,I-820,,32.79778611,-97.4419,12,7,18,1,0,1,3,10,1,0
48,2016483404,483404,2,2,0,0,2,167,3220,29,10,2016,7,17,51,8,FM 2004,,29.31322222,-95.0878,12,2,1,1,0,1,1,1,1,0
48,2016483405,483405,2,2,0,0,6,199,6380,24,11,2016,5,15,58,2,US-96,COOKS RD,30.32079722,-94.1774,12,6,2,2,0,1,1,1,1,0
48,2016483406,483406,1,1,0,0,2,453,0,11,12,2016,1,11,30,6,OASIS BLUFF DR,,30.41098056,-97.8701,1,0,1,1,0,4,1,10,1,0
48,2016483407,483407,2,2,0,0,2,179,0,16,12,2016,6,1,8,1,I-40,,35.18287778,-100.972,12,2,1,1,0,1,2,5,1,0
48,2016483408,483408,2,2,0,0,6,15,0,17,12,2016,7,10,40,3,SR-36,FM 331,29.8403,-96.171,12,6,2,2,0,1,1,1,2,0
48,2016483409,483409,1,1,0,0,2,157,0,18,12,2016,1,21,16,8,UA-90,,29.54229444,-95.9708,42,0,1,1,0,4,2,1,1,0
48,2016483410,483410,1,1,0,0,2,213,300,18,12,2016,1,22,50,3,SR-31H BUSINESS TYLER ST,,32.20579167,-95.8432,30,0,1,1,0,4,3,10,1,1
48,2016483411,483411,2,2,0,0,3,179,0,18,12,2016,1,0,14,1,I-40,,35.22673056,-100.596,12,2,1,1,0,1,2,1,1,0
48,2016483412,483412,1,1,0,0,1,245,0,20,12,2016,3,5,30,1,I-10,,29.91013056,-94.2954,35,0,1,1,0,4,2,1,1,0
48,2016483413,483413,2,2,0,0,2,185,175,22,12,2016,5,12,35,3,SR-90,,30.48393889,-95.9941,12,2,1,1,0,1,1,1,1,1
48,2016483414,483414,2,2,0,0,4,467,0,23,12,2016,6,8,22,8,FM 17,,32.65306944,-95.758,12,6,1,1,0,1,1,2,1,0
48,2016483415,483415,2,2,0,0,2,281,0,24,12,2016,7,3,59,2,US-281,,31.1167,-98.193,12,2,1,1,0,2,2,10,1,0
48,2016483416,483416,2,2,0,0,2,439,4965,24,12,2016,7,14,25,6,MID CITIES BLVD,,32.86172778,-97.211,12,6,1,1,0,1,1,10,1,0
48,2016483417,483417,1,1,0,0,2,485,7490,24,12,2016,7,22,41,8,BU-287/SCOTT AVE,,33.90127778,-98.4564,33,0,1,1,0,8,2,2,1,1
48,2016483418,483418,1,1,0,1,1,39,130,25,12,2016,1,1,53,6,DICKINSON RD,,29.42918333,-95.2368,8,0,1,1,0,1,2,1,1,1
48,2016483419,483419,1,1,0,1,1,209,9997,26,12,2016,2,19,52,8,FM 2001,,30.01448889,-97.7346,8,0,1,1,0,1,2,1,1,0
48,2016483420,483420,1,1,0,1,1,113,1730,27,12,2016,3,20,41,1,I-35/RL THORNTON FWY,,32.74985556,-96.8093,8,0,1,1,0,1,2,1,1,0
48,2016483422,483422,2,2,0,0,2,51,0,29,12,2016,5,18,42,8,FM 60,,30.36543056,-96.6476,12,2,1,1,0,1,5,1,2,2
48,2016483423,483423,2,2,0,0,2,199,0,29,12,2016,5,17,50,3,SR-327,,30.34485,-94.2478,12,2,1,1,0,1,2,1,1,0
48,2016483424,483424,1,1,0,0,1,113,1730,30,12,2016,6,5,30,7,I-30/TOM LANDRY,BECKLEY AVE,32.76876111,-96.8227,30,0,3,3,0,4,3,1,1,0
48,2016483425,483425,1,1,0,0,1,27,0,31,12,2016,7,1,11,4,CR-ELM GROVE RD,,30.98796111,-97.4651,1,0,1,1,0,4,2,10,1,0
48,2016483426,483426,1,1,0,1,1,113,1730,31,12,2016,7,0,51,6,COLORADO BLVD,BISHOP AVE,32.75933056,-96.8257,8,0,3,2,0,1,3,1,1,0
48,2016483427,483427,1,1,0,0,1,161,0,31,12,2016,7,12,22,3,SR-75,,31.62973056,-96.1517,42,0,1,1,0,4,1,1,1,0
48,2016483428,483428,1,1,0,0,1,221,2780,31,12,2016,7,1,39,8,FM 4/LIPAN HWY,,32.45705278,-97.8024,42,0,1,1,0,4,2,1,1,1
48,2016483429,483429,2,2,0,0,5,287,0,31,12,2016,7,10,16,2,US-77,,30.08685,-96.9154,12,6,1,1,0,4,1,2,2,0
48,2016483430,483430,1,1,0,0,1,467,0,31,12,2016,7,1,17,8,RM 2909,,32.45645,-95.8045,42,0,1,1,0,4,2,10,1,1
48,2016483431,483431,1,1,0,0,2,439,0,17,3,2016,5,20,9,4,CR-RENDON RD,,32.59940278,-97.2623,38,0,1,1,0,5,2,1,2,1
48,2016483432,483432,2,2,0,0,2,439,0,5,4,2016,3,23,50,4,CR-LEMONS RD,,32.58716389,-97.25,12,2,1,1,0,1,2,1,1,2
48,2016483433,483433,1,1,0,0,5,439,0,20,5,2016,6,14,48,8,RM 2871,,32.69822778,-97.499,35,0,1,1,0,4,1,1,1,0
48,2016483434,483434,2,2,0,0,3,439,0,11,7,2016,2,16,29,4,CR-HOPPER RD,CR-RENDON NEW HOPE RD,32.56890556,-97.233,12,6,2,2,0,1,1,1,1,0
48,2016483435,483435,1,1,0,1,2,453,330,14,9,2016,4,12,53,7,I-35,,30.31607778,-97.7071,8,0,1,1,0,1,1,10,1,0
48,2016483437,483437,2,2,0,0,3,233,780,18,11,2016,6,17,16,3,SR-136 WILSON,ROOSEVELT ST,35.65723889,-101.412,12,2,2,3,0,1,1,1,1,0
48,2016483438,483438,1,1,0,0,3,229,0,20,11,2016,1,18,30,1,I-10,,31.16889722,-105.335,57,0,1,1,0,3,2,1,1,0
48,2016483439,483439,3,2,1,0,3,367,7280,23,11,2016,4,19,51,8,FM 51,BRIDGE ST,32.76148889,-97.7973,12,6,2,2,0,1,3,1,1,0
48,2016483440,483440,1,1,0,0,1,73,0,28,11,2016,2,6,30,8,FM 235,,31.98065833,-95.0766,42,0,1,1,0,4,4,2,1,0
48,2016483441,483441,2,2,0,0,5,157,5970,31,12,2016,7,3,10,2,US-59/SOUTHWEST FWY,COTTON WOOD CHURCH RD,29.532325,-95.8602,12,6,2,3,1,1,3,1,2,0
48,2016483442,483442,1,1,0,1,1,201,3280,14,12,2016,4,17,40,6,BRAESWOOD BLVD,,29.67698889,-95.5026,8,0,1,1,0,4,2,1,1,0
48,2016483443,483443,1,1,0,0,1,225,0,15,12,2016,5,14,20,8,FM 357,,31.32575,-95.1156,42,0,1,1,0,4,1,1,1,0
48,2016483444,483444,1,1,0,0,2,113,2590,16,12,2016,6,23,32,6,CENTERVILLE RD,,32.89611944,-96.6007,39,0,1,1,0,4,2,2,1,1
48,2016483445,483445,1,1,0,0,1,473,910,20,12,2016,3,15,5,1,I-10,,29.77905556,-95.9597,52,0,1,1,0,4,1,1,1,0
48,2016483446,483446,1,1,0,1,2,159,4760,22,12,2016,5,19,51,3,SR-37/TOM RAMSEY HWY,,33.18095,-95.2333,8,0,1,1,0,1,2,1,1,0
48,2016483447,483447,1,1,0,1,1,477,1287,23,12,2016,6,22,10,2,US-290,,30.13538889,-96.2576,8,0,1,1,0,1,2,10,1,0
48,2016483448,483448,2,2,0,0,6,113,2590,25,12,2016,1,3,33,6,FOREST LN,SHILOH RD,32.90913611,-96.6653,12,1,3,2,0,1,3,10,1,1
48,2016483449,483449,1,1,0,0,1,83,0,27,12,2016,3,1,20,3,SR-206,,31.92883056,-99.3173,59,0,1,1,0,4,2,1,1,0
48,2016483450,483450,2,2,0,0,2,29,6090,28,12,2016,4,12,41,6,WEST AVE,WAYSIDE DR,29.50205,-98.5259,12,1,3,3,0,1,1,1,1,0
48,2016483451,483451,1,1,0,1,1,201,3280,28,12,2016,4,19,2,1,I-69/US-59 EASTEX FWY,,29.83074167,-95.3353,8,0,1,1,0,1,2,1,1,0
48,2016483452,483452,1,1,0,0,1,201,3280,28,12,2016,4,19,27,6,KEMPWOOD DR,,29.82184444,-95.5252,43,0,1,1,0,4,3,1,1,1
48,2016483453,483453,2,1,1,2,2,39,0,30,12,2016,6,5,27,3,SR-288B BUSINESS,,29.09044167,-95.4147,8,0,1,1,0,1,2,1,1,0
48,2016483455,483455,1,1,0,0,1,483,0,30,12,2016,6,6,35,8,FM 592,CR-U,35.31378889,-100.202,59,0,1,1,0,4,3,1,1,0
48,2016483456,483456,1,1,0,0,2,109,7140,31,12,2016,7,15,35,1,I-10 D BUSINESS BROADWAY ST,,31.03748056,-104.842,30,0,1,1,0,4,1,10,1,0
48,2016483457,483457,1,1,0,1,2,113,4530,31,12,2016,7,1,10,7,I-30,,32.82832222,-96.6217,8,0,1,1,0,1,2,10,1,0
48,2016483458,483458,1,1,0,1,1,135,0,31,12,2016,7,1,55,4,CR-GOLDER AVE,,31.89346944,-102.397,8,0,1,1,0,1,2,1,1,0
48,2016483459,483459,1,1,0,0,1,139,0,31,12,2016,7,22,0,3,SR-34,,32.41401111,-96.4725,53,0,1,1,0,4,1,1,1,1
48,2016483460,483460,2,2,0,0,2,309,0,28,12,2016,4,14,10,8,FM 2837,,31.452825,-97.259,12,2,1,1,0,1,1,1,2,0
48,2016483461,483461,1,1,0,1,1,201,0,13,11,2016,1,1,35,8,FM 2920,,30.06565278,-95.8722,8,0,1,1,0,1,3,10,1,0
48,2016483462,483462,1,1,0,0,1,201,0,18,11,2016,6,0,17,4,CR-SPRING CYPRESS RD,,30.03086389,-95.5569,30,0,1,1,0,4,2,1,1,1
48,2016483463,483463,2,2,0,0,6,201,0,2,12,2016,6,17,1,4,CR-ELDRIDGE PKWY,TRADERS VILLAGE DR,29.8925,-95.6063,12,6,2,2,0,1,5,2,2,0
48,2016483464,483464,2,2,0,0,3,227,640,2,12,2016,6,15,26,8,FM 700 MARCY DR,,32.23224167,-101.463,12,6,8,1,0,1,1,2,1,0
48,2016483465,483465,1,1,0,0,3,227,0,19,12,2016,2,15,30,7,I-20,US-87,32.22784167,-101.545,24,0,3,3,0,4,1,1,1,0
48,2016483467,483467,1,1,0,0,1,237,0,26,12,2016,2,6,0,3,SR-59,,33.29881667,-98.0735,42,0,1,1,0,4,2,1,1,0
48,2016483468,483468,1,1,0,1,1,157,0,28,12,2016,4,1,38,2,US-59,,29.55659722,-95.7129,8,0,18,1,1,1,2,5,1,0
48,2016483469,483469,1,1,0,0,2,133,0,23,12,2016,6,3,9,3,SR-206,,32.35909167,-99.0088,43,0,1,1,0,4,2,1,1,0
48,2016483470,483470,1,1,0,0,1,329,0,31,12,2016,7,18,5,8,FM 3095,,31.68154167,-101.874,11,0,1,1,0,1,2,1,1,0
48,2016483471,483471,2,2,0,0,3,453,330,22,11,2016,3,19,32,2,US-290,,30.33943611,-97.5925,12,1,18,1,0,1,3,10,2,0
48,2016483472,483472,1,1,0,1,2,29,6090,22,12,2016,5,6,50,6,RANDOLPH BLVD,,29.54033056,-98.37,8,0,1,1,0,1,2,1,1,0
48,2016483473,483473,1,1,0,0,1,439,2450,27,2,2016,7,20,12,6,UNIVERSITY DR,,32.76629167,-97.3606,33,0,1,1,0,3,3,1,1,0
48,2016483474,483474,2,2,0,0,7,139,9997,27,10,2016,5,14,33,2,US-287,SR-360,32.52376389,-97.0861,12,1,2,3,0,1,1,1,1,0
48,2016483475,483475,2,2,0,0,2,453,330,7,12,2016,4,8,22,7,SR-71,SR-130,30.19532222,-97.6244,12,6,2,2,1,1,1,10,1,0
48,2016483476,483476,1,1,0,0,4,481,0,26,12,2016,2,12,5,2,US-59,,29.40588333,-96.0658,42,0,1,1,0,4,1,10,1,0
48,2016483477,483477,4,4,0,0,5,453,330,13,10,2016,5,8,39,2,US-290,,30.23595278,-97.8273,12,1,20,1,0,1,1,10,1,0
48,2016483478,483478,1,1,0,1,1,453,330,6,11,2016,1,20,40,6,WAGON TRL,,30.37767778,-97.6896,8,0,1,1,0,1,2,10,1,0
48,2016483479,483479,1,1,0,1,1,351,4900,26,11,2016,7,19,34,2,US-190,DAVISON ST,30.82178889,-93.7327,8,0,1,1,0,1,2,1,1,0
48,2016483480,483480,1,1,0,1,1,49,950,17,12,2016,7,15,15,6,6TH ST,,31.70268333,-98.9823,8,0,1,1,0,1,1,10,1,1
48,2016483481,483481,1,1,0,1,1,453,330,21,12,2016,4,16,13,8,SL 275 CONGRESS AVE,LITTLE TEXAS LN,30.20248889,-97.7755,8,0,2,3,0,1,1,1,1,0
48,2016483482,483482,1,1,0,1,4,355,1550,24,12,2016,7,20,2,8,FM 2444/STAPLES ST,,27.67271667,-97.392,8,0,1,1,0,1,3,1,1,0
48,2016483484,483484,1,1,0,0,1,201,3280,17,12,2016,7,4,5,6,BISSONNET ST,,29.689925,-95.5025,42,0,1,1,0,4,3,10,1,1
48,2016483485,483485,1,1,0,0,2,113,2010,2,8,2016,3,2,22,1,I-20 LBJ FWY,,32.66468056,-96.906,25,0,19,1,0,4,3,1,1,1
48,2016483486,483486,2,2,0,0,2,439,0,10,10,2016,2,16,28,8,FM 1187,,32.56650833,-97.4363,12,6,1,1,0,1,1,1,2,0
48,2016483487,483487,3,3,0,0,5,113,4530,24,12,2016,7,6,56,1,I-20,,32.70366389,-96.5716,12,1,18,1,0,1,2,5,1,0
48,2016483488,483488,2,2,0,0,2,439,2450,9,10,2016,1,13,46,6,GARDEN ACRES DR,OAK GROVE RD,32.59919722,-97.3087,1,0,2,3,0,1,1,1,1,0
48,2016483489,483489,1,1,0,1,1,39,5249,13,11,2016,1,5,8,3,SR-35 MAIN ST,,29.54009722,-95.2727,8,0,1,1,0,1,2,10,1,0
48,2016483490,483490,1,1,0,0,2,201,1790,25,11,2016,6,3,11,6,SAN AUGUSTINE ST,,29.68996111,-95.1002,58,0,1,1,0,1,3,1,1,0
48,2016483491,483491,2,2,0,2,3,397,6010,2,12,2016,6,20,39,1,I-30,,32.94008056,-96.3729,8,0,1,1,0,1,2,2,1,0
48,2016483492,483492,1,1,0,1,1,201,0,13,12,2016,3,1,5,8,FM 1960,,30.02608889,-95.4061,8,0,18,1,0,1,2,10,1,0
48,2016483493,483493,1,1,0,0,4,453,9997,30,10,2016,1,3,18,6,LOHMAN FORD RD,,30.4455,-97.9804,42,0,1,1,0,4,2,1,2,1
48,2016483495,483495,2,2,0,0,2,167,6213,20,12,2016,3,10,48,8,FM 1764,,29.39143333,-95.0722,12,1,1,1,0,1,1,1,1,0
48,2016483496,483496,1,1,0,1,2,439,0,24,12,2016,7,16,2,8,FM 730,PORTWOOD RD,32.97943611,-97.5435,9,0,2,2,0,1,1,1,1,0
48,2016483497,483497,1,1,0,1,1,215,4650,22,12,2016,5,6,28,6,BRYAN RD,,26.23649167,-98.306,8,0,1,1,0,1,2,5,1,0
48,2016483498,483498,1,1,0,0,1,439,2450,24,12,2016,7,17,6,1,I-35 SOUTH FWY,,32.73991111,-97.3201,20,0,5,1,0,8,3,1,1,0
48,2016483499,483499,2,2,0,0,2,201,3280,11,10,2016,3,8,10,8,SS 261 SHEPHERD DR,DONOVAN,29.84412778,-95.411,12,6,2,2,0,1,1,99,1,0
48,2016483500,483500,3,1,2,1,1,239,2120,1,11,2016,3,12,36,2,US-59,,28.98433611,-96.6555,14,0,1,1,0,3,1,2,1,0
48,2016483501,483501,2,2,0,0,2,215,114,2,12,2016,6,3,0,3,SR-107,,26.27382778,-98.3158,12,99,1,1,0,1,3,1,1,1
48,2016483502,483502,2,2,0,0,3,31,670,17,12,2016,7,0,34,2,US-281,,30.09018889,-98.4222,12,2,1,1,0,1,2,1,1,1
48,2016483503,483503,2,2,0,0,3,181,7450,21,12,2016,4,0,55,2,US-82,,33.66969722,-96.9106,12,6,8,1,0,1,3,1,1,0
48,2016483504,483504,1,1,0,0,1,29,6090,2,1,2016,7,23,30,6,NEW SULPHUR SPGS,,29.37171667,-98.3924,42,0,1,1,0,4,2,2,1,0
48,2016483505,483505,1,1,0,0,1,453,330,1,3,2016,3,7,0,6,SPRINGDALE RD,,30.28917222,-97.6805,42,0,1,1,0,4,1,10,1,0
48,2016483506,483506,1,1,0,0,1,167,2570,12,5,2016,5,10,59,6,HEARDS LN,,29.27920556,-94.832,42,0,1,1,0,4,1,1,1,0
48,2016483508,483508,2,2,0,0,2,61,3030,30,8,2016,3,1,40,3,SR-499 LOOP,GRIMES AVE,26.20521944,-97.6631,12,1,2,2,0,1,3,1,1,1
48,2016483509,483509,1,1,0,0,1,113,1539,5,10,2016,4,21,6,6,AIRLINE DR,,32.94365278,-97.0079,1,0,1,1,0,1,2,1,1,1
48,2016483510,483510,2,2,0,0,3,53,2834,7,10,2016,6,15,25,8,RM 1431,HA BARNATT,30.60529167,-98.3709,12,6,2,2,0,1,1,10,1,0
48,2016483511,483511,1,1,0,1,1,21,6430,3,11,2016,5,21,3,3,SR-71,,29.98308611,-97.1152,8,0,1,1,0,1,2,2,1,0
48,2016483512,483512,2,2,0,0,2,479,3899,28,11,2016,2,22,5,6,MCPHERSON RD,TAYLOR ST,27.53693056,-99.4843,12,6,2,2,0,1,3,1,1,0
48,2016483513,483513,8,3,5,0,5,201,0,9,12,2016,6,11,40,4,CR-VETERANS MEMORIAL DR,CR-GREENS RD,29.94846667,-95.4685,12,7,2,3,0,1,1,1,1,0
48,2016483514,483514,2,2,0,0,2,201,0,10,12,2016,7,5,15,4,CR-TELGE RD,,30.01793889,-95.6544,12,6,1,1,0,1,3,1,1,1
48,2016483515,483515,1,1,0,1,1,201,0,10,12,2016,7,18,0,3,SR-249 TOMBALL PKWY,CR-SMILING WOOD LN,29.91592222,-95.4875,8,0,2,2,0,1,3,10,1,0
48,2016483516,483516,2,2,0,2,2,201,0,16,12,2016,6,2,14,3,SR-249,,29.92380556,-95.4991,8,0,1,1,0,1,2,1,1,0
48,2016483517,483517,3,3,0,0,4,29,6090,19,12,2016,2,14,10,6,MCCULLOUGH AVE,,29.49398889,-98.4917,12,1,1,1,0,1,1,1,1,0
48,2016483518,483518,1,1,0,1,1,201,0,20,12,2016,3,21,45,4,CR-FURAY RD,,29.88550556,-95.2658,8,0,1,1,0,1,2,1,1,0
48,2016483519,483519,1,1,0,0,1,201,0,24,12,2016,7,23,55,1,I-45 NORTH FWY,,30.02995278,-95.4293,26,0,1,1,0,10,3,10,1,1
48,2016483520,483520,1,1,0,0,2,201,0,25,12,2016,1,1,14,4,CR-BREEN DR,,29.89881111,-95.5065,34,0,1,1,0,4,2,10,1,1
48,2016483521,483521,1,1,0,0,5,21,6430,30,12,2016,6,12,33,3,SR-71,,30.02413056,-97.1538,24,0,1,1,0,3,1,1,1,0
48,2016483522,483522,1,1,0,0,1,29,6090,22,7,2016,6,3,1,1,I-10,,29.48829722,-98.222,57,0,19,1,0,3,2,1,1,0
48,2016483523,483523,1,1,0,0,1,29,4015,22,10,2016,7,2,36,3,SR-218 PAT BOOKER RD,,29.56349444,-98.3394,33,0,1,1,0,4,3,1,1,0
48,2016483524,483524,1,1,0,0,5,347,0,27,11,2016,1,12,5,2,US-259,,31.84095,-94.6815,35,0,1,1,0,4,1,1,1,0
48,2016483525,483525,2,2,0,0,6,209,990,23,10,2016,1,5,45,1,I-35,,30.03436667,-97.8462,12,7,1,1,0,1,2,1,1,1
48,2016483526,483526,2,2,0,0,3,439,2450,16,12,2016,6,22,0,4,CR-CROWLEY RD,,32.63042222,-97.3486,12,1,1,1,0,1,3,1,1,1
48,2016483527,483527,2,2,0,0,3,439,2450,19,6,2016,1,2,10,1,I-20 SOUTHEAST LOOP 820,,32.66943056,-97.3036,12,1,1,1,0,1,3,1,1,1